L.p.;NUMER;PYTANIE;ODP1;ODP2;ODP3;ODP4
1;PL010-0001;Członkowie załogi mają zakaz wnoszenia na pokład statku powietrznego:;Broni palnej, broni gazowej i materiałów wybuchowych;Broni palnej i materiałów wybuchowych;Broni gazowej i materiałów wybuchowych;Broni palnej i broni gazowej
2;PL010-0002;Do czego jest zobowiązany dowódca statku powietrznego?;Do zapewnienia bezpieczeństwa statkowi powietrznemu i wykonywania lotu zgodnie z przepisami;Do wykonywania lotu zgodnie z przepisami;Do ubezpieczenia statku powietrznego;Do zapewnienia bezpieczeństwa statkowi powietrznemu
3;PL010-0003;Do lotniska dolatuje statek powietrzny bez łączności. Aby ostrzec pilota, że lotnisko nie jest bezpieczne i nie należy na nim lądować, informator AFIS nada sygnał świetlny:;Serię błysków czerwonych;Serię błysków białych;Ciągły sygnał czerwony;Serią błysków zielonych
4;PL010-0004;Dostępność przestrzeni powietrznej może być czasowo ograniczona ze względu na:;Obronność państwa i bezpieczeństwo publiczne;Warunki pogodowe;Bezpieczeństwo publiczne;Obronność państwa
5;PL010-0005;Kiedy ustaje obowiązek pomocy, spoczywający na dowódcy statku powietrznego który spostrzegł inny statek powietrzny lub morski, który uległ wypadkowi lub znalazł się w niebezpieczeństwie ?;Gdy dowódca wie, że ktoś inny udziela pomocy w podobnych lub lepszych warunkach, niż on sam mógłby udzielić;Tego rodzaju obowiązek nigdy nie ustaje;Gdy zgodę wyrazi Prezes ULC;Gdy zgodzę wyrazi minister właściwy do spraw transportu
6;PL010-0006;Kiedy ustaje obowiązek pomocy, spoczywający na dowódcy statku powietrznego który zauważył katastrofę lub klęskę żywiołową?;Gdy dowódca wie, że ktoś inny udziela pomocy w podobnych lub lepszych warunkach, niż on sam mógłby udzielić;Tego rodzaju obowiązek nigdy nie ustaje;Gdy zgodę wyrazi Prezes ULC;Gdy zgodzę wyrazi minister właściwy do spraw transportu
7;PL010-0007;Kto może wprowadzić zakazy lub ograniczenia lotów nad obszarem całego państwa albo jego część na czas dłuższy niż 3 miesiące?;Minister właściwy do spraw transportu w porozumieniu z Ministrem Obrony Narodowej ministrami właściwymi do spraw wewnętrznych oraz środowiska;Prezes ULC;Minister właściwy do spraw transportu;Minister właściwy do spraw transportu w porozumieniu z Prezesem ULC
8;PL010-0009;W czasie lotów zabrania się dokonywania wszelkich zrzutów ze statku powietrznego z wyjątkiem zrzutów dokonywanych na potrzeby?;Poszukiwania i ratownictwa oraz służby zdrowia;Służby zdrowia;Ochrony granic;Tylko poszukiwania i ratownictwa
9;PL010-0010;W jakim celu jest ustanowiona służba kontroli ruchu lotniczego?;W celu zapobiegania kolizjom podczas lotu statków powietrznych z innymi statkami powietrznymi oraz utrzymywania uporządkowanego przepływu ruchu lotniczego;W celu udzielania wskazówek i informacji użytecznych dla bezpiecznego i sprawnego wykonywania lotów;W celu zapewniania załogom statków powietrznych niezbędnych danych meteorologicznych;W celu zawiadamiania organów systemu poszukiwania i ratownictwa o statkach powietrznych potrzebujących pomocy i współdziałania z tymi organami
10;PL010-0011;W jakim celu ustanowiono służbę informacji lotniczej?;W celu udzielania wskazówek i informacji użytecznych dla bezpiecznego i sprawnego wykonywania lotów;W celu zapewnienia załogom statków powietrznych niezbędnych danych meteorologicznych;W celu zapewnienia pomocy statkom powietrznym w niebezpieczeństwie;W celu optymalizacji natężenia ruchu lotniczego
11;PL010-0013;Z wyjątkiem sytuacji, gdy jest to konieczne ze względu na start lub lądowanie lub gdy uzyskano zezwolenie właściwego organu, lot VFR nie jest wykonywany nad gęstą zabudową dużych miast, miasteczek, osiedli lub nad zgromadzeniem osób na wolnym powietrzu na wysokości względnej mniejszej niż 300 m (1 000 ft) nad najwyższą przeszkodą znajdującą się w promieniu:;600 m od statku powietrznego;300 m od statku powietrznego;500 m od statku powietrznego;650 m od statku powietrznego
12;PL010-0014;ADIZ jest to:;Strefa identyfikacji obrony powietrznej;Trasa lotnicza umożliwiająca przeloty pomiędzy TSA i lub TRA;Wojskowa strefa kontrolowana lotniska;Rejon lotów po obu stronach granicy państwa będący rejonem czasowo wydzielonym, ustanowionym ze względu na szczególne wymogi operacyjne
13;PL010-0015;AMC jest to:;Ośrodek Zarządzania Przestrzenią Powietrzną;Ośrodek Zarządzania Przepływem Ruchu Lotniczego;Zarządzanie ruchem lotniczym;Plan użytkowania przestrzeni powietrznej
14;PL010-0016;ARP, wg ICAO, jest to:;Punkt odniesienia lotniska;Najwyższe wzniesienie lotniska;Współrzędne drogi startowej;Wysokość elewacji progu pasa startowego
15;PL010-0017;ATM jest to:;Zarządzanie ruchem lotniczym;Ośrodek Zarządzania Przepływem Ruchu Lotniczego;Plan użytkowania przestrzeni powietrznej;Rejon kontrolowany lotniska
16;PL010-0018;ATZ jest to:;Strefa ruchu lotniskowego;Strefa identyfikacji obrony powietrznej;Wojskowa strefa ruchu lotniskowego;Obszar kontrolowany
17;PL010-0019;AUP jest to:;Plan użytkowania przestrzeni powietrznej;Stała trasa lotnictwa wojskowego;Ośrodek Zarządzania Przestrzenią Powietrzną Agencji ruchu Lotniczego;Ośrodek Zarządzania Przepływem Ruchu Lotniczego
18;PL010-0020;Kto podlega badaniom lotniczo- lekarskim?;Członkowie personelu lotniczego i członkowie personelu pokładowego;Członkowie personelu pokładowego;Członkowie personelu lotniczego;Pracownicy biurowi w liniach lotniczych
19;PL010-0021;CBA jest to:;Rejon lotów po obu stronach granicy państwa będący rejonem czasowo wydzielonym, ustanowionym ze względu na szczególne wymogi operacyjne;Trasa lotnicza umożliwiająca przeloty pomiędzy TSA i lub TRA;Strefa identyfikacji obrony powietrznej;Wojskowa strefa ruchu lotniskowego
20;PL010-0022;CTA jest to:;Obszar kontrolowany;Strefa identyfikacji obrony powietrznej;Rejon lotów po obu stronach granicy państwa będący rejonem czasowo wydzielonym, ustanowionym ze względu na szczególne wymogi operacyjne;Strefa kontrolowana lotniska
21;PL010-0023;CTR jest to:;Strefa kontrolowana lotniska;Strefa identyfikacji obrony powietrznej;Wojskowa strefa ruchu lotniskowego;Rejon kontrolowany lotniska
22;PL010-0026;Posiadacz licencji w przypadku rozpoczęcia regularnego przyjmowania leku:;Powinien zasięgnąć porady lotniczo-lekarskiej;Powinien zawiesić licencję;Nie powinien wykonywać czynności personelu lotniczego;Utraci licencję
23;PL010-0027;Kto jest członkiem personelu lotniczego?;Posiadacz PPL;Personel pokładowy;Posiadacz świadectwa dopuszczenia do pracy;Posiadacz PPL i personel pokładowy
24;PL010-0028;W przypadku wszystkich lotów w przestrzeni powietrznej klasy „C”:;Wszystkie loty statków powietrznych są wykonywane z zapewnieniem służb kontroli ruchu lotniczego, a także wymagana jest wobec nich ciągła łączność foniczna powietrze-ziemia;Wszystkie loty statków powietrznych są wykonywane z zapewnieniem służb kontroli ruchu lotniczego;Wymagana jest wobec nich ciągła łączność foniczna powietrze-ziemia;Dozwolone są wyłącznie loty IFR
25;PL010-0029;Członkowie załogi statku powietrznego mogą stosować wyłącznie środki przymusu:;Odpowiadające potrzebom wynikającym z istniejącej sytuacji i niezbędne do osiągnięcia podporządkowania poleceniom i decyzjom dowódcy;Niezbędne do osiągnięcia podporządkowania poleceniom i decyzjom dowódcy;Tylko po wylądowaniu statku powietrznego;Odpowiadające potrzebom wynikającym z istniejącej sytuacji
26;PL010-0030;Czy członek personelu lotniczego może wykonywać loty i inne czynności lotnicze w przypadku utraty wymaganej sprawności psychicznej i fizycznej?;Nie ma takiej możliwości;Tak, ale tylko do miesiąca od utraty sprawności psychicznej i fizycznej;Tak, ale tylko za zezwoleniem Prezesa ULC;Tak, ale tylko za zezwoleniem ministra właściwego do spraw transportu
27;PL010-0031;Czy dowódca statku powietrznego który otrzymał sygnał o niebezpieczeństwie grożącym innemu statkowi powietrznemu lub morskiemu obowiązany jest udzielić znajdującym się w niebezpieczeństwie pomocy?;Tak, ale tylko w zakresie, w jakim może to uczynić bez narażenia na niebezpieczeństwo powierzonego mu statku powietrznego, pasażerów, załogi lub innych osób;Nie, dowódca statku powietrznego nie ma takiego obowiązku;Tak, ma obowiązek udzielić pomocy;Tak, ma obowiązek udzielić pomocy ale tylko jeżeli sygnał pochodzi z terytorium nie objętego żadną zwierzchnością państwową
28;PL010-0032;Czy dowódca statku powietrznego który spostrzegł statek powietrzny lub morski, który uległ wypadkowi lub znalazł się w niebezpieczeństwie obowiązany jest udzielić znajdującym się w niebezpieczeństwie pomocy?;Tak, ale tylko w zakresie, w jakim może to uczynić bez narażenia na niebezpieczeństwo powierzonego mu statku powietrznego, pasażerów, załogi lub innych osób;Nie, dowódca statku powietrznego nie ma takiego obowiązku;Tak, ma obowiązek udzielić pomocy;Tak, ma obowiązek udzielić pomocy ale tylko jeżeli sygnał pochodzi z terytorium nie objętego żadną zwierzchnością państwową
29;PL010-0033;Czy dowódca statku powietrznego który zauważył katastrofę lub klęskę żywiołową obowiązany jest udzielić znajdującym się w niebezpieczeństwie pomocy?;Tak, ale tylko w zakresie, w jakim może to uczynić bez narażenia na niebezpieczeństwo powierzonego mu statku powietrznego, pasażerów, załogi lub innych osób;Nie, dowódca statku powietrznego nie ma takiego obowiązku;Tak, ma obowiązek udzielić pomocy;Tak, ma obowiązek udzielić pomocy ale tylko jeżeli sygnał pochodzi z terytorium nie objętego żadną zwierzchnością państwową
30;PL010-0034;Czy dowódca statku powietrznego który zauważył osobę znajdującą się na morzu w niebezpieczeństwie utraty życia obowiązany jest udzielić znajdującemu się w niebezpieczeństwie pomocy?;Tak, ale tylko w zakresie, w jakim może to uczynić bez narażenia na niebezpieczeństwo powierzonego mu statku powietrznego, pasażerów, załogi lub innych osób;Nie, dowódca statku powietrznego nie ma takiego obowiązku;Tak, ma obowiązek udzielić pomocy;Tak, ma obowiązek udzielić pomocy ale tylko jeżeli sygnał pochodzi z terytorium nie objętego żadną zwierzchnością państwową
31;PL010-0035;Czy egzamin państwowy praktyczny podlega opłacie?;Tak;Tak ale tylko w przypadku kiedy odbywa się poza Warszawą;Nie podlega opłacie;Tak, ale tylko kiedy jest to egzamin poprawkowy
32;PL010-0036;Czy egzamin państwowy teoretyczny podlega opłacie?;Tak;Tak ale tylko w przypadku kiedy odbywa się poza Warszawą;Nie podlega opłacie;Tak, ale tylko kiedy jest to egzamin poprawkowy
33;PL010-0037;Czy licencja wydana lub potwierdzona przez właściwy organ obcego państwa może być w Rzeczypospolitej Polskiej uznana za ważną na równi z licencją polską?;Tak jeżeli wynika to z umowy międzynarodowej;Nie ma takiej możliwości;Tak jeżeli obca licencja ma taki sam wygląd jak polska;Tak jeżeli zezwoli na to minister właściwy do spraw transportu
34;PL010-0038;FSTD oznacza:;Szkoleniowe urządzenie symulacji lotu;Zatwierdzona organizacja szkolenia lotniczego;Standard lotniczy;Gotowość do lotu
35;PL010-0039;Czy na statku powietrznym wykonującym loty z załogą musi być wyznaczony dowódca statku powietrznego?;Tak, zawsze;Nie, nie ma takiej potrzeby;Dowódcą jest członek załogi o najwyższych kwalifikacjach;Tak, ale tylko w przypadku lotów komercyjnych
36;PL010-0040;Czy Prezes ULC może upoważnić pracowników ULC do wydawania, odmawiania wydania, uznawania, zawieszania uznania, przywracania uznania, odmawiania uznania, cofania uznania, cofania, zawieszania, przywracania i zmieniania licencji?;Tak;Tak ale tylko za zgodą ministra właściwego do spraw transportu;Nie ma takiej możliwości;Tak ale tylko w przypadku własnej choroby
37;PL010-0041;Gdzie musi być wyznaczony kierownik szkolenia?;W ATO;W AWC;W AOC;W AHAC
38;PL010-0042;Czy w decyzji o zawieszeniu licencji lub uprawnienia lotniczego wpisywanego do licencji określa się okres zawieszenia?;Tak;Nie;Tak, jeżeli okres zawieszenia jest dłuższy niż 3 miesiące;Tak, jeżeli okres zawieszenia jest dłuższy niż 6 miesięcy
39;PL010-0044;Czy w przypadku kiedy statek powietrzny przekroczył granicę państwową bez wymaganego zezwolenia lub niezgodnie z warunkami zezwolenia, państwowe organy zarządzania ruchem lotniczym mogą wezwać statek powietrzny do wylądowania na wskazanym lotnisku lub mogą wezwać do wykonania innych poleceń tych organów?;Tak, ale bez narażania na niebezpieczeństwo osób będących na pokładzie tego statku powietrznego;Tak, w każdym przypadku bez względu na konsekwencje;Nie, nie mogą;Mogą ale tylko po zezwoleniu dzielonym przez Prezesa ULC
40;PL010-0045;Czy w przypadku kiedy statek powietrzny wykonuje lot wbrew zakazom lub ograniczeniom ustalonym w danych przestrzeniach powietrznych, państwowe organy zarządzania ruchem lotniczym mogą, wezwać statek powietrzny do wylądowania na wskazanym lotnisku lub mogą wezwać do wykonania innych poleceń tych organów?;Tak, ale bez narażania na niebezpieczeństwo osób będących na pokładzie tego statku powietrznego;Mogą ale tylko po zatwierdzedniu udzielonym przez ministra właściwego do spraw transportu;Tak, w każdym przypadku bez względu na konsekwencje;Mogą ale tylko po zezwoleniu dzielonym przez Prezesa ULC
41;PL010-0046;Czy w skład komisji którą powołuje Naczelny Lekarz Lotnictwa Cywilnego w celu zbadania zasadności odwołania od orzeczenia lotniczo- lekarskiego mogą wchodzić specjaliści biorący udział w badaniach na podstawie których wydano zaskarżone orzeczenie lotniczo- lekarskie?;Nie jest to możliwe;Jest to możliwe po zgodzie Ministra Zdowia;Jest to możliwe pod warunkiem złożenia uzasadnienia takiego stanu rzeczy przed Prezesem ULC;Jest to możliwe
42;PL010-0047;Czym jest licencja?;Jest świadectwem stwierdzającym posiadanie określonych kwalifikacji oraz dowodem upoważnienia do wykonywania określonych czynności lotniczych;Jest to dokument określający możliwość wykonywania lotów statkiem powietrznym;Jest to potwierdzenie, że posiadacz dokumentu może wykonywać loty statkiem powietrznym;Jest to dokument określający możliwość posiadania określonych kwalifikacji i określający możliwość wykonywania lotów statkiem powietrznym
43;PL010-0048;Przez kogo powienien zostać wpisany statek powietrzny do rejestru statków powietrznych?;Przez Prezesa Urzędu Lotnictwa Cywilnego;Przez Ministra Infrastruktury;Przez Ministra Transportu;Przez Ministra Komunikacji
44;PL010-0049;Do czego jest zobowiązany członek personelu lotniczego, który jest świadomy utraty sprawności fizycznej lub psychicznej wymaganej do wykonywania swoich funkcji?;Do natychmiastowego poddania się badaniom lotniczo-lekarskim;Do poinformowania o tym Prezesa ULC;Do poinformowania o tym Ministra właściwego do spraw transportu;Do zawieszenia licencji
45;PL010-0050;Do kogo może odwołać się osoba zainteresowana od orzeczenia komisji lekarskiej centrum medycyny lotniczej?;Do Naczelnego Lekarza Lotnictwa Cywilnego;Tylko do Prezesa ULC;Wyłącznie do ministra właściwego do spraw transportu;Do przewodniczącego danej komisji lekarskiej centrum medycyny lotniczej
46;PL010-0051;Jaki jest termin na złożenie odwołania od orzeczenia lotniczo- lekarskiego?;14 dni;7 dni;30 dni;60 dni
47;PL010-0052;Do lotniska dolatuje statek powietrzny bez łączności. Aby wydać temu statkowi zezwolenia na lądowanie, informator AFIS nada sygnał świetlny:;Ciągły sygnał zielony;Serię błysków czerwonych;Ciągły sygnał czerwony;Serią błysków zielonych
48;PL010-0053;Do lotniska dolatuje statek powietrzny bez łączności. Pilot dostrzegł nadaną z miejsca kierowania lotami w jego kierunku serię błysków czerwonych. Oznacza to, że:;Lotnisko nie jest bezpieczne, nie lądować;Zezwala się lądować;Należy lądować na tym lotnisku i kołować do płyty postojowej;Płyta postojowa zajęta
49;PL010-0054;Do lotniska dolatuje statek powietrzny bez łączności. Pilot dostrzegł nadany z miejsca kierowania lotami w jego kierunku ciągły sygnał zielony. Oznacza to, że:;Zezwala się lądować;Lotnisko nie jest bezpieczne, nie lądować;Należy dać pierwszeństwo drogi innym statkom powietrznym i kontynuować okrążenie;Należy lądować na tym lotnisku i kołować do płyty postojowej
50;PL010-0056;Dolna granica drogi lotniczej powinna być ustalona na wysokości nad terenem nie mniejszej niż:;200 m;900 m;600m;FL55
51;PL010-0057;Dolna granica strefy kontrolowanej lotniska powinna się znajdować:;Na powierzchni terenu;Na elewacji lotniska;Nie niżej niż 560 m AMSL;Nie niżej niż 200 m AGL
52;PL010-0058;Dolna granica TMA powinna znajdować się:;Nie niżej niż 200 m AGL;Na powierzchni terenu;Nie niżej niż 560 m AMSL;Nie niżej niż 900 m AGL
53;PL010-0059;Elewacja lotniska jest to:;Wzniesienie nad średni poziom morza najwyższego punktu terenowego na polu wzlotów;Średnie wzniesienie lotniska n.p.m;Elewacja najwyższego punktu na lotnisku;Elewacja najniższego progu drogi startowej
54;PL010-0061;Gdzie zostało ustanowione ICAO?;Na konferencji chicagowskiej;Na konferencji warszawskiej;Na konferencji paryskiej;Na konferencji montrealskiej
55;PL010-0062;Jaką licencję uważamy za ważną?;Licencję wydaną przez Prezesa ULC lub licencję wydaną przez właściwy organ obcego państwa i uznaną przez Prezesa ULC, chyba że uznanie nie jest wymagane;Licencję w której znajduje się zdjęcie jej posiadacza;Licencję wydaną przez Inspektorat Personelu Lotniczego ULC;Licencję wydaną przez Ministra Transportu
56;PL010-0064;Jaki charakter ma zawieszenie licencji i wynikających z niej uprawnień lub niektórych wynikających z niej uprawnień?;Ma charakter okresowy;Ma charakter stały;Ma charakter dożywotni;Ma charakter fakultatywny
57;PL010-0065;Jaki czas jest stosowany w ruchu lotniczym kontrolowanym, a jaki w niekontrolowanym ?;W ruchu lotniczym kontrolowanym i niekontrolowanym - czas UTC;W ruchu lotniczym kontrolowanym i w niekontrolowanym czas LMT;W ruchu lotniczym kontrolowanym – czas LMT, w niekontrolowanym - czas UTC;W ruchu lotniczym kontrolowanym – czas UTC, w niekontrolowanym – czas LMT
58;PL010-0069;Jaki status prawny posiada ICAO?;Status wyspecjalizowanej organizacji Organizacji Narodów Zjednoczonej;Status agendy rządowej Rządu Stanów Zjednoczonych Ameryki;Status jednostki budżetowej Paktu Północnoatlantyckieg o;Status agendy rządowej Rządu Kanady
59;PL010-0070;Jakie działania przeprowadza Naczelny Lekarz w celu zbadania zasadności odwołania, osoby zainteresowanej, od wydanego orzeczenia lotniczo- lekarskiego?;Powołuje komisję w skład której wchodzą lekarze specjaliści w szczególności z zakresu medycyny lotniczej;Sam rozpatruje zasadność odwołania;Współpracując z lekarzem orzecznikiem który wydał zaskarżone orzeczenie, rozpatruje zasadność odwołania;Współpracując z centrum medycyny lotniczej które wydało zaskarżone orzeczenie, rozpatruje zasadność odwołania
60;PL010-0071;W skład przestrzeni powietrznej kontrolowanej wchodzi:;CTA;ATZ;CTA i TSA;MATZ
61;PL010-0072;W skład przestrzeni powietrznej niekontrolowanej wchodzi:;ATZ;CTA;CTA i TSA;MATZ
62;PL010-0073;Służba kontroli ruchu lotniczego jest zapewniana:;Całemu ruchowi lotniskowemu na lotniskach kontrolowanych;Wszystkim lotom IFR w przestrzeni powietrznej klasy G;Wszystkim lotom VFR w przestrzeni powietrznej klasy G;Wszystkim lotom IFR w przestrzeni powietrznej klasy F
63;PL010-0074;Służba informacji powietrznej zapewnia następujące informacje:;Informacje SIGMET i AIRMET;Informację BVLOS;Informację VLOS;Tylko informację SIGMET
64;PL010-0075;Kto publikuje Zintegrowany Pakiet Informacji Lotniczych w Polsce?;Instytucja zapewniająca służby ruchu lotniczego;Minister właściwy do spraw transportu;Minister Komunikacji;Prezez ULC
65;PL010-0076;Wniosek o wydanie, przedłużenie lub wznowienie licencji pilota oraz towarzyszących uprawnień należy składać do:;Prezesa ULC;Ministra właściwego do spraw transportu;Ministra Komunikacji;Instytucji zapewniającej służby ruchu lotniczego
66;PL010-0077;Świadectwo kwalifikacji personelu lotniczego jest wydawane w formie?;Decyzji administracyjnej;Zaświadczenia;Potwierdzenia;Pisemnego potwierdzenia
67;PL010-0078;Jakiemu prawu podlega polski statek powietrzny oraz osoby i rzeczy na tym statku w czasie lotu poza granicami polskiej przestrzeni powietrznej i w czasie przebywania na obszarze nie podlegającemu zwierzchnictwu żadnego państwa?;Prawu polskiemu, chyba że to prawo stanowi inaczej;Prawu państwa w którym ma nastąpić lądowanie;Prawu państwa z którego pochodzi większość pasażerów;Prawu państwa z którego nastąpił start
68;PL010-0079;Jakiemu prawu podlegają w czasie lotu w polskiej przestrzeni powietrznej i w czasie przebywania na terytorium Rzeczypospolitej Polskiej wszystkie statki powietrzne oraz osoby i rzeczy na tych statkach?;Prawu polskiemu, chyba że prawo to stanowi inaczej;Prawu państwa w którym jest zarejestrowany dany statek powietrzny;Prawu państwa z którego pochodzi większość pasażerów podróżujących danym statkiem powietrznym;Prawu państwa z którego nastąpił start danego statku powietrznego
69;PL010-0080;Jeżeli właściwy organ służby ruchu lotniczego lub organ kierowania lotami danego lotniska nie udzielił zezwolenia na przelot w pobliżu czynnego lotniska kontrolowanego, na którym nie przewiduje się lądowania, należy w locie VFR omijać je:;Poza granicą strefy kontrolowanej lub rejonu kontrolowanego tego lotniska (CTR lub TMA);W odległości min. 2 km;W odległości min. 5 km;W odległości min. 20 km
70;PL010-0081;Jeżeli właściwy organ służby ruchu lotniczego lub organ kierowania lotami danego lotniska nie udzielił zezwolenia na przelot w pobliżu czynnego lotniska niekontrolowanego , na którym nie przewiduje się lądowania, należy w locie VFR omijać je:;Poza granicą strefy ruchu lotniskowego tego lotniska (ATZ);W odległości min. 10 km;W odległości min. 2 km;W odległości min. 20 km
71;PL010-0082;Jeżeli właściwy organ służby ruchu lotniczego lub organ kierowania lotami danego lotniska nie udzielił zezwolenia na przelot w pobliżu czynnego lotniska wojskowego, na którym nie przewiduje się lądowania, należy w locie VFR omijać je:;Poza granicą strefy ruchu lotniskowego tego lotniska (MATZ);W odległości min. 5 km;W odległości min. 15 km;W odległości min. 25 km
72;PL010-0083;Jeżeli z ograniczenia zamieszczonego w orzeczeniu lotniczo- lekarskim wynika, że członek personelu lotniczego powinien używać podczas wykonywania czynności lotniczych szkieł korekcyjnych to:;Musi używać niebarwionych soczewek kontaktowych;Członek personelu lotniczego musi posiadać dodatkowe okulary przeciwsłoneczne;Członek personelu lotniczego musi posiadać aktualne badanie wzroku;Nie może być dowódcą statku powietrznego
73;PL010-0084;W przypadku poddania się operacji chirurgicznej posiadacze licencji:;Powinni zasięgnąć porady lotniczo-lekarskiej;Powinni zawiesić licencję;Powinni utracić licencję;Nie powinni wykonywać czynności personelu lotniczego
74;PL010-0085;W przypadku gdy posiadacze licencji po raz pierwszy korzystają z soczewek korekcyjnych:;Powinni zasięgnąć porady lotniczo-lekarskiej;Powinni zawiesić licencję;Nie powinni wykonywać czynności personelu lotniczego;Utracą licencję
75;PL010-0087;Okres ważności uprawnień na klasę lub typ statku powietrznego wynosi:;1 rok;Pół roku;3 lata;4 lata
76;PL010-0088;Gdzie osoba ubiegająca się o wydanie uprawnienia na klasę lub typ statku powietrznego musi ukończyć szkolenie?;W ATO;W ULC;W AWC;W MPO
77;PL010-0089;Gdzie w przypadku wygaśnięcia uprawnień na klasę lub typ statku powietrznego, kandydat musi podjąć szkolenie odświeżające?;W ATO;W ULC;W AWC;W MPO
78;PL010-0091;Kiedy następuje wymiana licencji?;Na wniosek złożony do Prezesa ULC;Na wniosek złożony do rejestru personelu lotniczego;Z mocy prawa po 5 latach od chwili wydania;Na wniosek złożony do ministra właściwego do spraw transportu
79;PL010-0092;Kiedy następuje, przywrócenie na wniosek zainteresowanego licencji, która została zawieszona?;Kiedy zostały spełnione warunki przywrócenia licencji, określone w decyzji o zawieszeniu licencji;Kiedy zgodę wyrazi zatwierdzona organizacja szkolenia;Kiedy zgodę wyrazi Minister właściwy do spraw transportu;Kiedy upłynie termin ważności licencji
80;PL010-0093;Kiedy obowiązek pomocy, spoczywający na dowódcy statku powietrznego który otrzymał sygnał o niebezpieczeństwie grożącym innemu statkowi powietrznemu ustaje?;Gdy dowódca wie, że ktoś inny udziela pomocy w podobnych lub lepszych warunkach, niż on sam mógłby udzielić;Tego rodzaju obowiązek nigdy nie ustaje;Gdy zgodę wyrazi Prezes ULC;Gdy zgodzę wyrazi minister właściwy do spraw transportu
81;PL010-0094;Kiedy obowiązek pomocy, spoczywający na dowódcy statku powietrznego który zauważył osobę znajdującą się na morzu w niebezpieczeństwie utraty życia, ustaje?;Gdy dowódca wie, że ktoś inny udziela pomocy w podobnych lub lepszych warunkach, niż on sam mógłby udzielić;Tego rodzaju obowiązek nigdy nie ustaje;Gdy zgodę wyrazi Prezes ULC;Gdy zgodzę wyrazi minister właściwy do spraw transportu
82;PL010-0096;Kiedy sprawdza się sprawność psychiczną i fizyczną członka personelu lotniczego?;W trakcie badań lotniczo- lekarskich;W trakcie rozmowy w ATO;W trakcie rozmowy kwalifikacyjnej prowadzonej przez organizację do której przynależy dany członek personelu lotniczego;W trakcie rozmowy kwalifikacyjnej przeprowadzonej w Inspektoracie Personelu Lotniczego
83;PL010-0097;Kiedy sprawdza się sprawność psychiczną i fizyczną kandydata na członka personelu lotniczego?;W trakcie badań lotniczo- lekarskich;W trakcie rozmowy kwalifikacyjnej przeprowadzonej w Inspektoracie Personelu Lotniczego;W trakcie rozmowy kwalifikacyjnej prowadzonej przez organizację która ma szkolić danego kandydata;W trakcie rozmowy w ATO
84;PL010-0101;Czy licencja może być wydana osobie, w stosunku do której prokurator postanowił zastosować środek zapobiegawczy polegający na obowiązku powstrzymania się od prowadzenia wszelkiego rodzaju pojazdów mechanicznych?;Nie;Tak za zgodą ministra właściwego do spraw transportu;Tak pod warunkiem dodatkowej opłaty;Tak ale tylko na 1 rok
85;PL010-0102;Komu może być udzielona licencja?;Osobie, która spełnia wymogi w zakresie wieku;Osobie, która nie ma pełnej zdolności do czynności prawnych;Osobie, która ma orzeczenie lotniczo- lekarskie klasy 3;Osobie, która odpowiada wymaganiom w zakresie sprawności psychicznej i fizycznej klasy 3
86;PL010-0103;Komu może być udzielona licencja?;Osobie, która korzysta z pełni praw publicznych;Osobie, która posiada ograniczoną zdolność do czynności prawnych;Osobie, która ma orzeczenie lotniczo- lekarskie klasy 3;Osobie, która odpowiada wymaganiom w zakresie sprawności psychicznej i fizycznej klasy 3
87;PL010-0104;Komu może być udzielona licencja?;Osobie która ma pełną zdolność do czynności prawnych;Osobie która ma ograniczone prawa publiczne;Osobie która nie posiada orzeczenia o braku przeciwwskazań do wykonywania funkcji członka personelu lotniczego;Osobie która nie spełnia wymogu w zakresie wieku
88;PL010-0105;Komu może być udzielona licencja?;Osobie, która zdała egzamin teoretyczny i egzamin praktyczny;Osobie, która ma orzeczenie lotniczo- lekarskie klasy 3;Osobie, która nie spełnia wymagań i warunków dotyczących ukończenia szkolenia lotniczego;Osobie, która nie spełnia wymogu wieku
89;PL010-0106;Komu może być udzielona licencja?;Osobie która spełnia wymogi w zakresie wieku i wykształcenia;Osobie która ma ograniczone prawa publiczne;Osobie która nie posiada orzeczenia o braku przeciwwskazań do wykonywania funkcji członka personelu lotniczego;Osobie, która ma orzeczenie lotniczo- lekarskie klasy 3
90;PL010-0107;Komu może być udzielona licencja?;Osobie, która odpowiada wymaganiom w zakresie sprawności psychicznej i fizycznej, potwierdzonym orzeczeniem o braku przeciwwskazań do wykonywania funkcji członka personelu lotniczego;Osobie, która ma ograniczone prawa publiczne;Osobie, która nie spełnia wymagań i warunków dotyczących ukończenia szkolenia lotniczego;Osobie, która nie spełnia wymogu wieku
91;PL010-0108;Komu może być udzielona licencja?;Osobie która spełnia wymagania i warunki dotyczące ukończenia szkolenia lotniczego, praktyki lotniczej oraz posiadania wiedzy i umiejętności, potwierdzone zdaniem egzaminu państwowego;Osobie która ma ograniczone prawa publiczne;Osobie która nie posiada orzeczenia o braku przeciwwskazań do wykonywania funkcji członka personelu lotniczego;Osobie, która ma orzeczenie lotniczo- lekarskie klasy 3
92;PL010-0109;Komu może być udzielona licencja?;Osobie, która ma orzeczenie lotniczo- lekarskie klasy 2 lub klasy 1;Osobie która ma ograniczone prawa publiczne;Osobie która nie posiada orzeczenia o braku przeciwwskazań do wykonywania funkcji członka personelu lotniczego;Osobie, która ma orzeczenie lotniczo- lekarskie klasy 3
93;PL010-0110;Komu może być udzielona licencja?;Osobie, która ma orzeczenie lotniczo- lekarskie klasy 2 lub klasy 1;Osobie która ma ograniczone prawa publiczne;Osobie która nie spełnia wymagań i warunków dotyczących ukończenia szkolenia lotniczego;Osobie która nie spełnia wymogu wieku
94;PL010-0111;Konwencja Tokijska z 1963 r. dotyczy:;Przestępstw i niektórych innych czynów dokonywanych na pokładzie statków powietrznych;Ubezpieczeń lotniczych;Ścigania sprawców uprowadzenia statków powietrznych;Technicznych aspektów projektowania silników lotniczych
95;PL010-0112;Kto dokonuje sprawdzenia wiadomości i umiejętności lotniczych jeżeli w wyniku badania incydentu lotniczego powstanie przypuszczenie, że członek personelu lotniczego nie posiada wymaganych wiadomości lub umiejętności?;Prezes ULC;Minister Infrastruktury;Minister właściwy do spraw transportu;EASA
96;PL010-0113;Kto dokonuje sprawdzenia wiadomości i umiejętności lotniczych jeżeli w wyniku badania wypadku lotniczego powstanie przypuszczenie, że członek personelu lotniczego nie posiada wymaganych wiadomości lub umiejętności?;Prezes ULC;Minister Infrastruktury;Minister właściwy do spraw transportu;EASA
97;PL010-0114;Kto dokonuje sprawdzenia wiadomości i umiejętności lotniczych jeżeli w wyniku wykonywania czynności nadzoru lotniczego powstanie przypuszczenie, że członek personelu lotniczego nie posiada wymaganych wiadomości lub umiejętności?;Prezes ULC;Minister Infrastruktury;Minister właściwy do spraw transportu;EASA
98;PL010-0115;Kto dokonuje sprawdzenia wiadomości i umiejętności lotniczych przed wydaniem licencji?;Prezes ULC;Minister Infrastruktury;Minister właściwy do spraw transportu;EASA
99;PL010-0116;Kto dokonuje sprawdzenia wiadomości i umiejętności lotniczych przed wydaniem uprawnienia lotniczego wpisywanego do licencji?;Prezes ULC;Minister Infrastruktury;Minister właściwy do spraw transportu;EASA
100;PL010-0117;Kto dokonuje sprawdzenia wiadomości i umiejętności lotniczych w celu przedłużenia ważności uprawnienia lotniczego?;Prezes ULC;Minister Infrastruktury;Minister właściwy do spraw transportu;EASA
101;PL010-0118;Kto dokonuje sprawdzenia wiadomości i umiejętności lotniczych w celu wznowienia ważności uprawnienia lotniczego?;Prezes ULC;Minister Infrastruktury;Minister właściwy do spraw transportu;EASA
102;PL010-0119;Kto jest członkiem personelu lotniczego?;Jest to osoba posiadająca ważną licencję i wpisana do państwowego rejestru personelu lotniczego lub innego odpowiedniego rejestru prowadzonego zgodnie z odrębnymi przepisami;Jest to osoba posiadająca umiejętność wykonywania lotu statkiem powietrznym;Jest to właściciel lub użytkownik statku powietrznego;Jest to osoba będąca w trakcie szkolenia lotniczego odbywającego się zgodnie z przepisami wykonawczymi
103;PL010-0120;Kto jest członkiem personelu lotniczego?;Jest to osoba posiadająca ważne świadectwo kwalifikacji i jest wpisana do właściwego rejestru prowadzonego zgodnie z odrębnymi przepisami;Jest to osoba posiadająca umiejętność wykonywania lotu statkiem powietrznym;Jest to właściciel lub użytkownik statku powietrznego;Jest to osoba będąca w trakcie szkolenia lotniczego odbywającego się zgodnie z przepisami wykonawczymi
104;PL010-0121;Kto jest obowiązany do przejęcia osoby, zatrzymanej na pokładzie statku powietrznego, która jest podejrzana o popełnienie przestępstwa na tym statku powietrznym?;Organy Policji i Straży Granicznej;Zarządzający lotniskiem;Właściciel statku powietrznego na pokładzie którego miało miejsce dane zdarzenie;Użytkownik statku powietrznego na pokładzie którego miało miejsce dane zdarzenie
105;PL010-0122;Kto jest obowiązany do przejęcia osoby, zatrzymanej na pokładzie statku powietrznego, która zagraża bezpieczeństwu lotu?;Organy Policji i Straży Granicznej;Zarządzający lotniskiem;Właściciel statku powietrznego na pokładzie którego miało miejsce dane zdarzenie;Użytkownik statku powietrznego na pokładzie którego miało miejsce dane zdarzenie
106;PL010-0123;Kto jest obowiązany do przejęcia osoby, zatrzymanej na pokładzie statku powietrznego, która zagraża porządkowi na pokładzie statku powietrznego?;Organy Policji i Straży Granicznej;Zarządzający lotniskiem;Właściciel statku powietrznego na pokładzie którego miało miejsce dane zdarzenie;Użytkownik statku powietrznego na pokładzie którego miało miejsce dane zdarzenie
107;PL010-0124;Kto jest obowiązany przestrzegać warunków i ograniczeń ustalonych w świadectwie zdatności do lotu statku powietrznego i w dokumentach z nim związanych?;Użytkownik statku powietrznego, dowódca statku powietrznego oraz członkowie załogi statku powietrznego;Tylko użytkownik statku powietrznego;Tylko dowódca statku powietrznego;Tylko członkowie załogi statku powietrznego
108;PL010-0125;Kto jest uprawniony do wykonywania lotów?;Członkowie personelu lotniczego;Osoby znajdujące się na pokładzie statku powietrznego;Osoby znajdujące się w cockpicie statku powietrznego;Członkowie personelu pokładowego
109;PL010-0126;Kto jest uprawniony do wykonywania lotów?;Osoby uczestniczące w szkoleniu lotniczym prowadzonym zgodnie z przepisami wykonawczymi;Osoby znajdujące się na pokładzie statku powietrznego;Osoby znajdujące się w cockpicie statku powietrznego;Członkowie personelu pokładowego
110;PL010-0127;Kto może określić zasady wprowadzania przez państwowy organ zarządzania ruchem lotniczym ograniczeń lotów w części przestrzeni powietrznej, których czas trwania nie będzie dłuższy niż 3 miesiące, oraz sposób publikacji tych ograniczeń?;Minister właściwy do spraw transportu w porozumieniu z Ministrem Obrony Narodowej ministrami właściwymi do spraw wewnętrznych oraz środowiska;Prezes ULC;Minister właściwy do spraw transportu;Minister właściwy do spraw transportu w porozumieniu z Prezesem ULC
111;PL010-0128;Kto może wezwać statek powietrzny do wylądowania na wskazanym lotnisku lub wykonania innych poleceń?;Cywilnych organów służb ruchu lotniczego oraz wojskowych organów służby ruchu lotniczego;Tylko cywilnych organów służb ruchu lotniczego;Tylko wojskowych organów służby ruchu lotniczegoo;Prezez ULC
112;PL010-0129;Kto przeprowadza badania lotniczo- lekarskie i wydaje orzeczenia o istnieniu lub braku przeciwwskazań zdrowotnych do wykonywania funkcji członka personelu lotniczego?;Centra medycyny lotniczej;Prezes ULC;Minister właściwy do spraw transportu;Naczelny Lekarz Lotnictwa Cywilnego
113;PL010-0130;Kto przeprowadza badania lotniczo- lekarskie i wydaje orzeczenia o istnieniu lub braku przeciwwskazań zdrowotnych do wykonywania funkcji członka personelu lotniczego?;Lekarze orzecznicy;Prezes ULC;Minister właściwy do spraw transportu;Naczelny Lekarz Lotnictwa Cywilnego
114;PL010-0131;Kto stanowi załogę statku powietrznego?;Są to osoby wyznaczone przez użytkownika statku powietrznego do wykonania określonych czynności na statku powietrznym w czasie lotu;Są to osoby, które posiadają odpowiednie uprawnienia;Są to osoby, które posiadają ważne licencje członków personelu lotniczego;Są to osoby, które znajdują się w cockpicie statku powietrznego
115;PL010-0132;Kto w imieniu centrum medycyny lotniczej przeprowadza badania lotniczo- lekarskie i wydaje orzeczenia?;Komisja lekarska centrum medycyny lotniczej złożona z lekarzy orzeczników oraz specjalistów z zakresu medycyny;Naczelny Lekarz Lotnictwa Cywilnego;Osoba delegowana przez Prezesa ULC;Osoba delegowana przez ministra właściwego do spraw transportu
116;PL010-0133;Kto wydaje, odmawia wydania, uznaje, zawiesza uznanie, przywraca uznanie, odmawia uznania, cofa uznanie, cofa, zawiesza, przywraca i zmienia licencje?;Prezes ULC;Minister właściwy do spraw transportu;Minister Komunikacji;Przewodniczący Lotniczej Komisji Egzaminacyjnej
117;PL010-0143;Lot VFR dzienny na statku powietrznym innym niż śmigłowiec w przestrzeni klasy G na i poniżej 900 m AMSL lub 300 m AGL, jeśli jest wyższe, może być wykonany:;Przy zmniejszeniu widzialności w locie do 1500 m – z prędkościami, przy których będzie wystarczająco zapewniona możliwość zauważenia we właściwym czasie innego ruchu lub jakichkolwiek przeszkód, aby uniknąć kolizji;Przy widzialności większej niż 5 km;Przy pułapie chmur większym niż 300 m;Przy widzialności mniejszej niż 1500 m – po spełnieniu określonych warunków
118;PL010-0144;Lot VFR dzienny w przestrzeni klasy G na i poniżej 900 m AMSL lub 300 m AGL, jeśli jest wyższe, może być wykonany tylko:;Z dala od chmur i z widocznością powierzchni ziemi;Przy widzialności większej niż 5 km;Przy pułapie chmur większym niż 300 m;Z prędkością maksymalną 300 kt TAS
119;PL010-0146;Lot VFR poniżej FL 100 w przestrzeni powietrznej klasy C może być wykonany, jeżeli odległość pionowa od chmur jest nie mniejsza niż:;300 m;100 m;500 m;Nieokreślona – z dala od chmur
120;PL010-0147;Lot VFR poniżej FL 100 w przestrzeni powietrznej klasy C może być wykonany, jeżeli odległość pozioma od chmur jest nie mniejsza niż:;1500 m;2 km;5 km;Nieokreślona – z dala od chmur
121;PL010-0148;Lot VFR poniżej FL 100 w przestrzeni powietrznej klasy C może być wykonany, jeżeli widzialność w locie jest nie mniejsza niż:;5 km;1500 m;8 km;10 km
122;PL010-0150;Lot VFR w przestrzeni powietrznej klasy G poniżej FL 100, ale powyżej 900 m AMSL lub 300 m AGL, jeśli jest wyższe, może być wykonany, jeżeli odległość pionowa od chmur jest nie mniejsza niż:;300 m;100 m;500 m;Nieokreślona – z dala od chmur
123;PL010-0151;Lot VFR w przestrzeni powietrznej klasy G poniżej FL 100, ale powyżej 900 m AMSL lub 300 m AGL, jeśli jest wyższe, może być wykonany, jeżeli odległość pozioma od chmur jest nie mniejsza niż:;1500 m;2 km;5 km;Nieokreślona – z dala od chmur
124;PL010-0152;Lot VFR w przestrzeni powietrznej klasy G poniżej FL 100, ale powyżej 900 m AMSL lub 300 m AGL, jeśli jest wyższe, może być wykonany, jeżeli widzialność w locie jest nie mniejsza niż:;5 km;1500 m;8 km;Mniejsza niż 5 km, ale nie mniejsza niż 1500 m
125;PL010-0153;Loty nocne VFR mogą być wykonywane o ile pułap chmur nie może wynosić mniej niż:;450 m (1500 ft);300 m (1000 ft);600 m (2000 ft);900 m (3000 m)
126;PL010-0154;Loty statków powietrznych w strefie niebezpiecznej są:;Dozwolone tylko wtedy, gdy strefa jest nieaktywna i po uzyskaniu zezwolenia w łaściwego organu wojskowych służb ruchu lotniczego;Zabronione;Dozwolone tylko wtedy, gdy lot odbywa się w VMC i w strefie nie ma innych statków powietrznych;Dozwolone tylko wtedy, gdy pilot może utrzymać kontakt wzrokowy z terenem
127;PL010-0155;Loty statków powietrznych w strefie ograniczonej są:;Dozwolone tylko wtedy, gdy lot nie narusza obowiązujących w tej strefie ograniczeń lub uzyska się zezwolenie od właściwego organu służby ruchu lotniczego;Zabronione;Dozwolone tylko wtedy, gdy lot odbywa się w VMC i w strefie nie ma innych statków powietrznych;Dozwolone tylko wtedy, gdy strefa jest nieaktywna
128;PL010-0156;Loty statków powietrznych w strefie zakazanej są:;Zabronione;Dozwolone tylko wtedy, gdy strefa jest nieaktywna i po uzyskaniu zezwolenia właściwego organu wojskowych służb ruchu lotniczego;Dozwolone tylko wtedy, gdy lot odbywa się w VMC i w strefie nie ma innych statków powietrznych;Dozwolone tylko wtedy, gdy pilot może utrzymać kontakt wzrokowy z terenem
129;PL010-0157;MATZ jest to:;Wojskowa strefa ruchu lotniskowego;Strefa identyfikacji obrony powietrznej;Wojskowy obszar kontrolowany;Wojskowa strefa kontrolowana lotniska
130;PL010-0158;MRT jest to:;Stała trasa lotnictwa wojskowego;Trasa lotnicza umożliwiająca przeloty pomiędzy TSA i lub TRA;Rejon kontrolowany lotniska;Wojskowa strefa ruchu lotniskowego
131;PL010-0159;Na czym polega zarządzanie przepływem ruchu lotniczego?;Na optymalizacji natężenia ruchu lotniczego;Na przydziale odpowiednich elementów przestrzeni powietrznej poszczególnym jej użytkownikom;Na zapewnieniu alarmowej służby ruchu lotniczego;Na zapewnieniu służby kontroli ruchu lotniczego oraz służby informacji powietrznej
132;PL010-0160;Służba ustanowiona w celu przyczyniania się do bezpiecznego, uporządkowa-nego i szybkiego przepływu ruchu lotniczego poprzez zapewnianie wykorzystania w maksymalnym stopniu pojemności ATC to?;ATFM;RNAV;ALERFA;ATIS
133;PL010-0161;Na czym polega zarządzanie przestrzenią powietrzną?;Na przydziale odpowiednich elementów przestrzeni powietrznej poszczególnym jej użytkownikom;Na optymalizacji natężenia ruchu lotniczego;Na zapewnieniu alarmowej służby ruchu lotniczego;Na zapewnieniu służby kontroli ruchu lotniczego oraz służby informacji powietrznej
134;PL010-0162;Jaka jest nazwa organu ustanowionego do zapewnienia służby kontroli ruchu lotniczego w odniesieniu do lotów kontrolowanych w podległych mu obszarach kontrolowanych?;Ośrodek kontroli obszaru (ACC);Nawigacja obszarowa (RNAV);Ruchoma służba lotnicza;SSR
135;PL010-0163;Od czego zależy korzystanie z uprawnień wynikających z licencji?;Od ważności uprawnień zawartych w licencji;Od wieku członka personelu lotniczego;Od opłaty lotniczej;Od kwoty opłaty lotniczej
136;PL010-0164;Na jakich prawach jest dostępna polska przestrzeń powietrzna?;Na równych prawach dla jej wszystkich użytkowników;Na równych prawach ale tylko dla polskich użytkowników;Pierwszeństwo mają wojskowe statki powietrzne;Pierwszeństwo mają cywilne statki powietrzne
137;PL010-0170;Od czego jest uzależniona ważność licencji?;Od wyniku okresowego sprawdzenia sprawności psychicznej i fizycznej członka personelu lotniczego stwierdzonej w badaniach lotniczo- lekarskich;Od opłacenia sładek członkowskich w organizacji lotniczej do której się należy;Od korzystania z pełni praw publicznych;Od wysokości opłaty lotniczej za licencję
138;PL010-0171;Od czego jest uzależniona ważność licencji?;Od utrzymania w okresie ważności licencji wiadomości i umiejętności nie mniejszych niż wymagane do uzyskania;Od opłacenia sładek członkowskich w organizacji lotniczej do której się należy;Od korzystania z pełni praw publicznych;Od wysokości opłaty lotniczej za licencję
139;PL010-0172;Orzeczenie lotniczo-lekarskie wydane dla osoby poniżej 40 roku życia w zakresie wymagań zdrowotnych dla Klasy 2 posiada ważność?;60 miesięcy;12 miesięcy;24 miesiące;18 miesięcy
140;PL010-0173;Orzeczenie lotniczo-lekarskie wydane dla osoby poniżej 50 roku życia w zakresie wymagań zdrowotnych dla Klasy 2 posiada ważność?;24 miesiące;12 miesięcy;60 miesięcy;18 miesięcy
141;PL010-0174;Orzeczenie lotniczo-lekarskie wydane dla osoby poniżej 50 roku życia w zakresie wymagań zdrowotnych dla Klasy 2 posiada ważność?;24 miesiące;12 miesięcy;18 miesięcy;6 miesięcy
142;PL010-0176;Osoba której licencja została cofnięta ma obowiązek?;Niezwłocznie przekazać ją Prezesowi ULC za pokwitowaniem, chyba że licencja została już uprzednio zatrzymana;Nie ma żadnego obowiązku;Niezwłocznie zniszczyć druk licencji;Nie używać licencji
143;PL010-0177;Osoba której licencja została zawieszona ma obowiązek?;Niezwłocznie przekazać ją Prezesowi ULC za pokwitowaniem, chyba że licencja została już uprzednio zatrzymana;Nie ma żadnego obowiązku;Niezwłocznie zniszczyć druk licencji;Nie używać licencji
144;PL010-0178;Płyta postojowa na lotnisku to:;Wyznaczona powierzchnia na lotnisku, która przeznaczona jest do zatrzymywania i postoju statków powietrznych w celu przyjmowania pasażerów na pokład, załadunku i wyładunku towarów i poczty oraz tankowania paliwa;Część pola manewrowego;Część pola wzlotów;Część pola ruchu naziemnego
145;PL010-0179;Podczas lotów na lotnisku uległa awarii radiostacja naziemna. Sytuacja wymaga wydania nakazu powrotu do lądowania dla wszystkich statków powietrznych w ruchu nadlotniskowym. W tym przypadku informator AFIS, korzystając z sygnalizatora świetlnego, nada do statków powietrznych w locie sygnał:;Serię błysków zielonych;Serię błysków czerwony;Ciągły sygnał zielony;Ciągły sygnał czerwony
146;PL010-0180;Polską przestrzeń powietrzną dostępną dla żeglugi powietrznej dzielimy na:;Przestrzeń kontrolowaną i przestrzeń niekontrolowaną;Przestrzeń wojskową i przestrzeń cywilną;Przestrzeń operacyjną i przestrzeń niekontrolowaną;Przestrzeń swobodną i przestrzeń kontrolowaną
147;PL010-0182;Rejon Informacji Powietrznej /FIR/ jest to:;Przestrzeń powietrzna o określonych wymiarach, w której zapewniona jest służba informacji powietrznej i służba alarmowa;Przestrzeń powietrzna o określonych wymiarach, w której zapewniona jest służba informacji lotniczej i służba alarmowa;Przestrzeń powietrzna o określonych wymiarach, w której zapewniona jest służba informacji powietrznej, służba alarmowa i służba kontroli ruchu lotniczego;Przestrzeń powietrzna o określonych wymiarach, w której wszystkim statkom powietrznym zapewniona jest służba kontroli ruchu lotniczego i służba alarmowa
148;PL010-0183;Zakazów przekraczania prędkości naddźwiękowej nie stosuje się do:;Lotów próbnych w strefach D;Lotów próbnych w strefach G;Lotów próbnych, w strefach F;Lotów próbnych, w strefach A
149;PL010-0185;Służba informacji lotniczej jest zapewniana przez:;Wydzieloną służbę ustanowioną w granicach określonego obszaru dla zapewniania danych i informacji lotniczych niezbędnych dla bezpieczeństwa, regularności i efektywności żeglugi powietrznej;Organ służby kontroli ruchu lotniczego w odniesieniu do wszystkich statków powietrznych;Organ wojskowej służby ruchu lotniczego w odniesieniu do wszystkich statków powietrznych;Wszystkie organy służby ruchu lotniczego w odniesieniu do statków powietrznych będących w ich kompetencji lub o których zainteresowany organ służby ruchu lotniczego został powiadomiony
150;PL010-0186;Służba informacji powietrznej jest zapewniana przez:;Wszystkie organy służby ruchu lotniczego w odniesieniu do statków powietrznych będących w ich kompetencji lub o których zainteresowany organ służby ruchu lotniczego został powiadomiony;Organ służby kontroli ruchu lotniczego w odniesieniu do wszystkich statków powietrznych;Organ wojskowej służby ruchu lotniczego w odniesieniu do wszystkich statków powietrznych;Wydzieloną służbę ustanowioną w granicach określonego obszaru dla zapewniania danych i informacji lotniczych niezbędnych dla bezpieczeństwa, regularności i sprawności żeglugi powietrznej
151;PL010-0187;Statek powietrzny wykonuje lot w pobliżu lotniska. Przez przypadkowo włączony nadajnik została zablokowana częstotliwość radiowa. Pilot dostrzegł nadaną z miejsca kierowania lotami w jego kierunku serię błysków zielonych. Oznacza to, że:;Należy wracać do lądowania;Zezwala się lądować;Lotnisko nie jest bezpieczne, nie lądować;Zabrania się lądować
152;PL010-0188;Swoboda lotów w polskiej przestrzeni powietrznej dla cywilnych statków powietrznych może być ograniczona na podstawie:;Wyraźnego upoważnienia Prawa lotniczego przy zachowaniu innych przepisów;Decyzji Prezesa ULC;Decyzji Prezydenta RP;Decyzji Ministra Obrony Narodowej
153;PL010-0189;TFR jest to:;Trasa lotnicza umożliwiająca przeloty pomiędzy TSA i lub TRA;Stała trasa lotnictwa wojskowego;Strefa ruchu lotniskowego;Rejon kontrolowany lotniska
154;PL010-0190;"TMA jest to;";Rejon kontrolowany lotniska;Strefa identyfikacji obrony powietrznej;Wojskowa strefa kontrolowana lotniska;Strefa kontrolowana lotniska
155;PL010-0191;TRA jest to:;Strefa czasowo rezerwowana;Strefa czasowo wydzielona;Trasa lotnicza umożliwiająca przeloty pomiędzy TSA i lub TRA;Rejon kontrolowany lotniska
156;PL010-0192;TSA jest to:;Strefa czasowo wydzielona;Strefa czasowo rezerwowana;Trasa lotnicza umożliwiająca przeloty pomiędzy TSA i lub TRA;Rejon kontrolowany lotniska
157;PL010-0193;W celu zapewnienia bezpieczeństwa lotu oraz bezpieczeństwa i porządku na pokładzie statku powietrznego, dowódca jest upoważniony:;Do zobowiązania, w razie konieczności innych członków załogi do wykonywania czynności nienależących do ich normalnego zakresu oraz wydawania poleceń wszystkim osobom znajdującym się na pokładzie statku powietrznego;Tylko do zobowiązania, w razie konieczności innych członków załogi do wykonywania czynności nienależących do ich normalnego zakresu;Tylko do wydawania poleceń wszystkim osobom znajdującym się na pokładzie statku powietrznego;Do wydawania poleceń tylko członkom załogi statku powietrznego
158;PL010-0194;W FIR EPWW, wyłączając przestrzenie, gdzie została dokonana delegacja służby do innych FIR - ów, występują następujące przestrzenie powietrzne:;Klasy C, D i G oraz przestrzeń powietrzna niesklasyfikowana;Klasy A, B, C, E oraz G;Klasy C, F oraz G;Klasy B, C, G i przestrzeń powietrzna niesklasyfikowana
159;PL010-0195;W jaki sposób odbywa się zarządzenie ruchem lotniczym?;"Przez zapewnienie odpowiednich do charakteru, natężenia i warunków ruchu lotniczego służb żeglugi powietrznej; przez zarządzania przestrzenią powietrzną oraz przez zarządzanie przepływem ruchu lotniczego";Tylko przez zarządzania przestrzenią powietrzną;Tylko przez zarządzanie przepływem ruchu lotniczego;Tylko przez zapewnienie odpowiednich do charakteru, natężenia i warunków ruchu lotniczego służb żeglugi powietrznej
160;PL010-0196;W jakich przypadkach licencja członka personelu lotniczego podlega wymianie?;Po uzyskaniu uprawnienia lotniczego wpisywanego do licencji;Po upływie terminu 5 lat od dnia jej wydania;Po upływie terminu 3 lat od dnia jej wydania;Po uzyskaniu świadectwa kwalifikacji personelu lotnoczego
161;PL010-0197;W jakich przypadkach licencja członka personelu lotniczego podlega wymianie?;W razie zmiany danych osobowych wpisywanych do licencji;Po upływie terminu 3 lat od dnia jej wydania;Po uzyskaniu uprawnienia lotniczego wpisywanego do świadectwa kwalifikacji personelu lotniczego;W razie braku opłaty lotniczej
162;PL010-0198;W jakich przypadkach licencja członka personelu lotniczego podlega wymianie?;Po wznowieniu ważności uprawnienia lotniczego;Po upływie terminu 5 lat od dnia jej wydania;W razie konieczności dodatkowej opłaty lotniczej;Po upływie terminu 3 lat od dnia jej wydania
163;PL010-0199;W jakiej formie Prezes ULC wydaje, odmawia wydania, uznaje, zawiesza uznanie, przywraca uznanie, odmawia uznania, cofa uznanie, cofa, zawiesza, przywraca i zmienia licencje?;W formie decyzji administracyjnej;W formie zarządzenia;W formie rozporządzenia;W formie publikacji w dzienniku urzędowym ULC
164;PL010-0200;W jakim celu jest ustanowiona służba ruchu lotniczego zwana alarmową?;W celu zawiadamiania organów systemu poszukiwania i ratownictwa o statkach powietrznych potrzebujących pomocy i współdziałania z tymi organami;W celu zapobiegania zderzeniom statków powietrznych podczas lotu;W celu udzielania wskazówek i informacji użytecznych dla bezpiecznego i sprawnego wykonywania lotów;W celu zapewniania załogom statków powietrznych niezbędnych danych meteorologicznych
165;PL010-0201;W jakim celu jest ustanowiona służba ruchu lotniczego zwana służbą informacji powietrznej?;W celu udzielania wskazówek i informacji użytecznych dla bezpiecznego i sprawnego wykonywania lotów;W celu usprawnienia i utrzymywania uporządkowanego przepływu ruchu lotniczego;W celu zapewniania załogom statków powietrznych niezbędnych danych meteorologicznych;W celu zawiadamiania organów systemu poszukiwania i ratownictwa o statkach powietrznych potrzebujących pomocy i współdziałania z tymi organami
166;PL010-0202;W jakim celu jest ustanowiona służba ruchu lotniczego zwana służbą kontroli ruchu lotniczego?;W celu zapobiegania zderzeniom statków powietrznych podczas lotu;W celu udzielania wskazówek i informacji użytecznych dla bezpiecznego i sprawnego wykonywania lotów;W celu zapewniania załogom statków powietrznych niezbędnych danych meteorologicznych;W celu zawiadamiania organów systemu poszukiwania i ratownictwa o statkach powietrznych potrzebujących pomocy i współdziałania z tymi organami
167;PL010-0204;W jakim celu powołano Organizację Międzynarodowego Lotnictwa Cywilnego?;Zapewnienie bezpiecznego i prawidłowego rozwoju międzynarodowego lotnictwa cywilnego na całym świecie;W celu porozumienia się przewoźników lotniczych na świecie;W celu ujednolicenia opłat nawigacyjnych za korzystanie z przestrzeni powietrznej;W celu porozumienia się przewoźników lotniczych w Ameryce Północnej i Europie
168;PL010-0205;W jakim celu ustanowiono służbę informacji lotniczej?;W celu zbierania i publikowania informacji lub danych lotniczych mających zasadnicze znaczenie dla bezpieczeństwa i regularności żeglugi powietrznej;W celu zapewnienia załogom statków powietrznych niezbędnych danych meteorologicznych;W celu zapewnienia pomocy statkom powietrznym w niebezpieczeństwie;W celu optymalizacji natężenia ruchu lotniczego
169;PL010-0206;W jakim celu ustanowiono służbę meteorologiczną?;W celu zapewnienia załogom statków powietrznych niezbędnych danych meteorologicznych;W celu zbierania i publikowania informacji lub danych lotniczych mających zasadnicze znaczenie dla bezpieczeństwa i regularności żeglugi powietrznej;W celu zapewnienia pomocy statkom powietrznym w niebezpieczeństwie;W celu optymalizacji natężenia ruchu lotniczego
170;PL010-0207;W jakim celu ustanowiono służbę meteorologiczną?;W celu zapewnienia organom służb ruchu lotniczego, organom systemu poszukiwania i ratownictwa oraz innym organom prowadzącym lub obsługującym żeglugę powietrzną niezbędnych danych meteorologicznych;W celu zbierania i publikowania informacji lub danych lotniczych mających zasadnicze znaczenie dla bezpieczeństwa i regularności żeglugi powietrznej;W celu zapewnienia pomocy statkom powietrznym w niebezpieczeństwie;W celu optymalizacji natężenia ruchu lotniczego
171;PL010-0208;W jakim celu ustanowiono służbę meteorologiczną?;W celu wydawania informacji dotyczących określonych zjawisk meteorologicznych występujących lub mogących wystąpić na określonej trasie, które mogą mieć wpływ na bezpieczeństwo lotów;W celu zapewnienia pomocy statkom powietrznym w niebezpieczeństwie;W celu optymalizacji natężenia ruchu lotniczego;W celu zbierania i publikowania informacji lub danych lotniczych mających zasadnicze znaczenie dla bezpieczeństwa i regularności żeglugi powietrznej
172;PL010-0209;W jakim celu ustanowiono służbę poszukiwania i ratownictwa?;W celu zapewnienia pomocy statkom powietrznym w niebezpieczeństwie oraz uczestnikom wypadku lotniczego;W celu zbierania i publikowania informacji lub danych lotniczych mających zasadnicze znaczenie dla bezpieczeństwa i regularności żeglugi powietrznej;W celu zapewnienia załogom statków powietrznych niezbędnych danych meteorologicznych;W celu wydawania informacji dotyczących określonych zjawisk występujących lub mogących wystąpić na określonej trasie, które mogą mieć wpływ na bezpieczeństwo lotów
173;PL010-0210;W jakim celu ustanowiono służbę poszukiwania i ratownictwa?;W celu przyjścia z pomocą osobom znajdującym się w niebezpieczeństwie;W celu zbierania i publikowania informacji lub danych lotniczych mających zasadnicze znaczenie dla bezpieczeństwa i regularności żeglugi powietrznej;W celu zapewnienia załogom statków powietrznych niezbędnych danych meteorologicznych;W celu optymalizacji natężenia ruchu lotniczego
174;PL010-0211;W jakim przypadku można cofnąć albo zawiesić licencję lub wynikające z niej niektóre uprawnienia?;W przypadku stwierdzenia że członek personelu lotniczego utracił kwalifikacje do wykonywania określonych czynności lotniczych;W przypadku braku opłaty lotniczej;W przypadku stwierdzenia że członek personelu lotniczego nie jest obywatelem polskim;W przypadku stwierdzenia że członek personelu lotniczego nie jest obywatelem UE
175;PL010-0212;W jakim przypadku można cofnąć albo zawiesić licencję lub wynikające z niej niektóre uprawnienia?;W przypadku niespełnienia obowiązujących wymagań operacyjnych;W przypadku stwierdzenia że członek personelu lotniczego nie jest obywatelem polskim;W przypadku braku opłaty lotniczej;W przypadku stwierdzenia że członek personelu lotniczego nie jest obywatelem UE
176;PL010-0213;W jakim przypadku można cofnąć albo zawiesić licencję lub wynikające z niej niektóre uprawnienia?;W przypadku udowodnienia nadużycia lub nielegalnego wykorzystania upoważnienia;W przypadku stwierdzenia że członek personelu lotniczego nie jest obywatelem polskim;W przypadku braku opłaty lotniczej;W przypadku stwierdzenia że członek personelu lotniczego nie jest obywatelem UE
177;PL010-0214;W jakim przypadku można cofnąć albo zawiesić licencję lub wynikające z niej niektóre uprawnienia?;W przypadku stwierdzenia że członek personelu lotniczego nie odpowiada wymaganiom w zakresie sprawności psychicznej i fizycznej potwierdzonym orzeczeniem o braku przeciwwskazań do wykonywania funkcji członka personelu lotniczego;W przypadku braku opłaty lotniczej;W przypadku stwierdzenia że członek personelu lotniczego nie jest obywatelem polskim;W przypadku stwierdzenia że członek personelu lotniczego nie jest obywatelem UE
178;PL010-0215;W jakim przypadku można cofnąć albo zawiesić licencję lub wynikające z niej niektóre uprawnienia?;W przypadku korzystania z praw wynikających z posiadania licencji gdy pilot jest pod wpływem alkoholu;W przypadku braku opłaty lotniczej;W przypadku stwierdzenia że członek personelu lotniczego nie jest obywatelem polskim;W przypadku stwierdzenia że członek personelu lotniczego nie jest obywatelem UE
179;PL010-0216;W jakim przypadku można cofnąć albo zawiesić licencję lub wynikające z niej niektóre uprawnienia?;W przypadku korzystania z praw wynikających z posiadania licencji gdy pilot jest pod wpływem narkotyków;W przypadku braku opłaty lotniczej;W przypadku stwierdzenia że członek personelu lotniczego nie jest obywatelem polskim;W przypadku stwierdzenia że członek personelu lotniczego nie jest obywatelem UE
180;PL010-0217;W jakim terminie może się odwołać osoba zainteresowana od orzeczenia centrum medycyny lotniczej?;W terminie 14 dni od dnia otrzymania orzeczenia;W terminie 7 dni od dnia otrzymania orzeczenia;W terminie 21 dni od dnia otrzymania orzeczenia;W terminie 10 dni od dnia otrzymania orzeczenia
181;PL010-0218;W jakim terminie może się odwołać osoba zainteresowana od orzeczenia lekarza orzecznika?;W terminie 14 dni od dnia otrzymania orzeczenia;W terminie 7 dni od dnia otrzymania orzeczenia;W terminie 21 dni od dnia otrzymania orzeczenia;W terminie 10 dni od dnia otrzymania orzeczenia
182;PL010-0219;Uprawnienie EIR jest ważne przez:;1 rok;10 miesięcy;6 miesięcy;2 lata
183;PL010-0220;W lotach VFR nie należy startować ani lądować na lotnisku niekontrolowanym, którego przestrzeń powietrzna ma klasę G, jeżeli pułap chmur:;Jest niższy niż minimalny określony dla danego rodzaju statku powietrznego na danym lotnisku;Jest poniżej 150 m;Jest niższy niż minimalny określony dla danego lotniska, lecz nie niższy niż 200 m;Jest poniżej 450 m
184;PL010-0221;W lotach VFR nie należy startować ani lądować na lotnisku niekontrolowanym, którego przestrzeń powietrzna ma klasę G, jeżeli widzialność przy ziemi:;Jest mniejsza niż minimalna określona dla danego rodzaju statku powietrznego na danym lotnisku;Jest mniejsza niż minimalna określona dla danego lotniska, lecz nie mniejsza niż 1500 m;Jest mniejsza niż 3 km;Jest mniejsza niż 5 km
185;PL010-0222;W pobliżu lotniska przelatuje statek powietrzny bez łączności. Aby wydać temu statkowi polecenie lądowania na tym lotnisku informator AFIS nada sygnał świetlny:;Serię błysków białych;Serię błysków czerwonych;Ciągły sygnał zielony;Serią błysków zielonych
186;PL010-0223;W pobliżu lotniska przelatuje statek powietrzny bez łączności. Aby wydać temu statkowi polecenie udzielenia pierwszeństwo drogi innym statkom powietrznym i kontynuowania krążenia, informator AFIS nada sygnał świetlny:;Ciągły sygnał czerwony;Serię błysków czerwonych;Ciągły sygnał zielony;Serią błysków zielonych
187;PL010-0224;W polskiej przestrzeni powietrznej działa:;FIS, AFIS oraz ACC;Tylko AFIS;Tylko ACC;Tylko FIS
188;PL010-0225;W przypadku gdy statkowi powietrznemu grozi niebezpieczeństwo dowódca statku powietrznego jest zobowiązany?;Zastosować wszelkie niezbędne środki w celu ratowania pasażerów i załogi;Zastosować wszelkie niezbędne środki w celu ratowania statku powietrznego;Zastosować wszelkie niezbędne środki w celu ratowania przewożonej poczty;Powiadomić o tym Prezesa ULC
189;PL010-0226;Od jakiego dnia liczy się pozytywny wynik egzaminów z wiedzy teoretycznej?;Od dnia, w którym kandydat zdał egzamin z wiedzy teoretycznej;Od dnia kiedy zapłacono opłatę lotniczą;Od dnia akceptacji wyniku egzaminu teoretycznego przez Ministra Transportu;Od dnia upływu ważności uprawnień lotniczych
190;PL010-0227;W przypadku niewznowienia lub nieprzedłużenia uprawnienia IR w ciągu 7 lat jego posiadacz musi:;Ponownie zaliczyć egzamin z wiedzy teoretycznej i egzamin praktyczny w zakresie IR;Ponownie zaliczyć tylko egzamin z wiedzy teoretycznej w zakresie IR;Ponownie zaliczyć tylko egzamin praktyczny w zakresie IR;Złożyć wniosek o uprawnienie IR do Ministra Transportu
191;PL010-0228;W przypadku niewznowienia lub nieprzedłużenia uprawnienia EIR w ciągu 7 lat jego posiadacz musi:;Ponownie zaliczyć tylko egzamin z wiedzy teoretycznej w zakresie EIR;Złożyć wniosek o uprawnienie EIR do Ministra Transportu;Ponownie zaliczyć tylko egzamin praktyczny w zakresie EIR;Ponownie zaliczyć egzamin z wiedzy teoretycznej i egzamin praktyczny w zakresie EIR
192;PL010-0229;Osoba ubiegająca się o uprawnienie instruktora musi mieć ukończone co najmniej:;18 lat;17 lat;16 lat;19 lat
193;PL010-0230;W przypadku stwierdzenia jakich okoliczności, przy badaniu prowadzonym przez Państwową Komisję Badania Wypadków Lotniczych, Prezes ULC może zawiesić licencję?;W przypadku gdy pilot był pod wpływem alkoholu;W przypadku gdy pilot nie uiścił opłaty lotniczej;W przypadku stwierdzenia że pilot nie jest obywatelem polskim;W przypadku stwierdzenia że pilot nie jest obywatelem UE
194;PL010-0231;W przypadku stwierdzenia jakich okoliczności, przy badaniu prowadzonym przez Państwową Komisję Badania Wypadków Lotniczych, Prezes ULC może zawiesić licencję?;W przypadku gdy pilot był pod wpływem narkotyków;W przypadku gdy pilot nie uiścił opłaty lotniczej;W przypadku stwierdzenia że pilot nie jest obywatelem polskim;W przypadku stwierdzenia że pilot nie jest obywatelem UE
195;PL010-0232;W przypadku zawieszenia uprawnienia lotniczego wpisywanego do licencji, jej posiadacz ma obowiązek?;Niezwłocznego zwrotu licencji Prezesowi ULC w celu dokonania wpisu o zawieszeniu uprawnienia lotniczego;Nie ma żadnego obowiązku;Niezwłocznie zniszczyć druk licencji;Nie używać licencji
196;PL010-0233;W razie przymusowego lądowania statku powietrznego, dowódca statku powietrznego?;Wykonuje w imieniu właściciela statku powietrznego, w imieniu użytkownika statku oraz w imieniu właścicieli przewożonych rzeczy wszelkie czynności, jakie uzna za konieczne do zabezpieczenia ich interesów;Wykonuje tylko w imieniu właściciela statku powietrznego wszelkie czynności, jakie uzna za konieczne dla zabezpieczenia jego interesów;Wykonuje tylko w imieniu użytkownika statku powietrznego wszelkie czynności, jakie uzna za konieczne dla zabezpieczenia jego interesów;Wykonuje tylko w imieniu właściciela przewożonych rzeczy wszelkie czynności, jakie uzna za konieczne dla zabezpieczenia jego interesów
197;PL010-0234;W razie uszkodzenia statku powietrznego, dowódca statku powietrznego?;Wykonuje w imieniu właściciela statku powietrznego, w imieniu użytkownika statku oraz w imieniu właścicieli przewożonych rzeczy wszelkie czynności, jakie uzna za konieczne do zabezpieczenia ich interesów;Wykonuje tylko w imieniu właściciela statku powietrznego wszelkie czynności , jakie uzna za konieczne dla zabezpieczenia jego interesów;Wykonuje tylko w imieniu użytkownika statku powietrznego wszelkie czynności , jakie uzna za konieczne dla zabezpieczenia jego interesów;Wykonuje tylko w imieniu właściciela przewożonych rzeczy wszelkie czynności , jakie uzna za konieczne dla zabezpieczenia jego interesów
198;PL010-0235;W skład obszaru kontrolowanego wchodzą:;Drogi lotnicze i rejony kontrolowane lotnisk (węzłów lotnisk);Drogi lotnicze, rejony kontrolowane lotnisk (węzłów lotnisk) i strefy kontrolowane lotnisk;Drogi lotnicze, strefy kontrolowane lotnisk;Drogi lotnicze, rejony kontrolowane lotnisk (węzłów lotnisk), strefy kontrolowane lotnisk oraz przestrzeń powietrzna poza ich strukturą od FL 95 do FL 460
199;PL010-0236;Według jakich przepisów odbywa się lot i manewrowanie statku powietrznego na obszarze niepodlegającym zwierzchnictwu żadnego państwa?;Zgodnie z przepisami międzynarodowymi;Zgodnie z przepisami polskimi;Zgodnie z przepisami kraju rejestracji danego statku powietrznego;Zgodnie z przepisami kraju z którego nastąpił start danego statku powietrznego
200;PL010-0237;Według jakich przepisów odbywa się lot i manewrowanie statku powietrznego w granicach danego terytorium?;Zgodnie z przepisami obowiązującymi w granicach danego terytorium;Zgodnie z przepisami międzynarodowymi;Zgodnie z przepisami polskimi;Zgodnie z przepisami kraju rejestracji danego statku powietrznego
201;PL010-0238;Według prawa jakiego państwa ocenia się prawa rzeczowe na statku powietrznym?;Według prawa państwa przynależności danego statku powietrznego;Według prawa państwa z którego terytorium wystartował dany statek powietrzny;Według prawa państwa na którego terytorium ląduje dany statek powietrzny;Według prawa państwa nad którego terytorium przelatuje dany statek powietrzny
202;PL010-0239;Wykonywania jakich czynności lotniczych zabrania się?;Wykonywania czynności lotniczych przez osobę nieposiadającą licencji lub świadectwa kwalifikacji;Wykonywania czynności lotniczych przez osobę posiadającą licencję;Wykonywania czynności lotniczych przez osobę posiadającą świadectwo kwalifikacji;Wykonywania przez członka personelu lotniczego czynności lotniczych zgodnych z warunkami określonymi w licencji lub w świadectwach kwalifikacji
203;PL010-0243;Zgodnie z rozporządzeniem ministra właściwego do spraw transportu w sprawie ograniczeń lotów na czas dłuższy niż 3 miesiące lot w strefie R na samolocie wyposażonym w silnik inny niż tłokowy nad obszarami miast o liczbie mieszkańców od 25 000 do 50 000 nie powinien być wykonywany na wysokości mniejszej niż:;1000 m AMSL GND;600 m AMSL GND;1500 m AMSL GND;2000 m AMSL GND
204;PL010-0244;Zgodnie z rozporządzeniem ministra właściwego do spraw transportu w sprawie ograniczeń lotów na czas dłuższy niż 3 miesiące lot w strefie R na śmigłowcu lub samolocie o napędzie tłokowym nad obszarami miast o liczbie mieszkańców od 25000 do 50000 nie powinien być wykonywany na wysokości mniejszej niż:;500 m AMSL GND;300 m AMSL GND;600 m AMSL GND;1000 m AMSL GND
205;PL010-0245;Zgodnie z rozporządzeniem ministra właściwego do spraw transportu w sprawie ograniczeń lotów na czas dłuższy niż 3 miesiące lot w strefie R nad obszarami miast o liczbie mieszkańców od 50 000 do 100 000 nie powinien być wykonywany na wysokości mniejszej niż:;1000 m AMSL GND;600 m AMSL GND;500 m AMSL GND;1500 m AMSL GND
206;PL010-0246;Zgodnie z rozporządzeniem ministra właściwego do spraw transportu w sprawie ograniczeń lotów na czas dłuższy niż 3 miesiące lot w strefie R nad obszarami miast o liczbie mieszkańców powyżej 25 000 nie powinien być wykonywany na wysokości mniejszej niż 500 m:;AMSL GND;Od wierzchołka najwyższej przeszkody w promieniu 600 m od statku powietrznego;Od wierzchołka najwyższej przeszkody na terenie tego miasta;Od wierzchołka przeszkody, nad którą statek powietrzny aktualnie przelatuje
207;PL010-0247;Zgodnie z rozporządzeniem ministra właściwego do spraw transportu w sprawie ograniczeń lotów na czas dłuższy niż 3 miesiące lot w strefie R nad obszarami miast o liczbie mieszkańców większej niż 100 000 nie powinien być wykonywany na wysokości mniejszej niż:;1500 m AMSL GND;1000 m AMSL GND;500 m AMSL GND;2000 m AMSL GND
208;PL010-0248;Zgodnie z rozporządzeniem ministra właściwego do spraw transportu w sprawie ograniczeń lotów na czas dłuższy niż 3 miesiące lot w strefie R nad obszarem miasta stołecznego Warszawy nie powinien być wykonywany na wysokości mniejszej niż:;1850 m AMSL GND;1000 m AMSL GND;1500 m AMSL GND;500 m AMSL GND
209;PL010-0249;Osoba która była świadkiem nieszczęśliwego wypadku statku powietrznego jest obowiązana niezwłocznie zawiadomić:;Najbliższy organ Policji lub administracji publicznej;Prezesa ULC;Ministra właściwego do spraw transportu;Właściwą delegaturę ULC
210;PL010-0250;Kto podlega badaniom lotniczo- lekarskim?;Osoby ubiegające się o wydanie licencji oraz świadectwa kwalifikacji członka personelu lotniczego;Tylko osoby ubiegające się o wydanie licencji członka personelu lotniczego;Tylko osoby ubiegające się o wydanie świadectwa kwalifikacji;Wszyscy pracownicy ULC
211;PL010-0251;Członek personelu lotniczego obowiązany jest niezwłocznie zasięgnąć porady lekarza orzecznika w celu przeprowadzenia badań okolicznościowych i wykluczenia przeciwwskazań do wykonywania określonych czynności lotniczych w przypadku:;Pogorszenia się sprawności psychicznej lub fizycznej, w takim stopniu, że może mieć to wpływ na jego zdolność do bezpiecznego wykonywania czynności lotniczych;Pogorszenia się sprawności psychicznej w stopniu nie mającym wpływu na jego zdolność do bezpiecznego wykonywania czynności lotniczych;Doznania urazu nie związanego z ograniczeniem sprawności, umożliwiającego wykonywanie czynności członka personelu lotniczego;Pogorszenia się sprawności fizycznej w stopniu nie mającym wpływu na jego zdolność do bezpiecznego wykonywania czynności lotniczych
212;PL010-0252;Czy badania lotniczo-lekarskie są przeprowadzane odpłatnie?;Tak;Nie;Tak, ale tylko w przypadku, kiedy odbywają się poza Warszawą;Tak, ale tylko w przypadku, kiedy są przeprowadzane dla osób powyżej 30 roku życia
213;PL010-0253;Czy użytkownik statku powietrznego wykonując czynności związane z przeglądami, naprawami i obsługą techniczną statku powietrznego, ma obowiązek powiadamiać Prezesa ULC o wszelkich zdarzeniach i okolicznościach mogących mieć istotne znaczenie dla zdatności statku powietrznego do lotu?;Tak;Nie, użytkownik nie ma takiego obowiązku;Tak, ale tylko jeżeli statek powietrzny jest używany w przewozie;Tak, ale tylko jeżeli statek powietrzny jest używany w szkoleniu lotniczym
214;PL010-0254;Czy zezwolenie kontroli ruchu lotniczego to upoważnienie dowódcy statku powietrznego do postępowania zgodnie z warunkami określonymi przez organ kontroli ruchu lotniczego?;Tak;Nie;Tak, jeśli nie zawiera granicy zezwolenia;Nie, jeśli jest określona granica zezwolenia
215;PL010-0255;Dowódca statku powietrznego ma prawo decydować:;O zastosowaniu niezbędnych środków, łącznie ze środkami przymusu w stosunku do osób zagrażających bezpieczeństwu lotu lub porządkowi na pokładzie statku powietrznego oraz do osób nie wykonujących jego poleceń;Tylko o zastosowaniu niezbędnych środków, łącznie ze środkami przymusu w stosunku do osób nie wykonujących jego poleceń;Tylko o zastosowaniu niezbędnych środków, łącznie ze środkami przymusu w stosunku do osób zagrażających porządkowi na pokładzie statku powietrznego;Tylko o zastosowaniu niezbędnych środków, łącznie ze środkami przymusu w stosunku do osób zagrażających bezpieczeństwu lotu
216;PL010-0256;Dowódca statku powietrznego ma prawo decydować:;O zastosowaniu niezbędnych środków, łącznie ze środkami przymusu w stosunku do osób nie wykonujących jego poleceń oraz zatrzymaniu osoby zagrażającej porządkowi oraz bezpieczeństwu lotu na pokładzie statku powietrznego, do czasu przekazania jej właściwym organom;Tylko o zatrzymaniu osoby zagrażającej porządkowi na pokładzie statku powietrznego, do czasu przekazania jej właściwym organom;Tylko o zatrzymaniu osoby zagrażającej bezpieczeństwu lotu, do czasu przekazania jej właściwym organom;Tylko o zastosowaniu niezbędnych środków, łącznie ze środkami przymusu w stosunku do osób nie wykonujących jego poleceń
217;PL010-0257;Kandydat ubiegający się o wydanie licencji pilota szybowcowego musi mieć:;Ukończone 16 lat;Ukończone 17 lat;Ukończone 15 lat;Ukończone 21 lat
218;PL010-0258;Ile ukończonych lat musi mieć kandydat ubiegający się o wydanie licencji pilota szybowcowego zawodowego?;Nie ma takiej licencji;Ukończone 17 lat;Ukończone 15 lat;Ukończone 16 lat
219;PL010-0259;Jaki dokument należy załączyć do wniosku o przywrócenie zawieszonej licencji?;Orzeczenie lotniczo- lekarskie;2 zdjęcia;Świadectwo szkolne;Świadectwo radiooperatora
220;PL010-0260;Jaki dokument należy załączyć do wniosku o przywrócenie zawieszonej licencji?;Orzeczenie lotniczo- lekarskie oraz dokument potwierdzający spełnienie warunków przywrócenia licencji;Świadectwo szkolne;Świadectwo radiooperatora;2 zdjęcia
221;PL010-0261;Jakie dokumenty załącza się do wniosku o wydanie licencji?;Dokumenty potwierdzające spełnienie odpowiednich wymagań dotyczących szkolenia teoretycznego i praktycznego oraz potwierdzające spełnienie wymagań dotyczących sprawności psychicznej i fizycznej;Dokumenty potwierdzające spełnienie wymagań dotyczących sprawności psychicznej i fizycznej;4 zdjęcia;Dokumenty potwierdzające spełnienie odpowiednich wymagań dotyczących szkolenia teoretycznego i praktycznego
222;PL010-0262;Posiadacze oraz kandydaci ubiegający się o wydanie licencji pilota turystycznego (PPL) i pilota szybowcowego posiadają orzeczenie lekarskie co najmniej:;2 klasy;1 Klasy;3 Klasy;4 Klasy
223;PL010-0263;Posiadacz licencji SPL jest uprawniony tylko do wykonywania lotów bez wynagrodzenia w operacjach niekomercyjnych do czasu ukończenia:;18 lat;17 lat;16 lat;19 lat
224;PL010-0264;Czy istnieje warunek poziomu edukacji dla kandydata do licencji pilota szybowcowego?;Nie;Tak - wykształcenie podstawowe;Tak - wykształcenie wyższe;Tak - wykształcenie średnie
225;PL010-0265;Kandydat ubiegający się o uzyskanie licencji pilota szybowcowego powinien ukończyć szkolenie w:;Zatwierdzonych organizacjach szkolenia;Organizacjach wpisanych do rejestru podmiotów szkolących;Aeroklubach regionalnych;Szkołach prywatnych
226;PL010-0266;Kandydat ubiegający się o uzyskanie licencji pilota szybowcowego powinien ukończyć:;Szkolenie teoretyczne i praktyczne;Tylko szkolenie teoretyczne;Tylko szkolenie praktyczne;Szkolenie w CTO
227;PL010-0267;Kandydat ubiegający się o uzyskanie licencji pilota szybowcowego powinien wykazać podczas egzaminu praktycznego, że posiada umiejętności w zakresie:;Czynności przed lotem i odlot;Lotów nocnych VFR;Czynności przed lotem, napełnianie powłoki i start;Procedur w sytuacjach anormalnych i awaryjnych
228;PL010-0268;Kandydat ubiegający się o uzyskanie licencji pilota szybowcowego powinien wykazać podczas egzaminu praktycznego, że posiada umiejętności w zakresie:;Utrzymywania lotu po prostej: kontrola wysokości i prędkości;Lotów nocnych VFR;Symulowanego pożaru na ziemi i w powietrzu;Procedur w sytuacjach anormalnych i awaryjnych
229;PL010-0269;Kandydat ubiegający się o uzyskanie licencji pilota szybowcowego powinien wykazać podczas egzaminu praktycznego, że posiada umiejętności w zakresie:;Lotu z dużym kątem natarcia (minimalna prędkość lotu);Lotów nocnych VFR;Symulowanego pożaru na ziemi i w powietrzu;Procedur w sytuacjach anormalnych i awaryjnych
230;PL010-0270;Kandydat ubiegający się o uzyskanie licencji pilota szybowcowego powinien wykazać podczas egzaminu praktycznego, że posiada umiejętności w zakresie:;Prawidłowego wyczepienia z holu;Lotów nocnych VFR;Symulowanego pożaru na ziemi i w powietrzu;Procedur w sytuacjach anormalnych i awaryjnych
231;PL010-0271;Kandydat ubiegający się o uzyskanie licencji pilota szybowcowego powinien wykazać podczas egzaminu praktycznego, że posiada umiejętności w zakresie:;Startu za samolotem holującym;Lotów nocnych VFR;Symulowanego pożaru na ziemi i w powietrzu;Procedur w sytuacjach anormalnych i awaryjnych
232;PL010-0272;Kandydat ubiegający się o uzyskanie licencji pilota szybowcowego powinien wykazać podczas egzaminu praktycznego, że posiada umiejętności w zakresie:;Procedury wejścia w krag nadlotniskowy;Lotów nocnych VFR;Symulowanego pożaru na ziemi i w powietrzu;Procedur w sytuacjach anormalnych i awaryjnych
233;PL010-0273;Kandydat ubiegający się o uzyskanie licencji pilota szybowcowego powinien wykazać podczas egzaminu praktycznego, że posiada umiejętności w zakresie:;Unikania kolizji: procedury obserwacji zewnętrznej;Lotów nocnych VFR;Symulowanego pożaru na ziemi i w powietrzu;Procedur w sytuacjach anormalnych i awaryjnych
234;PL010-0274;Kandydat ubiegający się o uzyskanie licencji pilota szybowcowego powinien wykazać podczas egzaminu praktycznego, że posiada umiejętności w zakresie:;Czynności kontrolnych przed lądowaniem;Lotów nocnych VFR;Symulowanego pożaru na ziemi i w powietrzu;Procedur w sytuacjach anormalnych i awaryjnych
235;PL010-0275;Kandydat ubiegający się o uzyskanie licencji pilota szybowcowego powinien wykazać podczas egzaminu praktycznego, że posiada umiejętności w zakresie:;Lądowania przy bocznym wietrze jeżeli pozwalają na to warunki;Lotów nocnych VFR;Symulowanego pożaru na ziemi i w powietrzu;Procedur w sytuacjach anormalnych i awaryjnych
236;PL010-0276;Kandydat ubiegający się o uzyskanie licencji pilota szybowcowego powinien wykazać podczas egzaminu praktycznego, że posiada umiejętności w zakresie:;Lądowania precyzyjnego (symulacja lądowania w terenie przygodnym i lądowania na krótkim pasie);Lotów nocnych VFR;Symulowanego pożaru na ziemi i w powietrzu;Procedur w sytuacjach anormalnych i awaryjnych
237;PL010-0277;Kandydat ubiegający się o uzyskanie licencji pilota szybowcowego powinien wykazać podczas egzaminu praktycznego, że posiada umiejętności w zakresie:;Zapobiegania wejściu w korkociuąg i wyprowadzania;Lotów nocnych VFR;Symulowanego pożaru na ziemi i w powietrzu;Procedur w sytuacjach anormalnych i awaryjnych
238;PL010-0278;Kandydat ubiegający się o uzyskanie licencji pilota szybowcowego powinien wykazać podczas egzaminu teoretycznego, że posiada wiedzę w zakresie przedmiotu:;Prawo lotnicze;Prawo cywilne;Prawo karne;Prawo pracy
239;PL010-0279;Kandydat ubiegający się o uzyskanie licencji pilota szybowcowego powinien wykazać podczas egzaminu teoretycznego, że posiada wiedzę w zakresie przedmiotu:;Wiedza ogólna o szybowcu;Wiedza ogólna o lotnictwie;Pedagogika;Wiedza z medycyny lotniczej
240;PL010-0280;Kandydat ubiegający się o uzyskanie licencji pilota szybowcowego powinien wykazać podczas egzaminu teoretycznego, że posiada wiedzę w zakresie przedmiotu:;Osiągi i planowanie lotów;Wiedza ogólna o lotnictwie;Trasa lotu;Wiedza z medycyny lotniczej
241;PL010-0281;Kandydat ubiegający się o uzyskanie licencji pilota szybowcowego powinien wykazać podczas egzaminu teoretycznego, że posiada wiedzę w zakresie przedmiotu:;Człowiek – możliwości i ograniczenia;Funkcje życiowe człowieka;Trasa lotu;Psychologia człowieka
242;PL010-0282;Kandydat ubiegający się o uzyskanie licencji pilota szybowcowego powinien wykazać podczas egzaminu teoretycznego, że posiada wiedzę w zakresie przedmiotu:;Meteorologia;Funkcje życiowe człowieka;Trasa lotu;Psychologia człowieka
243;PL010-0283;Kandydat ubiegający się o uzyskanie licencji pilota szybowcowego powinien wykazać podczas egzaminu teoretycznego, że posiada wiedzę w zakresie przedmiotu:;Nawigacja;Prawo karne;Prawo cywilne;Psychologia człowieka
244;PL010-0284;Kandydat ubiegający się o uzyskanie licencji pilota szybowcowego powinien wykazać podczas egzaminu teoretycznego, że posiada wiedzę w zakresie przedmiotu:;Procedury operacyjne;Funkcje życiowe człowieka;Trasa lotu;Pedagogika
245;PL010-0285;Kandydat ubiegający się o uzyskanie licencji pilota szybowcowego powinien wykazać podczas egzaminu teoretycznego, że posiada wiedzę w zakresie przedmiotu:;Zasady lotu;Aerodynamika;Trasa lotu;Pedagogika
246;PL010-0286;Kandydat ubiegający się o uzyskanie licencji pilota szybowcowego powinien wykazać podczas egzaminu teoretycznego, że posiada wiedzę w zakresie przedmiotu:;Łączność;Funkcje życiowe człowieka;Trasa lotu;Psychologia człowieka
247;PL010-0287;Kandydat ubiegający się o uzyskanie licencji pilota szybowcowego nie musi wykazać podczas egzaminu teoretycznego, że posiada wiadomości w zakresie przedmiotu:;Psychologia człowieka;Zasady lotu;Procedury operacyjne;Łączność
248;PL010-0288;Osoba ubiegająca się o licencję SPL musi zaliczyć co najmniej:;10 godzin szkolenia w locie z instruktorem;5 godzin szkolenia w locie z instruktorem;15 godzin szkolenia w locie z instruktorem;20 szkolenia w locie z instruktorem
249;PL010-0289;Osoba ubiegająca się o licencję SPL musi zaliczyć co najmniej:;45 startów i lądowań;40 startów i lądowań;35 startów i lądowań;50 startów i lądowań
250;PL010-0291;Kiedy następuje skreślenie członka personelu lotniczego z rejestru personelu lotniczego?;W razie śmierci albo uznania za zmarłego;W razie braku opłaty lotniczej;W razie upływu terminu 5 lat od dnia upływu terminu ważności licencji;W razie upływu terminu 3 lat od dnia upływu terminu ważności licencji
251;PL010-0292;Kiedy następuje skreślenie członka personelu lotniczego z rejestru personelu?;W razie cofnięcia wszystkich licencji;W razie upływu terminu 5 lat od dnia upływu terminu ważności licencji;W razie braku opłaty lotniczej;W razie upływu terminu 3 lat od dnia upływu terminu ważności świadectw kwalifikacji
252;PL010-0293;Kiedy następuje, przywrócenie na wniosek zainteresowanego licencji, która została zawieszona?;Kiedy upłynął okres zawieszenia licencji;Kiedy zgodę wyrazi Prezes ULC;Kiedy zgodę wyrazi minister właściwy do spraw transportu;Kiedy upłynie termin ważności licencji
253;PL010-0294;Kiedy państwowy organ zarządzania ruchem lotniczym oraz cywilne lotniskowe organy służb ruchu lotniczego mogą wezwać cywilny statek powietrzny do wylądowania na wskazanym lotnisku lub do wykonania innych poleceń?;Gdy istnieją uzasadnione obawy, aby sądzić, że statek powietrzny jest użyty do działań sprzecznych z prawem;Gdy statek powietrzny jest zarejestrowany poza UE;Gdy statek powietrzny wykonuje lot wbrew decyzjom Ministra Komunikacji;W razie braku opłaty nawigacyjnej
254;PL010-0295;Kiedy państwowy organ zarządzania ruchem lotniczym oraz cywilne lotniskowe organy służb ruchu lotniczego mogą wezwać cywilny statek powietrzny do wylądowania na wskazanym lotnisku lub do wykonania innych poleceń?;Gdy istnieją uzasadnione obawy, aby sądzić, że statek powietrzny jest użyty do działań sprzecznych z prawem;Gdy statek powietrzny jest zarejestrowany poza Polską;W razie braku opłaty nawigacyjnej;Gdy na pokładzie statku powietrznego znajduje się osoba obłożnie chora
255;PL010-0296;Kiedy państwowy organ zarządzania ruchem lotniczym oraz cywilne lotniskowe organy służb ruchu lotniczego mogą wezwać cywilny statek powietrzny do wylądowania na wskazanym lotnisku lub do wykonania innych poleceń?;Gdy statek powietrzny wykonuje lot wbrew zakazom ustalonym w danej przestrzeni powietrznej;Gdy warunki meteorologiczne uległy pogorszeniu poniżej minimów pilota;W razie braku opłaty lotniczej;Gdy warunki meteorologiczne uległy pogorszeniu poniżej minimów dla danej klasy przestrzeni powietrznej
256;PL010-0297;Kiedy państwowy organ zarządzania ruchem lotniczym oraz cywilne lotniskowe organy służb ruchu lotniczego mogą wezwać cywilny statek powietrzny do wylądowania na wskazanym lotnisku lub do wykonania innych poleceń?;Gdy istnieją uzasadnione obawy, aby sądzić, że statek powietrzny jest użyty do działań sprzecznych z prawem;Gdy warunki meteorologiczne uległy pogorszeniu poniżej minimów pilota;W razie braku opłaty nawigacyjnej;Gdy warunki meteorologiczne uległy pogorszeniu poniżej minimów dla danej klasy przestrzeni powietrznej
257;PL010-0298;Użytkownik statku powietrznego ma obowiązek powiadamiać o wszelkich zdarzeniach i okolicznościach mogących mieć istotne znaczenie dla zdatności statku powietrznego do lotu:;Prezesa ULC;Ministra właściwego do spraw transportu;Ministra Infrastruktury;EASA
258;PL010-0299;Kogo zaliczamy do personelu wchodzącego w skład załóg statków powietrznych, któremu wydaje się licencje?;Pilot szybowcowy;Dyspozytor lotniczy;Pilot paralotni;Pilot motolotni
259;PL010-0300;Kto może wnosić i używać na pokładzie statku powietrznego broń palną i gazową?;Funkcjonariusze Agencji Wywiadu podczas wykonywania czynności służbowych;Funkcjonariusze Ministerstwa Infrastruktury podczas wykonywania czynności służbowych;Straż Miejska podczas wykonywania czynności służbowych;Inspektorzy ULC podczas wykonywania czynności służbowych
260;PL010-0301;Kto może wnosić i używać na pokładzie statku powietrznego broń palną i gazową?;Funkcjonariusze Policji podczas wykonywania czynności służbowych;Inspektorzy ULC podczas wykonywania czynności służbowych;Straż Miejska podczas wykonywania czynności służbowych;Funkcjonariusze Ministerstwa Infrastruktury podczas wykonywania czynności służbowych
261;PL010-0303;Kto ponosi odpowiedzialność za szkody spowodowane ruchem statków powietrznych?;Osoba eksploatująca statek powietrzny jeżeli używała go w czasie spowodowania szkody;Ubezpieczyciel;Osoba eksploatująca statek powietrzny, nawet jeżeli nie używała go w czasie spowodowania szkody;Właściciel statku powietrznego
262;PL010-0304;Kto ponosi odpowiedzialność za szkody spowodowane ruchem statków powietrznych?;Osoba która bezprawnie eksploatuje statek powietrzny w czasie spowodowania szkody;Ubezpieczyciel;Osoba eksploatująca statek powietrzny, nawet jeżeli nie używała go w czasie spowodowania szkody;Właściciel statku powietrznego
263;PL010-0305;Kto prowadzi listę centrów medycyny lotniczej?;Prezes ULC;Minister właściwy do spraw transportu;Naczelny Lekarz;Kasa chorych na terenie której centrum medycyny lotniczej działa
264;PL010-0306;Kto prowadzi listę lekarzy orzeczników?;Prezes ULC;Minister właściwy do spraw transportu;Naczelny Lekarz;Kasa chorych na terenie której dany lekarz orzecznik działa
265;PL010-0310;Mając na względzie przeciwdziałanie oddziaływaniu lotnictwa cywilnego na środowisko oraz wymagania wynikające z przepisów międzynarodowych , Minister właściwy do spraw transportu w porozumieniu z ministrem właściwym do spraw środowiska może:;W drodze rozporządzenia wprowadzić częściowy lub całkowity zakaz lotów dla statków powietrznych niespełniających wymogów ochrony środowiska w zakresie ochrony przed hałasem;W drodze uchwały wprowadzić częściowy zakaz lotów dla statków powietrznych;W drodze uchwały wprowadzić częściowy lub całkowity zakaz lotów dla statków powietrznych niespełniających wymogów ochrony środowiska w zakresie ochrony przed hałasem;W drodze rozporządzenia wprowadzić częściowy zakaz lotów dla statków powietrznych
266;PL010-0312;Na jaki okres czasu minister właściwy do spraw transportu może wprowadzać zakazy lub ograniczenia lotów nad obszarem całego państwa albo jego części?;Na czas dłuższy niż 3 miesiące;Na czas dłuższy niż 6 miesięcy;Na czas krótszy niż 3 miesiące;Na czas krótszy niż 1 miesiąc
267;PL010-0313;Na jakich statkach powietrznych można przeprowadzić praktyczne szkolenie na ziemi i w locie?;Na statkach powietrznych mających wymagane znaki rozpoznawcze;Na szkolnych samolotach ze znakiem rozpoznawczym INS;Na statkach powietrznych bez ubezpieczenia;Na statkach powietrznych nie wpisanych do polskiego lub obcego rejestru cywilnych statków powietrznych
268;PL010-0315;Oprócz służb ruchu lotniczego statkom powietrznym wykonującym loty w polskiej przestrzeni powietrznej zapewnia się:;Służbę informacji lotniczej;ATS;Służbę kontroli zbliżania;Służbę kontroli obszaru
269;PL010-0316;Oprócz służb ruchu lotniczego statkom powietrznym wykonującym loty w polskiej przestrzeni powietrznej zapewnia się:;Służbę meteorologiczną;Służbę alarmową;Służbę kontroli lotniska;Służbę informacji powietrznej
270;PL010-0317;Osoba która była świadkiem nieszczęśliwego wypadku statku powietrznego jest obowiązana niezwłocznie zawiadomić:;Służby bezpieczeństwa i porządku publicznego, mogące udzielić pomocy;Prezesa ULC;Ministra właściwego do spraw transportu;Właściwą delegaturę ULC
271;PL010-0318;Osoba która była świadkiem nieszczęśliwego wypadku statku powietrznego jest obowiązana niezwłocznie zawiadomić:;Jednostki ochrony przeciwpożarowej, mogące udzielić pomocy;Prezesa ULC;Ministra właściwego do spraw transportu;Właściwą delegaturę ULC
272;PL010-0319;Osoba która była świadkiem przymusowego lądowania statku powietrznego jest obowiązana niezwłocznie zawiadomić:;Najbliższy organ Policji lub administracji publicznej;Prezesa ULC;Ministra właściwego do spraw transportu;Właściwą delegaturę ULC
273;PL010-0320;Osoba która była świadkiem przymusowego lądowania statku powietrznego jest obowiązana niezwłocznie zawiadomić:;Służby bezpieczeństwa i porządku publicznego, mogące udzielić pomocy;Prezesa ULC;Ministra właściwego do spraw transportu;Właściwą delegaturę ULC
274;PL010-0322;Osoba która odnalazła porzucony statek powietrzny lub jego szczątki jest obowiązana niezwłocznie zawiadomić:;Najbliższy organ Straży Miejskiej;Prezesa ULC;Firmę ubezpieczeniową;Ministra Transportu
275;PL010-0323;Osoba która odnalazła porzucony statek powietrzny lub jego szczątki jest obowiązana niezwłocznie zawiadomić:;Najbliższy organ Policji lub administracji publicznej;Prezesa ULC;Ministra właściwego do spraw transportu;Właściwą delegaturę ULC
276;PL010-0324;Osoba która odnalazła porzucony statek powietrzny lub jego szczątki jest obowiązana niezwłocznie zawiadomić:;Służby bezpieczeństwa i porządku publicznego, mogące udzielić pomocy;Prezesa ULC;Ministra właściwego do spraw transportu;Właściwą delegaturę ULC
277;PL010-0325;Osoba która odnalazła porzucony statek powietrzny lub jego szczątki jest obowiązana niezwłocznie zawiadomić:;Jednostki ochrony przeciwpożarowej, mogące udzielić pomocy;Prezesa ULC;Ministra właściwego do spraw transportu;Właściwą delegaturę ULC
278;PL010-0326;Posiadacz licencji pilota szybowcowego może korzystać z wynikających z niej uprawnień na szybowcach lub szybowcach z napędem dopiero, gdy w okresie ostatnich 24 miesięcy wykonał na szybowcach lub szybowcach z napędem co najmniej:;5 godzin czasu lotu w charakterze pilota dowódcy;4 godzin czasu lotu w charakterze pilota dowódcy;7 godzin czasu lotu w charakterze pilota dowódcy;10 godzin czasu lotu w charakterze pilota dowódcy
279;PL010-0327;Przy kim działa stała, niezależna Państwowa Komisja Badania Wypadków Lotniczych prowadząca badania wypadków i incydentów lotniczych?;Przy ministrze właściwym do spraw transportu;Przy Prezesie Urzędu lotnictwa Cywilnego;Przy Radzie Ministrów;Przy Prezydencie RP
280;PL010-0328;Szkolenie wymagane do wydania licencji pilota szybowcowego może być prowadzone w ATO, które uzyskały:;Certyfikat Prezesa ULC;Certyfikat ministra właściwego do spraw transportu;Zatwierdzenie EASA;Certyfikat EUROCONTROL
281;PL010-0329;W czasie lotów zabrania się dokonywania zrzutów ze statku powietrznego w celu:;Ochrony granic;Poszukiwań i ratownictwa;Sportu i obsługi imprez masowych;Reklamy
282;PL010-0330;W czasie lotów zabrania się dokonywania zrzutów ze statku powietrznego w celu:;Ochrony granic;Gospodarki rolnej i leśnej;Doświadczeń i szkoleń;Służby zdrowia
283;PL010-0332;Każdy szkolny statek powietrzny powinien być: wyposażony w:;Podstawowe elementy układu sterowania w locie, które są natychmiast dostępne zarówno przez kandydata jak i instruktora;Podstawowe elementy układu sterowania w locie, które są natychmiast dostępne dla kandydata;Podstawowe elementy układu sterowania w locie, które są natychmiast dostępne dla instruktora;Wskaźnik kierunku wiatru, który jest widoczny na poziomie ziemi z końców każdej drogi startowej lub w odpowiednich punktach oczekiwania
284;PL010-0333;Szkolny statek powietrzny powinien być: wyposażony w:;Odpowiednie wyposażenie do symulacji warunków meteorologicznych;Podstawowe elementy odpowiednie do demonstracji autorotacji;Odpowiednie oświetlenie elektryczne drogi startowej wykorzystywane do szkolenia w nocy;Wskaźnik kierunku wiatru, który jest widoczny na poziomie ziemi z końców każdej drogi startowej lub w odpowiednich punktach oczekiwania
285;PL010-0337;W przypadku negatywnego wyniku sprawdzenia wiadomości lub umiejętności lotniczych dokonywanych w celu przedłużenia uprawnień lotniczych:;Prezes ULC zawiesza ważność uprawnienia przez dokonanie odpowiedniego wpisu do licencji;Prezes ULC zabiera licencję w której jest wpisane uprawnienie;Prezes ULC dokonuje wykreślenie członka personelu lotniczego z rejestru członków personelu lotniczego;Minister właściwy do spraw transportu zawiesza ważność uprawnienia przez dokonanie odpowiedniego wpisu do licencji
286;PL010-0338;W przypadku negatywnego wyniku sprawdzenia wiadomości lub umiejętności lotniczych dokonywanych w celu przedłużenia uprawnień lotniczych:;W protokole sprawdzenia wiadomości i umiejętności lotniczych wskazuje się zakres dodatkowego szkolenia niezbędnego do przywrócenia uprawnienia;Prezes ULC zabiera licencję w której jest wpisane uprawnienie;Prezes ULC dokonuje wykreślenie członka personelu lotniczego z rejestru członków personelu lotniczego;Minister właściwy do spraw transportu zawiesza ważność uprawnienia przez dokonanie odpowiedniego wpisu do licencji
287;PL010-0339;W przypadku negatywnego wyniku sprawdzenia wiadomości lub umiejętności lotniczych dokonywanych w celu wznowienia uprawnień lotniczych:;Prezes ULC zawiesza ważność uprawnienia przez dokonanie odpowiedniego wpisu do licencji;Prezes ULC zabiera licencję w której jest wpisane uprawnienie;Prezes ULC dokonuje wykreślenie członka personelu lotniczego z rejestru członków personelu lotniczego;Minister właściwy do spraw transportu zawiesza ważność uprawnienia przez dokonanie odpowiedniego wpisu do licencji
288;PL010-0343;W przypadku negatywnego wyniku sprawdzenia wiadomości lub umiejętności lotniczych dokonywanych w celu przedłużenia uprawnień lotniczych pilot:;Niezwłocznie zwraca on swoją licencję;Powinien zapłacić opłatę lotniczą w terminie 1 miesiąca;Powinien zapłacić opłatę lotniczą w terminie 2 tygodni;Powinien zapłacić opłatę lotniczą w terminie 2 miesięcy
289;PL010-0345;W przypadku utraty ważności poprzedniej licencji nową wydaje się po załączeniu do wniosku:;"Dokumentów potwierdzających spełnienie wymagań dotyczących sprawności psychicznej i fizycznej; dokumentów potwierdzających spełnienie odpowiednich wymagań dotyczących praktyki lotniczej; oraz dokumentów potwierdzających spełnienie odpowiednich wymagań dotyczących szkolenia lotniczego teoretycznego i praktycznego";Tylko dokumentów potwierdzających spełnienie wymagań dotyczących sprawności psychicznej i fizycznej;Tylko dokumentów potwierdzających spełnienie odpowiednich wymagań dotyczących praktyki lotniczej;Tylko dokumentów potwierdzających spełnienie odpowiednich wymagań dotyczących szkolenia lotniczego teoretycznego i praktycznego
290;PL010-0346;Czy odpowiedzialność za szkody spowodowane ruchem statków powietrznych powstaje, jeżeli szkoda wynikła z samego faktu przelotu statku powietrznego?;Nie, jeżeli przelot statku powietrznego odbywał się zgodnie z przepisami;Tak;Nie, nawet jeżeli przelot statku powietrznego odbywał się niezgodnie z przepisami;Tak, w zalezności od typu statku powietrznego
291;PL010-0347;Czy pracownikom Urzędu Lotnictwa Cywilnego, przysługuje prawo zabezpieczenia statku powietrznego używanego przez osoby nieuprawnione w celu niedopuszczenia do dalszego jego użytkowania?;Tak, ale tylko po okazaniu legitymacji służbowej;Nie;Tak, ale tylko za potwierdzoną zgodą Prezesa Urzędu Lotnictwa Cywilnego;Tak, ale tylko na terenie międzynarodowych portów lotniczych
292;PL010-0348;Każdy statek powietrzny, pojazd lub osoby znajdujące się na polu manewrowym i w pobliżu tego pola lub też ruch odbywający się w pobliżu lotniska, które mogą stanowić niebezpieczeństwo dla zainteresowanych statków powietrznych, to:;Lokalny ruch zasadniczy;Lotniczy ruch zasadniczy;Lotniskowy ruch zasadniczy;Lotniskowy ruch kolizyjny
293;PL010-0349;Które loty międzynarodowe nie wymagają uzyskania zezwolenia?;Międzynarodowe loty niehandlowe polskich cywilnych statków powietrznych;Międzynarodowe loty handlowe obcych przewoźników z lądowaniem handlowym na terytorium RP;Międzynarodowe nieregularne niehandlowe statków powietrznych państw, które nie są stronami Konwencji o międzynarodowym lotnictwie cywilnym;Loty szkoleniowe
294;PL010-0350;Lot VFR na i powyżej FL 100 w przestrzeni powietrznej klasy C może być wykonany, jeżeli widzialność w locie jest nie mniejsza niż:;8 km;1500 m;5 km;10 km
295;PL010-0351;Meldunek „Na krótkiej prostej” jest podawany, gdy statek pow. znajdujący się w kręgu nadlotniskowym wykonuje zakręt do podejścia końcowego w odległości od punktu przyziemienia mniejszej niż:;4 NM;4 km;15 km;8 NM
296;PL010-0352;Nie mając przydzielonego indywidualnego kodu SSR, wlatując w locie IFR w przestrzeń powietrzną, gdzie na potrzeby służby ruchu lotniczego wykorzystywany jest radar wtórny, dowódca statku powietrznego wyposażonego w transponder powinien włączyć go w modzie A na kod:;2000;7000;7600;Każdy dowolny kod
297;PL010-0353;Przy wykonywaniu lotów międzynarodowych statek powietrzny jest obowiązany przestrzegać?;"Przepisów ruchu lotniczego właściwych dla obszaru, w którym ruch się odbywa; poleceń otrzymanych od państwowego statku powietrznego państwa nad, którego terytorium lot się odbywa, nakazujących lądowania na wskazanym lotnisku lub inne postępowanie załogi; oraz poleceń organów państwa, nad którego terytorium lot się odbywa";Tylko przepisów ruchu lotniczego właściwych dla obszaru, w którym ruch się odbywa;Tylko poleceń otrzymanych od państwowego statku powietrznego państwa nad, którego terytorium lot się odbywa, nakazujących lądowania na wskazanym lotnisku lub inne postępowanie załogi;Tylko poleceń organów państwa, nad którego terytorium lot się odbywa
298;PL010-0354;Służba informacji powietrznej w przestrzeni klasy F:;Nie ma obowiązku zapewniania separacji między statkami powietrznymi;Ma obowiązek zapewnić separacje między statkami powietrznymi wykonującymi loty IFR i loty VFR;Ma obowiązek zapewnić separacje między statkami powietrznymi wykonującymi loty VFR – spec i loty IFR;Ma obowiązek zapewnić separacje między statkami powietrznymi wykonującymi loty IFR i loty IFR
299;PL010-0355;Teren, nad którym jest wykonywany lot VFR, wznosi się do wysokości 300m AMSL (elewacja terenu). Lot ten na wys. 1350 m AMSL może być wykonany, jeżeli odległość pozioma od chmur jest:;Nie mniejsza niż 1500 m;Nie mniejsza niż 3 km;Nie mniejsza niż 5 km;Nieokreślona - z dala od chmur
300;PL010-0356;Z wyjątkiem przypadków gdy jest to konieczne do startu lub lądowania oraz z wyjątkiem statków powietrznych lotnictwa państwowego, lot VFR poza gęstą zabudową miast lub osiedli lub poza zgromadzeniem osób na otwartym powietrzu nie powinien być wykonywany na wysokości mniejszej niż:;150 m AGL;100 m AGL;300 m AGL;600 m AGL
301;PL010-0358;AFIL to:;Plan lotu złożony z powietrza;Rodzaj ograniczenia ATFM;Procedura składania powtarzalnego planu lotu;"Skrót oznaczający """"aerodrome flight information facility location"""""
302;PL010-0359;Bieżący plan lotu, czyli plan lotu wraz z ewentualnymi zmianami wynikającymi z kolejnych zezwoleń to:;CPL - Current flight plan;FPL - Filled flight plan;AFIL - Flight plan filled in the air;SPL – Supplementary Flight Plan
303;PL010-0360;Co nazywamy portem lotniczym?;Jest to lotnisko użytku publicznego, wykorzystywane do lotów handlowych;Jest to lotnisko użytku niepublicznego, posiadające czasowe przejście graniczne;Jest to lotnisko posiadające zarządzającego lotniskiem;Jest to lotnisko użytku publicznego posiadające ustanowioną procedurę podejścia wg przepisów IFR
304;PL010-0361;Co to jest lotnictwo ogólne?;Wykonywanie lotów statkami powietrznymi innymi niż zarobkowy przewóz lotniczy;Świadczenie usług lotniczych przy użyciu statków powietrznych innych niż przewóz lotniczy;Przewóz pasażerów, bagażu, poczty;Lot SAR
305;PL010-0362;Członek personelu lotniczego jest obowiązany powstrzymać się od wykonywania czynności lotniczych:;"Kiedy znajduje się pod wpływem alkoholu; leków ograniczających sprawność psychiczną lub fizyczną; oraz odczuwa dolegliwość fizyczną lub psychiczną, która utrudnia mu wykonywanie tych czynności w sposób bezpieczny";Tylko kiedy odczuwa dolegliwość fizyczną lub psychiczną, która utrudnia mu wykonywanie tych czynności w sposób bezpieczny;Tylko kiedy znajduje się pod wpływem leków ograniczających sprawność psychiczną lub fizyczną;Gdy nie ma opłaty lotniczej
306;PL010-0363;Czy działalność organizacji lotniczej, niebędącej ośrodkiem szkolenia lotniczego podlega certyfikacji?;Tak;Nie;Tak, ale tylko w przypadku kiedy organizacja ma zamiar szkolić w zakresie szerszym niż określony w rozporządzeniu w sprawie licencjonowania personelu lotniczego;Tak, ale tylko w przypadku kiedy organizacja ma zamiar przeprowadzić szkolenie na statkach powietrznych o masie przekraczającej 5700 kg
307;PL010-0364;Czy działalność ośrodka szkolenia lotniczego podlega certyfikacji?;Tak;Nie;Tak, ale tylko w przypadku kiedy ośrodek chce wykonywać szkolenia na statkach powietrznych o masie powyżej 5700 kg;Tak, ale tylko w przypadku kiedy ośrodek chce wykonywać szkolenia na śmigłowcach
308;PL010-0365;Czy lotnisko, z którego nastąpi odlot może być również lotniskiem zapasowym?;Tak;Nie;Tak, jeśli są na nim warunki meteorologiczne wystarczające do startu;Tak, jeśli są na nim warunki VMC
309;PL010-0367;Czy obcy statek powietrzny i jego załoga przebywający na terytorium RP mogą zostać poddane inspekcji, a ich dokumenty sprawdzone przez polskie organy administracji lotniczej?;Tak;Nie;Tak, ale tylko jeżeli użytkownik statku powietrznego wyrazi na to zgodę;Tak, ale tylko jeżeli właściciel statku powietrznego wyrazi na to zgodę
310;PL010-0368;Czy organizacja szkoleniowa może dopuścić do szkolenia teoretycznego kandydata, który nie posiada wieku określonego w ustawie dla danej licencji?;Tak;Nie, nie ma takiej możliwości;Tak, jest to dopuszczalne za zgodą Prezesa ULC;Jest, to dopuszczalne za zgodą kierownictwa szkoły do której uczęszcza kandydat
311;PL010-0369;Czy organizacja szkoleniowa może prowadzić szkolenie po tym jak minął okres ważności jej certyfikatu?;Nie;Tak, ale musi otrzymać zgodę Prezesa ULC;Tak, ale musi otrzymać zgodę Ministra właściwego do spraw transportu;Tak, ale jeżeli od utraty ważności certyfikatu nie minął okres dłuższy niż 14 dni
312;PL010-0370;Czy organizacja szkoleniowa może prowadzić szkolenie w zakresie nie objętym certyfikatem?;Nie;Tak, ale musi otrzymać zgodę Prezesa ULC;Tak, ale musi otrzymać zgodę Ministra właściwego do spraw transportu;Tak, ale jeżeli uzyska certyfikat w ciągu 14 dni od chwili rozpoczęcia takiego szkolenia
313;PL010-0371;Czy ośrodek szkolenia lotniczego może dopuścić do szkolenia teoretycznego kandydata, który nie posiada wykształcenia określonego w ustawie dla danej licencji?;Tak;Nie, nie ma takiej możliwości;Tak, jest to dopuszczalne za zgodą Prezesa ULC;Jest, to dopuszczalne za zgodą kierownictwa szkoły do której uczęszcza kandydat
314;PL010-0372;Czy CTO może prowadzić szkolenie po tym, jak minął okres ważności jego certyfikatu?;Nie;Tak, ale musi otrzymać zgodę Prezesa ULC;Tak, ale musi otrzymać zgodę Ministra właściwego do spraw transportu;Tak, ale jeżeli od utraty ważności certyfikatu nie minął okres dłuższy niż 14 dni
315;PL010-0373;Czy CTO może prowadzić szkolenie w zakresie nie objętym certyfikatem?;Nie;Tak, ale musi otrzymać zgodę Prezesa ULC;Tak, ale musi otrzymać zgodę Ministra właściwego do spraw transportu;Tak, ale jeżeli uzyska certyfikat w ciągu 14 dni od chwili rozpoczęcia takiego szkolenia
316;PL010-0374;Czy pilot samolotowy turystyczny może posiadać uprawnienie do lotów wg wskazań przyrządów?;Tak, pod warunkiem posiadania orzeczenia lotniczo-lekarskiego klasy I, lub rozszerzonego klasy II;Nie, nie ma takiej możliwości;Tak;Tak, pod warunkiem posiadania orzeczenia lotniczo- lekarskiego klasy III
317;PL010-0375;Czy pilot samolotowy turystyczny może posiadać uprawnienie do lotów wg wskazań przyrządów?;Tak, pod warunkiem posiadania orzeczenia lotniczo-lekarskiego klasy II ze stwierdzeniem braku przeciwwskazań do wykonywania lotów IFR;Nie, nie ma takiej możliwości;Tak;Tak, pod warunkiem posiadania orzeczenia lotniczo- lekarskiego klasy III
318;PL010-0376;Czy pracownikom Urzędu Lotnictwa Cywilnego, przysługuje prawo dostępu do materiałów, dokumentów oraz innych danych niezbędnych do przeprowadzenia kontroli, a także sporządzania ich kopii ?;Tak, ale tylko po okazaniu legitymacji służbowej;Nie;Tak, ale tylko za potwierdzoną zgodą Prezesa Urzędu Lotnictwa Cywilnego;Tak, ale bez prawa sporządzania kopii tych dokumentów
319;PL010-0377;Czy pracownikom Urzędu Lotnictwa Cywilnego, przysługuje prawo przeprowadzania oględzin statku powietrznego wykorzystywanego do działalności lotniczej?;Tak, ale tylko po okazaniu legitymacji służbowej;Nie;Tak, ale tylko za potwierdzoną zgodą Prezesa Urzędu Lotnictwa Cywilnego;Tak, ale tylko na terenie międzynarodowych portów lotniczych
320;PL010-0378;Czy pracownikom Urzędu Lotnictwa Cywilnego, przysługuje prawo wykonywania czynności kontrolno- pomiarowych badań statków powietrznych wykorzystywanych do prowadzenia działalności lotniczej?;Tak, ale tylko po okazaniu legitymacji służbowej;Nie;Tak, ale tylko za potwierdzoną zgodą Prezesa Urzędu Lotnictwa Cywilnego;Tak, ale tylko na terenie międzynarodowych portów lotniczych
321;PL010-0379;Czy pracownikom Urzędu Lotnictwa Cywilnego, przysługuje prawo zabezpieczenia statku powietrznego znajdującego się w nieodpowiednim stanie technicznym w celu niedopuszczenia do dalszego jego używania?;Tak, ale tylko po okazaniu legitymacji służbowej;Nie;Tak, ale tylko za potwierdzoną zgodą Prezesa Urzędu Lotnictwa Cywilnego;Tak, ale tylko na terenie międzynarodowych portów lotniczych
322;PL010-0380;Czy pracownikom Urzędu Lotnictwa Cywilnego, przysługuje prawo zabezpieczenia statku powietrznego znajdującego się w nieodpowiednim stanie technicznym w przypadku naruszenia zasad jego użytkowania?;Tak, ale tylko po okazaniu legitymacji służbowej;Nie;Tak, ale tylko za potwierdzoną zgodą Prezesa Urzędu Lotnictwa Cywilnego;Tak, ale tylko na terenie międzynarodowych portów lotniczych
323;PL010-0381;Czy usługi państwowego organu zarządzania ruchem lotniczym są świadczone odpłatnie?;Tak;Nie;Tak, ale tylko w stosunku do podmiotów zagranicznych;Nie, ale tylko w stosunku do podmiotów polskich
324;PL010-0382;Na jakiej podstawie działa instytucja zapewniająca służby żeglugi powietrznej (ANSP)?;Na podstawie certyfikatu wydanego przez Prezesa Urzędu Lotnictwa Cywilnego;Na podstawie certyfikatu wydanego przez EASA;Na podstawie licencji EASA;Na podstwie licencji EUROCONTROL
325;PL010-0383;Czym się charakteryzuje szkolenie praktyczne na ziemi i w locie?;Nauczaniem umiejętności praktycznych – dla pilotów wszystkich specjalności;Nauczaniem wiedzy lotniczej – dla wszystkich specjalności członków personelu lotniczego;Nauczaniem naziemnym kontrolerów ruchu lotniczego;Odbyciem nadzorowanej praktyki lotniczej
326;PL010-0384;Czym się charakteryzuje teoretyczne szkolenie lotnicze?;Nauczaniem wiedzy lotniczej – dla wszystkich specjalności członków personelu lotniczego;Nauczaniem umiejętności praktycznych – dla pilotów wszystkich specjalności;Nauczaniem umiejętności praktycznych – dla mechaników pokładowych;Nauczaniem naziemnym kontrolerów ruchu lotniczego
327;PL010-0385;Dla jakich specjalności personelu lotniczego są wymagane licencje?;Mechanik lotniczy obsługi technicznej;Skoczek spadochronowy;Skoczek spadochronowy zawodowy;Pilot lotni
328;PL010-0386;Dla jakich specjalności personelu lotniczego są wymagane licencje?;Pilot lekkich statków powietrznych;Pilot paralotni;Informator lotniskowej służby informacji powietrznej;Informator służby informacji powietrznej
329;PL010-0389;Do lotniska dolatuje statek powietrzny bez łączności. Pilot dostrzegł nadaną z miejsca kierowania lotami w jego kierunku serię błysków białych. Oznacza to, że:;Należy lądować na tym lotnisku i kołować do płyty postojowej;Zezwala się lądować;Należy dać pierwszeństwo drogi innym statkom powietrznym i kontynuować okrążenie;Lotnisko nie jest bezpieczne, nie lądować
330;PL010-0390;Do lotniska dolatuje statek powietrzny bez łączności. Pilot dostrzegł nadany z miejsca kierowania lotami w jego kierunku ciągły sygnał czerwony. Oznacza to, że:;Należy dać pierwszeństwo drogi innym statkom powietrznym i kontynuować okrążenie;Lotnisko nie jest bezpieczne, nie lądować;Zezwala się lądować;Należy lądować na tym lotnisku i kołować do płyty postojowej
331;PL010-0391;Dowódca samolotu lecącego z lotniska „AAAA” do lotniska „BBBB”, lotnisko zapasowe „CCCC”, zgłosił, że ma na pokładzie chorego pasażera wymagającego natychmiastowej pomocy lekarskiej. Otrzymał zezwolenie na zniżanie i lądowanie na lotnisku „DDDD”. W tej sytuacji wykona lądowanie:;Przymusowe;Techniczne;Awaryjne;Zwykłe
332;PL010-0392;Dowódca statku powietrznego ma prawo decydować o:;Zastosowaniu niezbędnych środków, łącznie ze środkami przymusu w stosunku do osób nie wykonujących jego poleceń oraz w stosunku do osób zagrażających bezpieczeństwu lotu lub porządkowi na pokładzie statku powietrznego, a także zatrzymaniu osoby podejrzanej o popełnienie przestępstwa na statku powietrznym do czasu przekazania jej właściwym organom;Tylko o zastosowaniu niezbędnych środków, łącznie ze środkami przymusu w stosunku do osób nie wykonujących jego poleceń;Tylko o zastosowani niezbędnych środków, łącznie ze środkami przymusu w stosunku do osób zagrażających bezpieczeństwu lotu lub porządkowi na pokładzie statku powietrznego;Tylko o zatrzymaniu osoby podejrzanej o popełnienie przestępstwa na statku powietrznym do czasu przekazania jej właściwym organom
333;PL010-0393;Dowódca statku powietrznego ma prawo decydować o:;"Zatrzymaniu osoby zagrażającej porządkowi na pokładzie statku powietrznego do czasu przekazania jej właściwym organom; zatrzymaniu osoby zagrażającej bezpieczeństwu lotu do czasu przekazania jej właściwym organom; oraz zastosowaniu niezbędnych środków, łącznie ze środkami przymusu w stosunku do osób nie wykonujących jego poleceń";Zatrzymaniu osoby zagrażającej porządkowi na pokładzie statku powietrznego do czasu przekazania jej właściwym organom;Zatrzymaniu osoby zagrażającej bezpieczeństwu lotu do czasu przekazania jej właściwym organom;Zastosowaniu niezbędnych środków, łącznie ze środkami przymusu w stosunku do osób nie wykonujących jego poleceń
334;PL010-0394;Dowódca uprowadzanego statku powietrznego, jeżeli nie ma innej możliwości powiadomienia służby ruchu lotniczego o wymuszonej zmianie trasy lotu, powinien:;Zmienić wysokość lotu o 500 ft (1000 ft powyżej FL 410);Wykonywać skręty o 360 stopni w regularnych odstępach czasu;Zmienić wysokość lotu o 1000 ft (2000 ft powyżej FL 410);Wykonywać regularne skręty o 180 stopni w lewo i prawo co 3 minuty
335;PL010-0395;Gdy dowódca statku powietrznego wykonując lot kontrolowany przewiduje, że czas przelotu nad następnym obowiązkowym punktem meldowania lub nad granicą rejonu informacji powietrznej, albo nad lotniskiem docelowym, w zależności od tego, który z powyższych punktów będzie pierwszy, różni się od czasu, który został podany służbom ruchu lotniczego, to powinien podać niezwłocznie zainteresowanemu organowi służb ruchu lotniczego poprawiony przewidywany czas, jeżeli różnica jest większa niż:;3 minuty;1 minuta;5 minut;10 minut
336;PL010-0397;Gdy dowódca statku powietrznego wykonując lot kontrolowany VFR odstąpi nieumyślnie od bieżącego planu lotu, to w przypadku odchylenia od nakazanej linii drogi powinien:;Natychmiast zmienić kurs, aby możliwie jak najprędzej wejść ponownie na tę linie drogi;Kontynuować przez siedem minut lot na aktualnej linii drogi a następnie zmienić kurs, aby wejść ponownie na nakazaną linię drogi;Kontynuować przez trzy minuty lot na aktualnej linii drogi a następnie zmienić kurs, aby wejść ponownie na nakazaną linie drogi;Kontynuować przez siedem minut lot na aktualnej linii drogi a następnie poprosić właściwy organ służby kontroli ruchu lotniczego o zezwolenie na zmianę trasy lotu
337;PL010-0398;Gdy dowódca statku powietrznego wykonując lot kontrolowany VFR przewiduje, że czas przelotu nad następnym obowiązkowym punktem meldowania lub nad granicą rejonu informacji powietrznej, albo nad lotniskiem docelowym, w zależności od tego, który z powyższych punktów będzie pierwszy, różni się o więcej niż trzy minuty od czasu, który został podany służbom ruchu lotniczego, powinien:;Podać niezwłocznie zainteresowanemu organowi służb ruchu lotniczego poprawiony przewidywany czas;Dostosować prędkość tak, aby czasy przelotu były zgodne z podanymi w planie lotu;Kontynuować przez trzy minuty lot z aktualną prędkością a następnie poprosić właściwy organ służby kontroli ruchu lotniczego o zezwolenie na zmianę trasy lotu tak, aby przejść znaczące punkty nawigacyjne w granicach tolerancji czasu;Kontynuować lot do najbliższego punktu meldowania, a po jego przejściu podać właściwemu organowi służb ruchu lotniczego rzeczywisty czas przejścia tego punktu
338;PL010-0399;Gdy dowódca statku powietrznego wykonując lot kontrolowany VFR stwierdzi, że przeciętna rzeczywista prędkość powietrzna na poziomie przelotu miedzy punktami meldowania różni się lub przewiduje, że będzie różnić się w granicach plus lub minus 5% od rzeczywistej prędkości powietrznej podanej w planie lotu, powinien:;Zawiadomić o tym właściwy organ służb kontroli ruchu lotniczego;Kontynuować przez siedem minut lot na z aktualną prędkością a następnie dostosować prędkość do rzeczywistej prędkości powietrznej podanej w zgłoszonym planie lotu;Kontynuować przez trzy minuty lot z aktualną prędkością a następnie dostosować prędkość do rzeczywistej prędkości powietrznej podanej w zgłoszonym planie lotu;Poprosić właściwy organ służb ruchu lotniczego o zezwolenie na zmianę poziomu lotu na taki, który pozwoli dostosować prędkość do rzeczywistej prędkości powietrznej podanej w zgłoszonym planie lotu
339;PL010-0400;Gdzie może być prowadzone szkolenie kandydatów do uzyskania licencji i uprawnień lotniczych wpisywanych do licencji?;W ośrodkach/organizacjach szkolenia lotniczego (CTO);W każdej organizacji, która zgłosi taką chęć do Prezesa ULC;W szkołach lotniczych;W Urzędzie Lotnictwa Cywilnego
340;PL010-0401;Gdzie może być prowadzone szkolenie kandydatów do uzyskania licencji kontrolera ruchu lotniczego?;W ośrodkach/organizacjach szkolenia lotniczego personelu służb ruchu lotniczego (CAPTO);W każdej organizacji, która zgłosi taką chęć do Prezesa ULC;W szkołach lotniczych;W Urzędzie Lotnictwa Cywilnego
341;PL010-0402;Granica ważności zezwolenia kontroli ruchu lotniczego to:;Punkt, do którego ważne jest zezwolenie organu służby kontroli ruchu lotniczego, udzielone dowódcy statku powietrznego określony przez podanie nazwy odpowiedniego punktu meldowania lub lotniska albo granicy przestrzeni powietrznej kontrolowanej;Punkt, do którego ważne jest zezwolenie organu służby kontroli ruchu lotniczego, udzielone dowódcy statku powietrznego określony przez podanie nazwy i częstotliwości kolejnego organu ruchu lotniczego, który wyda dalsze zezwolenie;Punkt, do którego ważne jest zezwolenie organu służby kontroli ruchu lotniczego powietrznego określony przez udzielone dowódcy statku podanie pośredniego poziomu lotu innego niż poziom lotu na trasę zawarty w bieżącym planie lotu dla danego statku powietrznego;Określony czas, w którym statek powietrzny powinien rozpocząć lot, aby osiągnąć lotnisko docelowe w przewidywanym czasie
342;PL010-0403;Aby korzystać z uprawnień wynikających z licencji PPL na samoloty w warunkach VFR w nocy, kandydat musi mieć ukończone szkolenie, które musi obejmować:;Co najmniej 3 godziny szkolenia w locie z instruktorem;Co najmniej 2 godziny szkolenia w locie z instruktorem;Co najmniej 4 godziny szkolenia w locie z instruktorem;Co najmniej 5 godziny szkolenia w locie z instruktorem
343;PL010-0404;Aby korzystać z uprawnień wynikających z licencji PPL na samoloty w warunkach VFR w nocy, kandydat musi mieć ukończone szkolenie, które musi obejmować co najmniej jednen lot nawigacyjny z instruktorem:;Na odległość co najmniej 50 km;Na odległość co najmniej 30 km;Na odległość co najmniej 35 km;Na odległość co najmniej 25 km
344;PL010-0405;Ile godzin lotu powinno zawierać szkolenie pilota samolotowego turystycznego do lotów nocnych VFR?;5 godzin lotu w nocy;7 godzin lotu w nocy;15 godzin lotu w nocy;Jest to uzależnione od programu szkolenia
345;PL010-0406;Ile samodzielnych startów i lądowań z pełnym zatrzymaniem musi wykonać pilot samolotowy turystyczny, w szkoleniu do uprawnienia do lotów nocnych VFR?;Co najmniej 5;Co najmniej 3;Co najmniej 7;Określa to program szkolenia lotniczego
346;PL010-0407;Ile ukończonych lat musi mieć kandydat ubiegający się o wydanie licencji pilota samolotowego turystycznego?;Ukończone 17 lat;Ukończone 15 lat;Ukończone 21 lat;Ukończone 18 lat
347;PL010-0408;Ile ukończonych lat musi mieć kandydat ubiegający się o wydanie licencji pilota turystycznego bez względu na kategorię statku powietrznego, którego dotyczy licencja?;Ukończone 17 lat;Ukończone 15 lat;Ukończone 21 lat;Ukończone 18 lat
348;PL010-0409;Indywidualny, dyskretny kod SSR transpondera to:;Kod, którego dwie ostatnie cyfry nie są zerami;Kod dla statku powietrznego otrzymany podczas przekazywania meldunku pozycyjnego;Każda czterocyfrowa kombinacja cyfr od 0 - 7;Każda czterocyfrowa kombinacja cyfr od 0 - 9
349;PL010-0410;Informator lotniskowej służby informacji powietrznej jest zobowiązany do zapewniania służby:;Informacji powietrznej;Informacji lotniczej;Kontroli ruchu lotniczego;Kontroli ruchu lotniskowego
350;PL010-0411;Jak długo od czasu EOBT jest ważny plan lotu?;30 min;60 min;Do końca doby;24 godz
351;PL010-0412;Jaki dokument oprócz licencji, powinien posiadać członek personelu lotniczego podczas wykonywania czynności lotniczych, do których uprawnia licencja?;Orzeczenie lotniczo- lekarskie oraz dokument tożsamości ze zdjęciem;Tylko orzeczenie lotniczo-lekarskie;Tylko dokument tożsamości ze zdjęciem;Opłatę lotniczą
352;PL010-0413;Jakie informacje wprowadzane są do AIP systemem AIRAC?;Operacyjnie ważne;Wszystkie, które zostały dostarczone do AIS najpóźniej 70 dni przed datą wejścia w życie;Tylko dotyczące rozdziału Tomu I-go;Tylko dotyczące tomu II-go
353;PL010-0414;"Jakie jednostki prędkości oznaczane są w planie lotu literą """"N""""?";Węzły;Kilometry na godzinę;Liczba Macha;Metry na sekundę
354;PL010-0416;Jakie uprawnienia lotnicze mogą być wpisywane do licencji pilota samolotowego turystycznego?;Dotyczące samolotów jednosilnikowych tłokowych lądowych;Dotyczące wykonywania lotów AGRO;Dotyczące wykonywania lotów gaśniczych;Dotyczące wykonywania lotów chmurowych
355;PL010-0417;Jakie uprawnienia lotnicze mogą być wpisywane do licencji pilota samolotowego turystycznego?;Dotyczące samolotów jednosilnikowych tłokowych wodnych;Dotyczące wykonywania lotów AGRO;Dotyczące wykonywania lotów gaśniczych;Dotyczące wykonywania lotów chmurowych
356;PL010-0418;Jakie uprawnienia lotnicze mogą być wpisywane do licencji pilota samolotowego turystycznego?;Dotyczące samolotów wielosilnikowych tłokowych lądowych;Dotyczące wykonywania lotów AGRO;Dotyczące wykonywania lotów gaśniczych;Dotyczące wykonywania lotów chmurowych
357;PL010-0419;Jakie uprawnienia lotnicze mogą być wpisywane do licencji pilota samolotowego turystycznego?;Dotyczące samolotów wielosilnikowych tłokowych wodnych;Dotyczące wykonywania lotów AGRO;Dotyczące wykonywania lotów gaśniczych;Dotyczące wykonywania lotów chmurowych
358;PL010-0420;Jakie uprawnienia lotnicze mogą być wpisywane do licencji pilota samolotowego turystycznego?;Dotyczące każdej klasy samolotów;Dotyczące wykonywania lotów AGRO;Dotyczące wykonywania lotów gaśniczych;Dotyczące wykonywania lotów chmurowych
359;PL010-0421;Jakie uprawnienia lotnicze mogą być wpisywane do licencji pilota samolotowego turystycznego?;Dotyczące holowania szybowców i holowania banerów;Dotyczące wykonywania lotów AGRO;Dotyczące wykonywania lotów gaśniczych;Dotyczące wykonywania lotów chmurowych
360;PL010-0422;Jakie uprawnienia lotnicze mogą być wpisywane do licencji pilota samolotowego turystycznego?;Na każdy typ samolotu, które może być ograniczone do wykonywania czynności drugiego pilota, jeżeli uprawnienie to dotyczy samolotu z załogą wieloosobową;Dotyczące wykonywania lotów AGRO;Dotyczące wykonywania lotów gaśniczych;Dotyczące wykonywania lotów chmurowych
361;PL010-0423;Jakie uprawnienia lotnicze mogą być wpisywane do licencji pilota samolotowego turystycznego?;Do lotów nocnych VFR;Dotyczące wykonywania lotów AGRO;Dotyczące wykonywania lotów gaśniczych;Dotyczące wykonywania lotów chmurowych
362;PL010-0424;Jakie uprawnienia lotnicze mogą być wpisywane do licencji pilota samolotowego turystycznego?;Dotyczące lotów wg wskazań przyrządów;Dotyczące wykonywania lotów AGRO;Dotyczące wykonywania lotów gaśniczych;Dotyczące wykonywania lotów chmurowych
363;PL010-0425;Jakie ma uprawnienia posiadacz licencji pilota samolotowego turystycznego?;Jest uprawniony do wykonywania bez wynagrodzenia czynności dowódcy i drugiego pilota każdego samolotu używanego w celach niezarobkowych;Jest uprawniony do wykonywania za wynagrodzeniem czynności dowódcy i drugiego pilota każdego samolotu używanego nieodpłatnie;Jest uprawniony do wykonywania bez wynagrodzenia czynności dowódcy i drugiego pilota każdego samolotu używanego odpłatnie;Jest uprawniony do zabrania lub pozostawienia pasażerów, bagażu lub poczty (przewożonych odpłatnie)
364;PL010-0426;Osoba ubiegająca się o licencję pilota w załodze wieloosobowej musi mieć ukończone:;18 lat;17 lat;16 lat;19 lat
365;PL010-0427;Osoba ubiegająca się o uprawnienie instruktora musi mieć ukończone co najmniej:;18 lat;17 lat;16 lat;19 lat
366;PL010-0428;Jakim przepisom podlega odpowiedzialność za szkody spowodowane ruchem statków powietrznych?;Przepisom prawa cywilnego o odpowiedzialności przy posługiwaniu się mechanicznymi środkami komunikacji poruszanymi za pomocą sił przyrody;Przepisom prawa karnego;Przepisom prawa administracyjnego;Przepisom prawa karnego i administracyjnego
367;PL010-0429;Jeżeli lot VFR ma być wykonany w przestrzeni powietrznej kontrolowanej plan lotu należy przedstawić nie później przed planowanym czasem odblokowania, niż:;60 min;30 min;10 min;3 godz
368;PL010-0430;Jeżeli lot VFR ma być wykonany w przestrzeni powietrznej kontrolowanej, a plan lotu jest zgłaszany z powietrza, należy go przedstawić przed przewidywanym przybyciem statku powietrznego do zamierzonego punktu przecięcia drogi lotniczej nie później, niż:;10 min;30 min;60 min;2 godz
369;PL010-0431;Jeżeli lot VFR ma być wykonany w przestrzeni powietrznej kontrolowanej, a plan lotu jest zgłaszany z powietrza, należy go przedstawić przed przewidywanym przybyciem statku powietrznego do zamierzonego punktu wlotu do przestrzeni kontrolowanej nie później, niż:;10 min;30 min;60 min;2 godz
370;PL010-0432;Jeżeli lot VFR ma być wykonany w przestrzeni powietrznej kontrolowanej, a plan lotu jest zgłaszany z powietrza, należy go przedstawić:;W czasie określonym od przewidywanego czasu przybycia statku powietrznego do zamierzonego punktu przecięcia drogi lotniczej;W czasie określonym od planowanego czasu odblokowania;W czasie określonym od planowanego czasu startu;Nie później niż przed wlotem w przestrzeń kontrolowaną
371;PL010-0433;Jeżeli lot VFR ma być wykonany w przestrzeni powietrznej kontrolowanej, a plan lotu jest zgłaszany z powietrza, należy go przedstawić:;W czasie określonym od przewidywanego czasu przybycia statku powietrznego do zamierzonego punktu wlotu do przestrzeni kontrolowanej;W czasie określonym od planowanego czasu startu;W czasie określonym od planowanego czasu odblokowania;Nie później niż przed wlotem w przestrzeń kontrolowaną
372;PL010-0434;Jeżeli lot VFR, dla którego ma być zapewniona służba alarmowa, będzie naruszać przestrzeń powietrzną kontrolowaną to plan lotu należy dostarczyć do Biura Odpraw Załóg lub właściwego terytorialnie ośrodka FIS nie później przed rozpoczęciem lotu, niż:;60 min;30 min;10 min;3 godz
373;PL010-0435;Jeżeli lot VFR, dla którego ma być zapewniona służba alarmowa, będzie przekraczał granicę FIR-u to plan lotu należy dostarczyć do Biura Odpraw Załóg lub właściwego terytorialnie ośrodka FIS nie później przed planowanym czasem odblokowania, niż:;60 min;30 min;10 min;3 godz
374;PL010-0437;Jeżeli lot VFR, dla którego ma być zapewniona służba alarmowa, nie będzie naruszać przestrzeni powietrznej kontrolowanej lub nie będzie przekraczać granicy FIR-u, to zgodnie z pkt. 7.2 Biuletynu VFR, plan lotu należy dostarczyć do Biura Odpraw Załóg lub właściwego terytorialnie ośrodka FIS nie później przed rozpoczęciem lotu, niż:;30 min;60 min;10 min;3 godz
375;PL010-0438;Z wyjątkiem sytuacji, gdy jest to konieczne ze względu na start lub lądowanie loty VFR nie mogą być wykonywane w przestrzeni klasy A nad zgromadzeniem osób na wolnym powietrzu na wysokości względnej mniejszej niż:;300 m nad najwyższą przeszkodą;250 nad najwyższą przeszkodą;200 m above the highest obstacle;350 m nad najwyższą przeszkodą
376;PL010-0439;Z wyjątkiem sytuacji, gdy jest to konieczne ze względu na start lub lądowanie loty VFR nie mogą być wykonywane w przestrzeni klasy B nad zgromadzeniem osób na wolnym powietrzu na wysokości względnej mniejszej niż:;300 m nad najwyższą przeszkodą;250 nad najwyższą przeszkodą;200 m above the highest obstacle;350 m nad najwyższą przeszkodą
377;PL010-0440;Z wyjątkiem sytuacji, gdy jest to konieczne ze względu na start lub lądowanie loty VFR nie mogą być wykonywane w przestrzeni klasy C nad zgromadzeniem osób na wolnym powietrzu na wysokości względnej mniejszej niż:;300 m nad najwyższą przeszkodą;250 nad najwyższą przeszkodą;200 m above the highest obstacle;350 m nad najwyższą przeszkodą
378;PL010-0441;Z wyjątkiem sytuacji, gdy jest to konieczne ze względu na start lub lądowanie loty VFR nie mogą być wykonywane w przestrzeni klasy D nad zgromadzeniem osób na wolnym powietrzu na wysokości względnej mniejszej niż:;300 m nad najwyższą przeszkodą;250 nad najwyższą przeszkodą;200 m above the highest obstacle;350 m nad najwyższą przeszkodą
379;PL010-0442;Z wyjątkiem sytuacji, gdy jest to konieczne ze względu na start lub lądowanie loty VFR nie mogą być wykonywane w przestrzeni klasy E nad zgromadzeniem osób na wolnym powietrzu na wysokości względnej mniejszej niż:;300 m nad najwyższą przeszkodą;250 nad najwyższą przeszkodą;200 m above the highest obstacle;350 m nad najwyższą przeszkodą
380;PL010-0443;Z wyjątkiem sytuacji, gdy jest to konieczne ze względu na start lub lądowanie loty VFR nie mogą być wykonywane w przestrzeni klasy F nad zgromadzeniem osób na wolnym powietrzu na wysokości względnej mniejszej niż:;300 m nad najwyższą przeszkodą;250 nad najwyższą przeszkodą;200 nad najwyższą przeszkodą;350 m nad najwyższą przeszkodą
381;PL010-0444;Z wyjątkiem sytuacji, gdy jest to konieczne ze względu na start lub lądowanie loty VFR nie mogą być wykonywane w przestrzeni klasy G nad zgromadzeniem osób na wolnym powietrzu na wysokości względnej mniejszej niż:;300 m nad najwyższą przeszkodą;250 nad najwyższą przeszkodą;200 nad najwyższą przeszkodą;350 m nad najwyższą przeszkodą
382;PL010-0445;Z wyjątkiem sytuacji, gdy jest to konieczne ze względu na start lub lądowanie loty VFR nie mogą być wykonywane w przestrzeni klasy A nad miastami na wysokości względnej mniejszej niż:;300 m nad najwyższą przeszkodą;250 nad najwyższą przeszkodą;200 nad najwyższą przeszkodą;350 m nad najwyższą przeszkodą
383;PL010-0446;Z wyjątkiem sytuacji, gdy jest to konieczne ze względu na start lub lądowanie loty VFR nie mogą być wykonywane w przestrzeni klasy B nad miastami na wysokości względnej mniejszej niż:;300 m nad najwyższą przeszkodą;250 nad najwyższą przeszkodą;200 nad najwyższą przeszkodą;350 m nad najwyższą przeszkodą
384;PL010-0447;Z wyjątkiem sytuacji, gdy jest to konieczne ze względu na start lub lądowanie loty VFR nie mogą być wykonywane w przestrzeni klasy C nad miastami na wysokości względnej mniejszej niż:;300 m nad najwyższą przeszkodą;250 nad najwyższą przeszkodą;200 nad najwyższą przeszkodą;350 m nad najwyższą przeszkodą
385;PL010-0448;Z wyjątkiem sytuacji, gdy jest to konieczne ze względu na start lub lądowanie loty VFR nie mogą być wykonywane w przestrzeni klasy D nad miastami na wysokości względnej mniejszej niż:;300 m nad najwyższą przeszkodą;250 nad najwyższą przeszkodą;200 nad najwyższą przeszkodą;350 m nad najwyższą przeszkodą
386;PL010-0449;Z wyjątkiem sytuacji, gdy jest to konieczne ze względu na start lub lądowanie loty VFR nie mogą być wykonywane w przestrzeni klasy E nad miastami na wysokości względnej mniejszej niż:;300 m nad najwyższą przeszkodą;250 nad najwyższą przeszkodą;200 nad najwyższą przeszkodą;350 m nad najwyższą przeszkodą
387;PL010-0450;Z wyjątkiem sytuacji, gdy jest to konieczne ze względu na start lub lądowanie loty VFR nie mogą być wykonywane w przestrzeni klasy F nad miastami na wysokości względnej mniejszej niż:;300 m nad najwyższą przeszkodą;250 nad najwyższą przeszkodą;200 nad najwyższą przeszkodą;350 m nad najwyższą przeszkodą
388;PL010-0451;Z wyjątkiem sytuacji, gdy jest to konieczne ze względu na start lub lądowanie loty VFR nie mogą być wykonywane w przestrzeni klasy G nad miastami na wysokości względnej mniejszej niż:;300 m nad najwyższą przeszkodą;250 nad najwyższą przeszkodą;200 nad najwyższą przeszkodą;350 m nad najwyższą przeszkodą
389;PL010-0452;Z wyjątkiem sytuacji, gdy jest to konieczne ze względu na start lub lądowanie loty VFR nie mogą być wykonywane w przestrzeni klasy A nad lasami na wysokości względnej mniejszej niż:;300 m nad najwyższą przeszkodą;250 nad najwyższą przeszkodą;200 nad najwyższą przeszkodą;350 m nad najwyższą przeszkodą
390;PL010-0454;Jeżeli zdarzenie nastąpiło na obszarze konkretnego państwa, to według prawa jakiego państwa ocenia się roszczenia o wynagrodzenie szkód wyrządzonych w związku z używaniem statku powietrznego osobom i w mieniu znajdującym się poza statkiem powietrznym?;Według prawa państwa, na którego obszarze zdarzenie nastąpiło;Według prawa państwa, w którym jest zarejestrowany dany statek powietrzny;Według prawa państwa , w którym miał lądować dany statek powietrzny;Według prawa państwa, z którego startował dany statek powietrzny
391;PL010-0455;Jeżeli zdarzenie nastąpiło na obszarze konkretnego państwa, to według prawa jakiego państwa ocenia się roszczenia o szkody powstałe w razie zderzenia statków powietrznych?;Według prawa państwa, na którego obszarze zdarzenie nastąpiło;Według prawa państwa, w którym jest zarejestrowany statek powietrzny ponoszący winę za zderzenie;Według prawa państwa , w którym jest zarejestrowany statek powietrzny nie ponoszący winy za zderzenie;Według prawa państwa, którego sąd rozpoznaje spór
392;PL010-0456;Jeżeli zdarzenie nastąpiło na obszarze konkretnego państwa, to według prawa jakiego państwa ocenia się roszczenia o wynagrodzenie za pomoc udzieloną przez statek powietrzny?;Według prawa państwa, na którego obszarze zdarzenie nastąpiło;Według prawa państwa, w którym jest zarejestrowany dany statek powietrzny;Według prawa państwa , w którym miał lądować dany statek powietrzny;Według prawa państwa, z którego startował dany statek powietrzny
393;PL010-0457;Jeżeli zdarzenie nastąpiło na obszarze konkretnego państwa, to według prawa jakiego państwa ocenia się roszczenia o wynagrodzenie za pomoc udzieloną statkowi powietrznemu?;Według prawa państwa, na którego obszarze zdarzenie nastąpiło;Według prawa państwa, w którym jest zarejestrowany dany statek powietrzny;Według prawa państwa , w którym miał lądować dany statek powietrzny;Według prawa państwa, z którego startował dany statek powietrzny
394;PL010-0458;Jeżeli zdarzenie nastąpiło na obszarze niepodlegającym zwierzchnictwu żadnego państwa to według jakiego prawa ocenia się roszczenia o wynagrodzenie za pomoc udzieloną statkowi powietrznemu?;Według prawa sądu, który spór rozpoznaje;Według prawa państwa, w którym jest zarejestrowany dany statek powietrzny;Według prawa państwa , w którym miał lądować dany statek powietrzny;Według prawa państwa, z którego startował dany statek powietrzny
395;PL010-0459;Jeżeli zdarzenie nastąpiło na obszarze niepodlegającym zwierzchnictwu żadnego państwa, to według jakiego prawa ocenia się roszczenia o wynagrodzenie szkód wyrządzonych w związku z używaniem statku powietrznego osobom i w mieniu znajdującym się poza statkiem powietrznym?;Według prawa sądu, który spór rozpoznaje;Według prawa państwa, w którym jest zarejestrowany dany statek powietrzny;Według prawa państwa , w którym miał lądować dany statek powietrzny;Według prawa państwa, z którego startował dany statek powietrzny
396;PL010-0460;Jeżeli zdarzenie nastąpiło na obszarze niepodlegającym zwierzchnictwu żadnego państwa, to według jakiego prawa ocenia się roszczenia o szkody powstałe w razie zderzenia statków powietrznych?;Według prawa sądu, który spór rozpoznaje;Według prawa państwa, w którym jest zarejestrowany statek powietrzny ponoszący winę za zderzenie;Według prawa państwa , w którym jest zarejestrowany statek powietrzny nie ponoszący winy za zderzenie;Według prawa państwa, którego sąd rozpoznaje spór
397;PL010-0461;Jeżeli zdarzenie nastąpiło na obszarze niepodlegającym zwierzchnictwu żadnego państwa, to według jakiego prawa ocenia się roszczenia o wynagrodzenie za pomoc udzieloną przez statek powietrzny?;Według prawa sądu, który spór rozpoznaje;Według prawa państwa, w którym jest zarejestrowany dany statek powietrzny;Według prawa państwa , w którym miał lądować dany statek powietrzny;Według prawa państwa, z którego startował dany statek powietrzny
398;PL010-0463;Ile można zaliczyć godzin na szkoleniowych urządzeniach symulacji lotu (FSTD) do uzyskania licencji pilota samolotowego turystycznego?;5 godzin;15 godzin;10 godzin;7 godzin
399;PL010-0465;Kandydat do uzyskania licencji pilota samolotowego turystycznego powinien wykazać, że w trakcie szkolenia lotniczego:;Wykonał co najmniej 45 godzin lotu na samolotach;Wykonał co najmniej 50 godzin lotu na samolotach;Wykonał co najmniej 30 godzin lotu na samolotach;Wykonał co najmniej 55 godzin lotu na samolotach
400;PL010-0466;Kandydat to uzyskania licencji pilota samolotowego turystycznego powinien wykazać, że w trakcie szkolenia lotniczego:;Wykonał co najmniej 25 godzin lotu szkoleniowego z instruktorem;Wykonał co najmniej 20 godzin lotu szkoleniowego z instruktorem;Wykonał co najmniej 15 godzin lotu szkoleniowego z instruktorem;Wykonał co najmniej 30 godzin lotu szkoleniowego z instruktorem
401;PL010-0467;Kandydat do uzyskania licencji pilota samolotowego turystycznego powinien wykazać, że w trakcie szkolenia lotniczego:;Wykonał co najmniej 25 godzin lotu szkoleniowego na dwusterze z instruktorem, na samolotach zaliczonych do klasy samolotów wielosilnikowych tłokowych;Wykonał co najmniej 30 godzin lotu szkoleniowego na dwusterze z instruktorem;Wykonał co najmniej 15 godzin lotu szkoleniowego na dwusterze z instruktorem, w przypadku szkolenia na samolotach zaliczonych do klasy samolotów wielosilnikowych tłokowych;Wykonał co najmniej 10 godzin lotu szkoleniowego na dwusterze z instruktorem, w przypadku szkolenia na samolotach zaliczonych do klasy samolotów jednosilnikowych tłokowych
402;PL010-0468;Kandydat to uzyskania licencji pilota samolotowego turystycznego powinien wykazać, że w trakcie szkolenia lotniczego:;Wykonał co najmniej 10 godzin lotu samodzielnego pod nadzorem;Wykonał co najmniej 7 godzin lotu samodzielnego pod nadzorem;Wykonał co najmniej 12 godzin lotu samodzielnego pod nadzorem;Wykonał co najmniej 15 godzin lotu samodzielnego pod nadzorem
403;PL010-0470;Kandydat do uzyskania licencji pilota samolotowego turystycznego powinien wykazać, że w trakcie szkolenia lotniczego:;Wykonał co najmniej 5 godzin przelotu samodzielnego;Wykonał co najmniej 15 godzin przelotu samodzielnego;Wykonał co najmniej 10 godzin przelotu samodzielnego;Wykonał co najmniej 7 godzin przelotu samodzielnego
404;PL010-0471;Kandydat do uzyskania licencji pilota samolotowego turystycznego powinien wykazać, że w trakcie szkolenia lotniczego:;Wykonał przelot na odległość nie mniejszą niż 270 km, podczas którego zostały wykonane dwa lądowania z całkowitym zatrzymaniem na dwu różnych lotniskach innych niż lotnisko startu;Wykonał przelot na odległość nie mniejszą niż 540 km, podczas którego zostały wykonane dwa lądowania z całkowitym zatrzymaniem na dwu różnych lotniskach;Wykonał przelot na odległość nie mniejszą niż 300 NM podczas którego zostały wykonane dwa lądowania z całkowitym zatrzymaniem na dwu różnych lotniskach;Wykonał przelot na odległość nie mniejszą niż 270 km (150 NM), podczas którego zostało wykonane lądowanie z całkowitym zatrzymaniem na jednym lotnisku
405;PL010-0472;Kiedy najpóźniej przed EOBT należy złożyć plan lotu?;60 min;15 min;30 min;120 min
406;PL010-0473;Kiedy należy podać poprawiony przewidywany czas odblokowania EOBT w stosunku do lotów podlegających ograniczeniom ATFM?;Jeśli nowy czas EOBT różni się o więcej niż 15 minut od pierwotnego czasu EOBT;Jeśli nowy czas EOBT różni się o więcej niż 10 minut od pierwotnego czasu EOBT;Jeśli nowy czas EOBT różni się o więcej niż 5 minut od pierwotnego czasu EOBT;Przy każdej, nawet jednominutowej zmianie
407;PL010-0474;Kiedy państwowy organ zarządzania ruchem lotniczym oraz cywilne lotniskowe organy służby ruchu lotniczego i właściwe organy wojskowe mogą wezwać statek powietrzny do wylądowania na wskazanym lotnisku lub do wykonania innych poleceń?;"Gdy statek powietrzny przekroczył granicę państwową bez wymaganego zezwolenia lub niezgodnie z warunkami zezwolenia; gdy statek powietrzny wykonuje lot wbrew zakazom ustalonym w danej przestrzeni powietrzne; oraz gdy istnieją uzasadnione obawy, aby sądzić, że statek powietrzny jest użyty do działań sprzecznych z prawem";Tylko gdy statek powietrzny przekroczył granicę państwową bez wymaganego zezwolenia lub niezgodnie z warunkami zezwolenia;Tylko gdy statek powietrzny wykonuje lot wbrew zakazom ustalonym w danej przestrzeni powietrznej;Tylko gdy istnieją uzasadnione obawy, aby sądzić, że statek powietrzny jest użyty do działań sprzecznych z prawem
408;PL010-0475;Kiedy państwowy organ zarządzania ruchem lotniczym oraz cywilne lotniskowe organy służby ruchu lotniczego i właściwe organy wojskowe mogą wezwać statek powietrzny do wylądowania na wskazanym lotnisku lub do wykonania innych poleceń?;Gdy statek powietrzny przekroczył granicę państwową bez wymaganego zezwolenia lub niezgodnie z warunkami zezwolenia;Gdy warunki meteorologiczne uległy pogorszeniu poniżej minimów pilota;Kiedy nie ma opłaty nawigacyjnej;Gdy na pokładzie statku powietrznego znajduje się osoba obłożnie chora
409;PL010-0476;Kiedy państwowy organ zarządzania ruchem lotniczym oraz cywilne lotniskowe organy służby ruchu lotniczego i właściwe organy wojskowe mogą wezwać statek powietrzny do wylądowania na wskazanym lotnisku lub do wykonania innych poleceń?;Gdy statek powietrzny wykonuje lot wbrew zakazom ustalonym w danej przestrzeni powietrznej;Gdy warunki meteorologiczne uległy pogorszeniu poniżej minimów pilota;Kiedy nie ma opłaty nawigacyjnej;Gdy warunki meteorologiczne uległy pogorszeniu poniżej minimów dla danej klasy przestrzeni powietrznej
410;PL010-0477;Kiedy państwowy organ zarządzania ruchem lotniczym oraz cywilne lotniskowe organy służby ruchu lotniczego i właściwe organy wojskowe mogą wezwać statek powietrzny do wylądowania na wskazanym lotnisku lub do wykonania innych poleceń?;Gdy istnieją uzasadnione obawy, aby sądzić, że statek powietrzny jest użyty do działań sprzecznych z prawem;Gdy warunki meteorologiczne uległy pogorszeniu poniżej minimów pilota;Kiedy nie ma opłaty nawigacyjnej;Gdy warunki meteorologiczne uległy pogorszeniu poniżej minimów dla danej klasy przestrzeni powietrznej
411;PL010-0481;Kiedy Prezes ULC ma prawo uznać świadectwo zdatności statku powietrznego do lotu wydane lub potwierdzone przez właściwy organ innego państwa na równi ze świadectwami zdatności statków powietrznych do lotu wydanymi w Rzeczypospolitej Polskiej?;Jeżeli zostanie wykazane, że wymagania przyjęte przy wydawaniu lub potwierdzaniu tych świadectw zdatności do lotu nie były niższe niż określone zgodnie z ustawą Prawo Lotnicze;Prezes ULC nie ma takiego prawa;Tylko w przypadku wydania zgody na taką czynność przez ministra właściwego do spraw transportu;Tylko jeżeli właściwy organ innego państwa zwrócił się z oficjalną prośbą o taką czynność
412;PL010-0483;Kiedy Prezes ULC ma prawo uznać zezwolenie na lot statku powietrznego bez świadectwa zdatności do lotu wydane lub potwierdzone przez właściwy organ innego państwa na równi z zezwoleniami na lot statku powietrznego bez świadectwa zdatności do lotu wydanymi w Rzeczypospolitej Polskiej?;Jeżeli zostanie wykazane, że wymagania przyjęte przy wydawaniu lub potwierdzaniu tych zezwoleń na lot statku powietrznego bez świadectwa zdatności do lotu nie były niższe niż określone zgodnie z ustawą Prawo Lotnicze;Prezes ULC nie ma takiego prawa;Tylko w przypadku wydania zgody na taką czynność przez ministra właściwego do spraw transportu;Tylko jeżeli właściwy organ innego państwa zwrócił się z oficjalną prośbą o taką czynność
413;PL010-0484;Kogo nazywamy użytkownikiem statku powietrznego?;Jest to właściciel lub inna osoba wpisana jako użytkownik do rejestru statków powietrznych;Jest to tylko osoba lub firma posiadająca prawo własności do danego statku powietrznego;Jest to osoba wpisana w świadectwo zdatności do lotu danego statku powietrznego;Jest to osoba wpisana w świadectwo oględzin danego statku powietrznego
414;PL010-0485;Kogo nazywamy zarządzającym lotniskiem?;Jest to podmiot, który został wpisany jako zarządzający do rejestru lotnisk cywilnych,;Jest to podmiot zarządzający danym lotniskiem,;Jest to podmiot który sprawuje nadzór nad funkcjonowaniem danego lotniska,;Jest to podmiot przyjmujący opłaty za start i lądowanie na danym lotnisku
415;PL010-0486;Kogo zaliczamy do personelu wchodzącego w skład załóg statków powietrznych, któremu wydaje się licencje?;Pilot samolotowy turystyczny PPL(A);Informator lotniskowej służby informacji powietrznej;Skoczek spadochronowy;Pilot wiatrakowcowy o maksymalnej masie startowej (MTOM) do 560 kg
416;PL010-0487;Kogo zaliczamy do personelu wchodzącego w skład załóg statków powietrznych, któremu wydaje się licencje?;Pilot samolotowy zawodowy CPL(A);Informator lotniskowej służby informacji powietrznej;Skoczek spadochronowy;Pilot wiatrakowcowy o maksymalnej masie startowej (MTOM) do 560 kg
417;PL010-0490;Kogo zaliczamy do personelu wchodzącego w skład załóg statków powietrznych, któremu wydaje się licencje?;Pilot szybowcowy;Operator bezzałogowego statku powietrznego używanego w celach innych niż rekreacyjne i sportowe;Skoczek spadochronowy;Pilot wiatrakowcowy o maksymalnej masie startowej (MTOM) do 560 kg
418;PL010-0491;Kogo zaliczamy do personelu wchodzącego w skład załóg statków powietrznych?;Dyspozytor lotniczy;Pilot motolotni;Skoczek spadochronowy zawodowy;Pilot paralotni
419;PL010-0492;Kogo zaliczamy do personelu wchodzącego w skład załóg statków powietrznych?;Kontroler ruchu lotniczego;Informator służby informacji powietrznej;Skoczek spadochronowy zawodowy;Pilot motolotni
420;PL010-0493;Kontroler ruchu lotniczego nie jest zobowiązany do zapewniania służby:;Informacji lotniczej;Informacji powietrznej;Kontroli ruchu lotniczego;Alarmowej
421;PL010-0494;Kto ma prawo uznać potwierdzenie spełnianie przez statek powietrzny wymagań dotyczących ochrony środowiska wydane lub potwierdzone przez właściwy organ innego państwa, za ważne na równi z potwierdzeniami spełnienia przez statek powietrzny wymagań dotyczących ochrony środowiska wydanymi w Rzeczypospolitej Polskiej?;Prezes ULC;Minister właściwy do spraw transportu;Organizacja obsługująca dany statek powietrzny;EUROCONTROL
422;PL010-0495;Kto ma prawo uznać zezwolenie na lot statku powietrznego bez świadectwa zdatności do lotu statku powietrznego wydane lub potwierdzone przez właściwy organ innego państwa, za ważne na równi z zezwoleniami na lot bez świadectwa zdatności do lotu statku powietrznego wydanymi w Rzeczypospolitej Polskiej?;Prezes ULC;Minister właściwy do spraw transportu;Organizacja obsługująca dany statek powietrzny;EUROCONTROL
423;PL010-0496;Kto ma prawo uznać, świadectwo zdatności do lotu statku powietrznego wydane lub potwierdzone przez właściwy organ innego państwa, za ważne na równi ze świadectwami zdatności do lotu statku powietrznego wydanymi w Rzeczypospolitej Polskiej?;Prezes ULC;Minister właściwy do spraw transportu;Organizacja obsługująca dany statek powietrzny;EUROCONTROL
424;PL010-0498;Kto może wnosić i używać na pokładzie statku powietrznego broń palną i gazową, materiały wybuchowe oraz urządzenia, środki , substancje mogące stanowić zagrożenie dla bezpieczeństwa lotu lub pasażerów?;Funcjonariusze Biura Ochrony Rządu podczas wykonywania czynności służbowych;Funkcjonariusze Ministerstwa Infrastruktury podczas wykonywania czynności służbowych;Straż Miejska podczas wykonywania czynności służbowych;Inspektorzy ULC podczas wykonywania czynności służbowych
425;PL010-0499;Kto ponosi odpowiedzialność za szkody spowodowane ruchem statków powietrznych?;Osoba eksploatująca statek powietrzny, czyli ta która go używała w czasie spowodowania szkody;Osoba wpisana do rejestru statków powietrznych jako użytkownik nawet jeżeli udowodni że w danym czasie osobą eksploatującą była inna osoba;Osoba, która przekazała prawo używania statku powietrznego nawet jeżeli nie zachowała prawa decydowania w sprawach wykonywania lotu;Ubezpieczyciel
426;PL010-0500;Kto ponosi odpowiedzialność za szkody spowodowane ruchem statków powietrznych?;Osoba wpisana do rejestru statków powietrznych jako użytkownik chyba że udowodni że w danym czasie osobą eksploatującą była inna osoba;Osoba która przekazała prawo używania statku powietrznego nawet jeżeli nie zachowała prawa decydowania w sprawach wykonywania lotu;Osoba eksploatująca statek powietrzny, nawet jeżeli nie używała go w czasie spowodowania szkody;Ubezpieczyciel
427;PL010-0501;Kto ponosi odpowiedzialność za szkody spowodowane ruchem statków powietrznych?;Osoba która przekazała prawo używania statku powietrznego jeżeli zachowała prawo decydowania w sprawach wykonywania lotu;Osoba wpisana do rejestru statków powietrznych jako użytkownik nawet jeżeli udowodni że w danym czasie osobą eksploatującą była inna osoba;Osoba eksploatująca statek powietrzny, nawet jeżeli nie używała go w czasie spowodowania szkody;Ubezpieczyciel
428;PL010-0502;Kto ponosi odpowiedzialność za szkody spowodowane ruchem statków powietrznych?;Osoba używająca sama statku powietrznego lub osoby działające za nią, choćby przekroczyły udzielone im uprawnienia;Osoba która przekazała prawo używania statku powietrznego nawet jeżeli nie zachowała prawa decydowania w sprawach wykonywania lotu;Co do zasady osoba eksploatująca statek powietrzny solidarnie z pasażerami;Ubezpieczyciel
429;PL010-0503;Kto ponosi odpowiedzialność za szkody spowodowane ruchem statków powietrznych?;Osoba która bezprawnie używa statku powietrznego;Osoba wpisana do rejestru statków powietrznych jako użytkownik nawet jeżeli udowodni że w danym czasie osobą eksploatującą była inna osoba;Osoba eksploatująca statek powietrzny, nawet jeżeli nie używała go w czasie spowodowania szkody;Osoba która przekazała prawo używania statku powietrznego nawet jeżeli nie zachowała prawa decydowania w sprawach wykonywania lotu
430;PL010-0504;Kto ponosi odpowiedzialność za szkody spowodowane ruchem statków powietrznych?;Osoba która bezprawnie używa statku powietrznego i solidarnie osoba eksploatująca statek powietrzny, czyli ta która go używała w czasie spowodowania szkody, chyba że użycie statku powietrznego nastąpiło bez jej winy;Osoba wpisana do rejestru statków powietrznych jako użytkownik nawet jeżeli udowodni że w danym czasie osobą eksploatującą była inna osoba;Osoba która przekazała prawo używania statku powietrznego nawet jeżeli nie zachowała prawa decydowania w sprawach wykonywania lotu;Ubezpieczyciel
431;PL010-0505;Kto ponosi odpowiedzialność za szkody spowodowane ruchem statków powietrznych?;Osoba która bezprawnie używa statku powietrznego i solidarnie osoba wpisana do rejestru statków powietrznych jako użytkownik chyba że udowodni że w danym czasie osobą eksploatującą była inna osoba lub że użycie statku powietrznego nastąpiło bez jej winy;Osoba która przekazała prawo używania statku powietrznego nawet jeżeli nie zachowała prawa decydowania w sprawach wykonywania lotu;Osoba eksploatująca statek powietrzny, nawet jeżeli nie używała go w czasie spowodowania szkody;Ubezpieczyciel
432;PL010-0506;Kto ponosi odpowiedzialność za szkody spowodowane ruchem statków powietrznych?;Osoba która bezprawnie używa statku powietrznego i solidarnie osoba która przekazała prawo używania statku powietrznego jeżeli zachowała prawo decydowania w sprawach wykonywania lotu, chyba że użycie statku powietrznego nastąpiło bez jej winy;Osoba wpisana do rejestru statków powietrznych jako użytkownik nawet jeżeli udowodni że w danym czasie osobą eksploatującą była inna osoba;Osoba eksploatująca statek powietrzny, nawet jeżeli nie używała go w czasie spowodowania szkody;Ubezpieczyciel
433;PL010-0507;Kto posiada całkowite zwierzchnictwo nad przestrzenią powietrzną Rzeczpospolitej Polski?;Rzeczpospolita Polska;Europejska Organizacja do Spraw Bezpieczeństwa Żeglugi Powietrznej (Eurocontrol);Organizacja Międzynarodowego Lotnictwa Cywilnego (ICAO);Europejska Konferencja Lotnictwa Cywilnego (ECAC)
434;PL010-0508;Kto stwierdza spełnienie przez kandydata wymagań, które pozwalają przeprowadzić szkolenie teoretycznego?;Ośrodek szkolenia lotniczego;Prezes ULC;Minister właściwy do spraw transportu;EASA
435;PL010-0509;Kto stwierdza spełnienie przez kandydata wymagań, które pozwalają przeprowadzić szkolenie praktyczne?;Zatwierdzona organizacja szkolenia lotniczego;Prezes ULC;Minister właściwy do spraw transportu;Europejską Agencja Bezpieczeństwa Lotniczego
436;PL010-0510;Kto w ramach zwierzchnictwa nad przestrzenią powietrzną RP zarządza ruchem powietrznym w tej przestrzeni?;Polski organ zarządzania ruchem lotniczym;EUROCONTROL;ICAO;ECAC
437;PL010-0512;Kto jest odpowiedzialny za alarmowanie wojskowego organu odpowiedzialnego za poszukiwanie i ratownictwo cywilnych statków powietrznych?;Centrum Kontroli Obszaru (ACC) Warszawa;Prezes ULC;Ministerstwo Obrony;Ministerstwo Komunikacji
438;PL010-0513;Lot kontrolowany - Controlled flight - jest to:;Każdy lot, na który wymaga się zezwolenia kontroli ruchu lotniczego;Każdy lot, wykonywany według przepisów IFR;Każdy lot, wykonywany w przestrzeni kontrolowanej;Każdy lot, wykonywany według przepisów VFR w przestrzeni kontrolowanej
439;PL010-0514;Z wyjątkiem sytuacji, gdy organ kontroli ruchu lotniczego udzieli specjalnego zezwolenia, w lotach VFR nie startuje się ani nie ląduje na lotnisku znajdującym się w strefie kontrolowanej gdy:;Pułap chmur jest niższy niż 450 m;Pułap chmur jest niższy niż 500 m;Pułap chmur jest niższy niż 550 m;Pułap chmur jest niższy niż 600 m
440;PL010-0515;Z wyjątkiem sytuacji, gdy organ kontroli ruchu lotniczego udzieli specjalnego zezwolenia, w lotach VFR nie startuje się ani nie ląduje na lotnisku znajdującym się w strefie kontrolowanej gdy:;Widzialność przy ziemi jest mniejsza niż 5 km;Widzialność przy ziemi jest mniejsza niż 4 km;Widzialność przy ziemi jest mniejsza niż 6 km;Widzialność przy ziemi jest mniejsza niż 7 km
441;PL010-0519;Loty VFR mogą być wykonywane w nocy nad terenem innym niż obszar wyżynny lub górski na poziomie co najmniej 300 m (1 000 ft) nad najwyższą przeszkodą znajdującą się w promieniu:;8 km od przypuszczalnej pozycji statku powietrznego;6 km od przypuszczalnej pozycji statku powietrznego;7 km od przypuszczalnej pozycji statku powietrznego;5 km od przypuszczalnej pozycji statku powietrznego
442;PL010-0520;Lot VFR na i powyżej FL 100 w przestrzeni powietrznej klasy C może być wykonany, jeżeli odległość pionowa od chmur jest nie mniejsza niż:;300 m;100 m;500 m;Nieokreślona – z dala od chmur
443;PL010-0521;Lot VFR na i powyżej FL 100 w przestrzeni powietrznej klasy C może być wykonany z prędkością nie większą, niż:;Prędkość poddźwiękowa;250 kt TAS;463 km/h TAS;250 kt IAS
444;PL010-0522;Lot VFR na i powyżej FL 100 w przestrzeni powietrznej klasy C może być wykonany, jeżeli odległość pozioma od chmur jest:;Nie mniejsza niż 1500 m;Nie mniejsza niż 2 km;Nie mniejsza niż 5 km;Nieokreślona – z dala od chmur
445;PL010-0523;Loty VFR mogą być wykonywane w nocy nad terenem wyżynnym lub nad obszarami górskimi - na poziomie co najmniej 600 m (2 000 ft) nad najwyższą przeszkodą znajdującą się w promieniu:;8 km od przypuszczalnej pozycji statku powietrznego;6 km od przypuszczalnej pozycji statku powietrznego;7 km od przypuszczalnej pozycji statku powietrznego;5 km od przypuszczalnej pozycji statku powietrznego
446;PL010-0524;Loty nocne VFR mogą być wykonywane:;Z dala od chmur i z widocznością terenu lub świateł w terenie;Nie niżej niż 300 m pod pułapem chmur;Nie niżej niż 200 m pod pułapem chmur;Nie niżej niż 500 m nad przeszkodami
447;PL010-0525;Loty nocne VFR na samolotach na trasach i w przelotach mogą być wykonywane nie niżej niż:;300 m;100 m;200 m;500 m
448;PL010-0526;Meldunek „Na długiej prostej” jest podawany, gdy statek powietrzny w locie VFR, wykonujący na lotnisku kontrolowanym podejście wprost z trasy, znajdzie się w odległości od punktu przyziemienia:;15 km;8 km;15 NM;4 km
449;PL010-0527;Meldunek „Na długiej prostej” jest podawany, gdy statek powietrzny znajdujący się w kręgu nadlotniskowym na lotnisku kontrolowanym wykonuje zakręt do podejścia końcowego w odległości od punktu przyziemienia większej niż:;7 km;15 km;10 km;4 km
450;PL010-0528;Meldunek „Na prostej” jest podawany, gdy statek powietrzny znajdujący się w kręgu nadlotniskowym na lotnisku kontrolowanym znajdzie się w odległości od punktu przyziemienia:;7 km;15 km;10 km;4 km
451;PL010-0529;Meldunek „Na prostej” jest podawany, gdy statek powietrzny w locie VFR, wykonujący na lotnisku kontrolowanym podejście wprost z trasy, znajdzie się w odległości od punktu przyziemienia:;4 NM;15 km;10 km;4 km
452;PL010-0530;Minimalne wysokości w lotach nocnych VFR na trasach i w przelotach określa się od:;Przeszkód;Terenu;Od najwyższego wzniesienia terenu na trasie;Elewacji lotniska
453;PL010-0531;MSA na mapie procedury podejścia oznacza:;Minimum Sector Altitude – najniższą wysokość bezwzględną jaka może być stosowana, która zapewnia minimalne przewyższenie nad przeszkodami wynoszące 300 m (1000 ft) nad wszystkimi obiektami znajdującymi się na wycinku koła o promieniu 46 km (25 NM), wychodzącym od pomocy radionawigacyjnej;Minimum Sector Altitude - Minimalną, sektorową wysokość względną lotu dla lotu IFR poza CTR;Minimum Safe Altitude – Minimalną bezpieczną wysokość bezwzględną lotu dla lotów IFR i VFR poza CTA;Minimum Safe Altitude - wysokość bezwzględną dla danego obszaru zapewniającą minimalne przewyższenie nad przeszkodami dla lotu IFR
454;PL010-0532;Na jakich statkach powietrznych zatwierdzona organizacja szkolenia może wykonywać szkolenie?;Musi korzystać z odpowiedniej floty szkolnych statków powietrznych odpowiednich do prowadzonych kursów szkoleniowych;Musi używać szkolnych statków powietrznych nie wpisanych do polskiego lub obcego rejestru cywilnych statków powietrznych;Musi używać szkolnych statków powietrznych ze znakiem rozpoznawczym INS;Zatwierdzona organizacja szkolenia może korzystać tylko ze szkoleniowych urządzeń symulacji lotu
455;PL010-0534;O ile może zostać zmniejszony czas 45 godzin lotu na samolotach jednosilnikowych tłokowych, kiedy kandydat do licencji pilota samolotowego turystycznego jest posiadaczem licencji pilota balonowego?;Nie ma takiej możliwości;O 20 godzin pod warunkiem prowadzenia szkolenia według programu szkolenia zatwierdzonego dla tego typu kandydatów;O 10 godzin;O czas lotu wynoszący 10% czasu lotu wykonanego przez kandydata w charakterze dowódcy tego statku powietrznego, jednak nie więcej niż 10 godzin
456;PL010-0535;O ile może zostać zmniejszony czas 45 godzin lotu na samolotach jednosilnikowych tłokowych, kiedy kandydat do licencji pilota samolotowego turystycznego jest posiadaczem licencji pilota wiatrakowcowego zawodowego?;O czas lotu wynoszący 10% czasu lotu wykonanego przez kandydata w charakterze dowódcy tego statku powietrznego, jednak nie więcej niż 10 godzin;O 20 godzin pod warunkiem prowadzenia szkolenia według programu szkolenia zatwierdzonego dla tego typu kandydatów;O 10 godzin;Nie ma takiej możliwości
457;PL010-0536;O ile może zostać zmniejszony czas lotu na samolotach jednosilnikowych tłokowych, kiedy kandydat do licencji pilota samolotowego turystycznego jest posiadaczem UAVO?;Nie ma takiej możliwości;O 20 godzin pod warunkiem prowadzenia szkolenia według programu szkolenia zatwierdzonego dla tego typu kandydatów;O 10 godzin;O czas lotu wynoszący 10% czasu lotu wykonanego przez kandydata w charakterze dowódcy tego statku powietrznego, jednak nie więcej niż 10 godzin
458;PL010-0537;O ile może zostać zmniejszony czas lotów wymaganych do licencji PPL(A), kiedy kandydat do licencji pilota samolotowego turystycznego jest posiadaczem licencji pilota szybowcowego?;O nie więcej niż 10 godzin;O 15 godzin;Nie ma takiej możliwości;O 20 godzin
459;PL010-0538;O ile może zostać zmniejszony czas lotów do licencji pilota samolotowego turystycznego, kiedy kandydat jest posiadaczem licencji pilota śmigłowcowego?;O nie więcej niż 10 godzin;O 15 godzin;Nie ma takiej możliwości;O 20 godzin
460;PL010-0539;O ile może zostać zmniejszony czas lotów wymaganych do licencji PPL(A) kiedy kandydat jest posiadaczem licencji pilota wiatrakowcowego?;O nie więcej niż 10 godzin;O 15 godzin;Nie ma takiej możliwości;O 20 godzin
461;PL010-0540;Oprócz służb ruchu lotniczego statkom powietrznym wykonującym loty w polskiej przestrzeni powietrznej zapewnia się:;Służbę meteorologiczną;Służbę informacji powietrznej;Służbę kontroli ruchu lotniczego;Służbę alarmową
462;PL010-0541;Oprócz służb ruchu lotniczego statkom powietrznym wykonującym loty w polskiej przestrzeni powietrznej zapewnia się:;Służbę poszukiwania i ratownictwa;Służbę alarmową;Służbę kontroli ruchu lotniczego;Służbę informacji powietrznej
463;PL010-0542;Orzeczenie lotniczo-lekarskie wydane dla osoby poniżej 40 roku życia w zakresie wymagań zdrowotnych dla Klasy 1 posiada ważność?;12 miesięcy;6 miesięcy;24 miesiące;18 miesięcy
464;PL010-0543;Orzeczenie lotniczo-lekarskie Klasy I wydane dla osoby powyżej 40 roku życia, wykonującej loty w zarobkowym przewozie lotniczym w załodze jednoosobowej posiada ważność?;6 miesięcy;12 miesięcy;24 miesiące;18 miesięcy
465;PL010-0544;Ośrodek szkolenia lotniczego jest to:;Samodzielna organizacja lotnicza lub część składowa innego podmiotu szkoląca do licencji personelu lotniczego;Organizacja lotnicza prowadząca szkoląca do świadectw kwalifikacji personelu lotniczego;Fundacja prowadząca szkolenia lotnicze jako działalność statutową;Samodzielna organizacja lotnicza lub część składowa innego podmiotu szkoląca do UAVO
466;PL010-0545;Oznacz odpowiednią literą przepisy wykonywania lotów lub rodzaj planowanego lotu wg oznaczeń stosowanych w planach lotów - lot IFR:;I;V;X;N
467;PL010-0546;Oznacz odpowiednią literą przepisy wykonywania lotów lub rodzaj planowanego lotu wg oznaczeń stosowanych w planach lotów - lot innego rodzaju, niż określone:;X;I;N;R
468;PL010-0547;Oznacz odpowiednią literą przepisy wykonywania lotów lub rodzaj planowanego lotu wg oznaczeń stosowanych w planach lotów - lot lotnictwa ogólnego:;G;O;W;X
469;PL010-0548;Oznacz odpowiednią literą przepisy wykonywania lotów lub rodzaj planowanego lotu wg oznaczeń stosowanych w planach lotów - lot nierozkładowy lotnictwa komunikacyjnego:;N;X;S;V
470;PL010-0549;Oznacz odpowiednią literą przepisy wykonywania lotów lub rodzaj planowanego lotu wg oznaczeń stosowanych w planach lotów - lot rozkładowy lotnictwa komunikacyjnego:;S;X;N;R
471;PL010-0550;Oznacz odpowiednią literą przepisy wykonywania lotów lub rodzaj planowanego lotu wg oznaczeń stosowanych w planach lotów - lot VFR:;V;N;S;I
472;PL010-0552;Oznacz odpowiednią literą przepisy wykonywania lotów lub rodzaj planowanego lotu wg oznaczeń stosowanych w planach lotów – najpierw lot IFR, potem lot VFR:;Y;X;I;Z
473;PL010-0553;Oznacz odpowiednią literą przepisy wykonywania lotów lub rodzaj planowanego lotu wg oznaczeń stosowanych w planach lotów – najpierw lot VFR, potem lot IFR:;Z;Y;V;I
474;PL010-0554;Pierwszeństwo w podejściu do lądowania powinien mieć statek powietrzny:;Mający uszkodzony zespół napędowy;Mający status VIP;Mający uszkodzone podwozie;Mający status HUM
475;PL010-0555;Pilot zaplanował nocny lot VFR na FL 125. Czy otrzyma zezwolenie na wykonanie tego lotu?;Nie;Tak, pod warunkiem utrzymania kontaktu wzrokowego z terenem;Tak;"Tak, jeśli nie przekroczy prędkości 300 km/h;"
476;PL010-0559;Podstawowym dokumentem zawierającym informacje lotnicze autoryzowane przez właściwe władze państwa jest:;AIP - Zbiór Informacji Lotniczych;Dokumentacja JEPPESEN;Podręcznik pilota;Instrukcja wykonywania lotów / skoków
477;PL010-0560;Poziom (Level) jest to:;Wyrażenie ogólne odnoszące się do pozycji statku powietrznego w locie w płaszczyźnie pionowej i oznaczające zarówno wysokość względną, wysokość bezwzględną lub poziom lotu;Powierzchnia izobaryczna odniesiona do wartości ciśnienia 1013,2 hPa oddzielona od innych takich powierzchni o określone różnice wysokości;Płaszczyzna izobaryczna odniesiona do wartości ciśnienia 1013,2 hPa oddzielona od innych takich płaszczyzn o stałą różnicę ciśnienia;Płaszczyzna izobaryczna odniesiona do wartości ciśnienia 1013,2 hPa oddzielona od innych takich płaszczyzn o stałą różnicę wysokości
478;PL010-0561;Poziom lotu (Flight Level) jest to:;Powierzchnia o stałym ciśnieniu odniesiona do szczególnej wartości ciśnienia 1013,2 hPa i oddzielona od innych takich powierzchni określonymi różnicami ciśnienia;Powierzchnia izobaryczna odniesiona do wartości ciśnienia 1013,2 hPa oddzielona od innych takich powierzchni o określone różnice wysokości;Płaszczyzna izobaryczna odniesiona do wartości ciśnienia 1013,2 hPa oddzielona od innych takich płaszczyzn o stałą różnicę ciśnienia;Płaszczyzna izobaryczna odniesiona do wartości ciśnienia 1013,2 hPa oddzielona od innych takich płaszczyzn o stałą różnicę wysokości
479;PL010-0562;Poziom przejściowy (Transition Level) jest to:;Najniższy poziom lotu jaki można wykorzystać powyżej wysokości przejściowej;Poziom lotu, na którym przestawia się wysokościomierz z QNH na STD;Najwyższy poziom lotu jaki można wykorzystać poniżej wysokości przejściowej;Poziom lotu, na i poniżej którego położenie statku powietrznego w płaszczyźnie pionowej określane jest jako wysokość względna lub bezwzględna
480;PL010-0563;Poziom przelotu (Cruising Level) jest to:;Poziom utrzymywany podczas znacznej części lotu;Wyrażenie ogólne odnoszące się do pozycji statku powietrznego w locie w płaszczyźnie pionowej i oznaczające zarówno wysokość względną, wysokość bezwzględną lub poziom lotu;Płaszczyzna izobaryczna odniesiona do wartości ciśnienia 1013,2 hPa oddzielona od innych takich płaszczyzn o stałą różnicę ciśnienia;Płaszczyzna izobaryczna odniesiona do wartości ciśnienia 1013,2 hPa oddzielona od innych takich płaszczyzn o stałą różnicę wysokości
481;PL010-0564;Poziomy przelotu, na jakich ma się odbyć przelot albo jego część, należy wyrażać jako poziomy lotu:;Podczas lotu na najniższym dostępnym poziomie lotu lub powyżej tego poziomu albo odpowiednio powyżej wysokości bezwzględnej przejściowej;Podczas lotu poniżej najniższego dostępnego poziomu lotu albo odpowiednio na lub poniżej wysokości bezwzględnej przejściowej;Podczas wykonywania prac agrolotniczych na małych wysokościach;Podczas lotu poniżej minimalnej wysokości lotu nad terenem zabudowanym
482;PL010-0565;Poziomy przelotu, na jakich ma się odbyć przelot albo jego część, należy wyrażać jako wysokości bezwzględne:;Podczas lotu poniżej najniższego dostępnego poziomu lotu albo odpowiednio na lub poniżej wysokości bezwzględnej przejściowej;Podczas lotu na najniższym dostępnym poziomie lotu lub powyżej tego poziomu;Podczas wykonywania prac agrolotniczych na małych wysokościach;Podczas przelotu nad lotniskiem powyżej poziomu przejściowego tego lotniska
483;PL010-0566;Przez przypadkowo włączony nadajnik została zablokowana częstotliwość radiowa. Statek powietrzny kołuje po lotnisku. Aby zatrzymać ten statek w miejscu, w którym się znajduje, kierujący lotami powinien użyć sygnału świetlnego:;Ciągłe światło czerwone;Seria błysków zielonych;Seria błysków białych;Seria błysków czerwonych
484;PL010-0567;Przez przypadkowo włączony nadajnik została zablokowana częstotliwość radiowa. Statek powietrzny porusza się po lotnisku. Aby nakazać temu statkowi kołowanie poza polem wzlotów będącym w użyciu kierujący lotami powinien użyć sygnału świetlnego:;Seria błysków czerwonych;Seria błysków zielonych;Seria błysków białych;Ciągłe światło czerwone
485;PL010-0568;Przez przypadkowo włączony nadajnik została zablokowana częstotliwość radiowa. Statek powietrzny porusza się po lotnisku. Aby nakazać temu statkowi powrót do punktu wyjściowego na lotnisku kierujący lotami powinien użyć sygnału świetlnego:;Seria błysków białych;Ciągłe światło czerwone;Seria błysków zielonych;Seria błysków czerwonych
486;PL010-0569;Przez przypadkowo włączony nadajnik została zablokowana częstotliwość radiowa. Statek powietrzny porusza się po lotnisku. Aby udzielić temu statkowi zezwolenia na kołowanie kierujący lotami powinien użyć sygnału świetlnego:;Seria błysków zielonych;Ciągłe światło zielone;Seria błysków białych;Ciągłe światło czerwone
487;PL010-0570;Przez przypadkowo włączony nadajnik została zablokowana częstotliwość radiowa. Statek powietrzny porusza się po lotnisku. Aby udzielić temu statkowi zezwolenia na start kierujący lotami powinien użyć sygnału świetlnego:;Ciągłe światło zielone;Seria błysków zielonych;Seria błysków białych;Ciągłe światło czerwone
488;PL010-0571;Przy wykonywaniu lotów międzynarodowych statek powietrzny jest obowiązany przestrzegać?;Przepisów ruchu lotniczego właściwych dla obszaru, w którym ruch się odbywa oraz zakazu przekraczania granic jakiegokolwiek państwa bez wymaganego zezwolenia (razem oba warunki);Tylko przepisów ruchu lotniczego właściwych dla obszaru, w którym ruch się odbywa;Tylko zakazu przekraczania granic jakiegokolwiek państwa bez wymaganego zezwolenia;Tylko prawa kraju, w którym statek powietrzny został zarejestrowany
489;PL010-0572;QFE jest to:;Ciśnienie atmosferyczne na poziomie lotniska lub progu drogi startowej w użyciu;Ciśnienie atmosferyczne odniesione do średniego poziomu morza;Ciśnienie atmosferyczne zmierzone na progu drogi startowej odniesione do lotniska;Ciśnienie atmosferyczne zmierzone na poziomie morza odniesione do elewacji lotniska
490;PL010-0573;QNH jest to:;Nastawienie ruchomej skali wysokościomierza tak, aby wskazywał elewację miejsca, kiedy jest na ziemi;Ciśnienie atmosferyczne na poziomie morza odniesione do elewacji progu drogi startowej w użyciu;Ciśnienie atmosferyczne zmierzone na średnim poziomie morza;Ciśnienie atmosferyczne zmierzone na poziomie morza odniesione do elewacji lotniska
491;PL010-0574;Rada Ministrów w drodze rozporządzenia wprowadza zakazy i ograniczenia w ruchu lotniczym, niezbędne ze względu na:;Ważny interes polityki zagranicznej RP;Gospodarkę rolną;Poszukiwanie i ratownictwo;Gospodarkę leśną
492;PL010-0575;Rada Ministrów w drodze rozporządzenia wprowadza zakazy i ograniczenia w ruchu lotniczym, niezbędne ze względu na:;Zobowiązania RP wynikające z wiążących uchwał Rady Bezpieczeństwa ONZ;Poszukiwanie i ratownictwo;Służbę zdrowia;Reklamę
493;PL010-0577;Służba informacji powietrznej w przestrzeni klasy G:;Nie ma obowiązku zapewniania separacji między statkami powietrznymi;Ma obowiązek zapewnić separacje między statkami powietrznymi wykonującymi loty VFR – spec i loty IFR;Ma obowiązek zapewnić separacje między statkami powietrznymi wykonującymi loty IFR i loty VFR;Ma obowiązek zapewnić separacje między statkami powietrznymi wykonującymi loty IFR i loty IFR
494;PL010-0578;Służba kontroli ruchu lotniczego ma obowiązek zapewnić w przestrzeni klasy A separacje między statkami powietrznymi wykonującymi loty:;IFR od IFR;IFR od VFR;VFR - spec od VFR - spec;Nie zapewnia żadnemu z nich
495;PL010-0579;Służba kontroli ruchu lotniczego ma obowiązek zapewnić w przestrzeni klasy C separacje między statkami powietrznymi wykonującymi loty:;VFR od IFR;VFR od VFR;VFR - spec od VFR;VFR- nocny od VFR - nocny
496;PL010-0580;Służba kontroli ruchu lotniczego ma obowiązek zapewnić w przestrzeni klasy D separacje między statkami powietrznymi wykonującymi loty:;IFR od IFR;IFR od VFR;VFR od IFR;Nie zapewnia żadnemu z lotów
497;PL010-0581;Służba kontroli ruchu lotniczego ma obowiązek zapewnić w przestrzeni klasy E separacje między statkami powietrznymi wykonującymi loty:;IFR od IFR;IFR od VFR;VFR od IFR;Nie zapewnia żadnemu lotów
498;PL010-0582;"Statek powietrzny nie zgłosił się w ciągu 30 minut po: a) przewidywanym czasie przylotu podanym przez pilota; b) ostatnio potwierdzonym spodziewanym czasie podejścia; w zależności od tego, który z tych czasów jest najpóźniejszy, odpowiednie informacje dotyczące tego statku powinny być przekazane użytkownikom statków powietrznych lub ich upoważnionym przedstawicielom oraz dowódcom innych zainteresowanych statków powietrznych i na ich życzenie powinna być podjęta normalna kontrola ruchu lotniczego. Za podjęcie decyzji w sprawie dalszego, normalnego kontynuowania lotów lub też za podjęcie innego działania odpowiedzialni są:";Dowódcy statków powietrznych oraz użytkownicy statków powietrznych lub ich wyznaczeni przedstawiciele;Służby portowe /Dyżurny Operacyjny Lotniska/;Kontrola ruchu lotniczego w przestrzeni odpowiedzialności tego lotniska;Wojskowa służba ruchu lotniczego w rejonie tego lotniska
499;PL010-0583;Statek powietrzny podchodzący do lądowania na lotnisku docelowym ma uszkodzone podwozie, wykonuje więc lądowanie:;Awaryjne;Techniczne;Przymusowe;Zwykłe
500;PL010-0584;Statek powietrzny porusza się po lotnisku. Przez przypadkowo włączony nadajnik została zablokowana częstotliwość radiowa. Pilot dostrzegł nadaną z miejsca kierowania lotami w jego kierunku serię błysków białych. Oznacza to, że:;Należy wracać do punktu wyjściowego na lotnisku;Należy zatrzymać się;Zezwala się kołować;Należy kołować poza polem wzlotów będącym w użytku
501;PL010-0585;Statek powietrzny porusza się po lotnisku. Przez przypadkowo włączony nadajnik została zablokowana częstotliwość radiowa. Pilot dostrzegł nadaną z miejsca kierowania lotami w jego kierunku serię błysków czerwonych. Oznacza to, że:;Należy kołować poza polem wzlotów będącym w użytku;Płyta postojowa zajęta;Należy wracać do punktu wyjściowego na lotnisku;Należy kołować do płyty postojowej
502;PL010-0586;Statek powietrzny porusza się po lotnisku. Przez przypadkowo włączony nadajnik została zablokowana częstotliwość radiowa. Pilot dostrzegł nadaną z miejsca kierowania lotami w jego kierunku serię błysków zielonych. Oznacza to, że:;Zezwala się kołować;Należy wracać do punktu wyjściowego na lotnisku;Należy zatrzymać się;Zezwala się startować
503;PL010-0587;Statek powietrzny porusza się po lotnisku. Przez przypadkowo włączony nadajnik została zablokowana częstotliwość radiowa. Pilot dostrzegł nadany z miejsca kierowania lotami w jego kierunku ciągły sygnał czerwony. Oznacza to, że:;Należy zatrzymać się;Należy kołować poza polem wzlotów będącym w użytku;Należy wracać do punktu wyjściowego na lotnisku;Zezwala się kołować ze zwiększoną ostrożnością
504;PL010-0588;Statek powietrzny porusza się po lotnisku. Przez przypadkowo włączony nadajnik została zablokowana częstotliwość radiowa. Pilot dostrzegł nadany z miejsca kierowania lotami w jego kierunku ciągły sygnał zielony. Oznacza to, że:;Zezwala się startować;Płyta postojowa zajęta;Należy wracać do punktu wyjściowego na lotnisku;Należy kołować poza polem wzlotów będącym w użytku
505;PL010-0589;Statek powietrzny w locie VFR może wlecieć do rejonu kontrolowanego lub strefy kontrolowanej lotniska objętej klasą C jeżeli pilot:;Złożył plan lotu i uzyskał na jego podstawie zezwolenie organu kontroli ruchu lotniczego na wlot w przestrzeń;Pozostaje w VMC i zapewnia sobie własną separację;Przejdzie do lotu IFR;Przejdzie do lotu IFR pozostając w warunkach VMC
506;PL010-0590;Statek powietrzny w locie VFR wylatuje z CTR do przestrzeni klasy G. Otrzymał zezwolenie na przelot na wys. 200 m nad terenem. Po wyjściu z CTR pilot powinien mieć wysokościomierz ustawiony na:;QNH;STD;QFE;Ciśnienie na powierzchni terenu, nad którym przelatuje
507;PL010-0591;Strefa identyfikacji obrony powietrznej (ADIZ) jest to przestrzeń powietrzna, która rozciąga się wzdłuż granicy państwowej w głąb kraju do odległości:;15 km;2,5 km;10 km;6 km
508;PL010-0592;Szkolenie lotnicze w organizacji szkolenia lotniczego jest prowadzone:;Zgodnie z zatwierdzonymi przez Prezesa ULC i wprowadzonymi w życie instrukcjami oraz dokumentami regulaminowymi;Do UAVO;Stosownie do zezwolenia ministra właściwego do spraw transportu;Dla pilota paralotni
509;PL010-0593;Szkolenie lotnicze w organizacji szkolenia lotniczego jest prowadzone:;Przy wykorzystaniu odpowiednich do rodzaju szkolenia statków powietrznych oraz urządzeń treningowych;Do INS(SL);Stosownie do zezwolenia ministra właściwego do spraw transportu;Dla pilota lotni
510;PL010-0594;Szkolenie lotnicze w w zatwierdzonej organizacji szkolenia jest prowadzone:;Z lotnisk lub miejsc operacji lotniczych wyposażonych w odpowiednie zaplecze;Stosownie do zezwolenia Ministra Transportu;Do UAVO;Do licencji mechanika pokładowego
511;PL010-0595;Szkolenie lotnicze w zatwierdzonej organizacji szkolenia jest prowadzone:;Stosownie do instrukcji szkolenia i instrukcji operacyjnych;Stosownie do zezwolenia ministra właściwego do spraw transportu;Do FDL;Do licencji radiooperatora pokładowego
512;PL010-0596;Teren, nad którym jest wykonywany lot VFR, wznosi się do wysokości 300 m AMSL (elewacja terenu). Lot ten na wys. 1350 m AMSL może być wykonany z prędkością nie większą, niż:;250 kt IAS;250 kt TAS;463 km/h TAS;250 km/h IAS
513;PL010-0597;Teren, nad którym jest wykonywany lot VFR, wznosi się do wysokości 300 m AMSL (elewacja terenu). Lot ten na wys. 1350 m AMSL może być wykonany, jeżeli odległość pionowa od chmur jest:;Nie mniejsza niż 300 m;Nie mniejsza niż 150 m;Nie mniejsza niż 500 m;Nieokreślona - z widocznością ziemi lub wody
514;PL010-0598;Teren, nad którym jest wykonywany lot VFR, wznosi się do wysokości 300 m AMSL (elewacja terenu). Lot ten na wys. 1350 m AMSL może być wykonany, jeżeli widzialność jest nie mniejsza niż:;5 km;2 km;8 km;10 km
515;PL010-0599;W czasie lotów zabrania się dokonywania wszelkich zrzutów ze statku powietrznego z wyjątkiem zrzutów dokonywanych na potrzeby?;Doświadczalnych i szkoleniowych oraz sportu i obsługi imprez masowych;Tylko doświadczalnych i szkoleniowych;Tylko sportu i obsługi imprez masowych;Ochrony granic
516;PL010-0600;W czasie lotów zabrania się dokonywania wszelkich zrzutów ze statku powietrznego z wyjątkiem zrzutów dokonywanych na potrzeby?;Gospodarki rolnej i leśnej oraz reklamy;Ochrony granic;Tylko reklamy;Tylko gospodarki rolnej i leśnej
517;PL010-0601;W FIR Warszawa, w przestrzeni powietrznej kontrolowanej warstwa przejściowa może mieć grubość:;Większą od zera;Nie mniej niż 150 m;Nie mniej niż 300 m;Większą od zera, lecz nie większą niż 150 m
518;PL010-0602;W jakiej formie Rada Ministrów może wprowadzić zakazy i ograniczenia w ruchu lotniczym?;W formie rozporządzenia;W formie zarządzenia;W formie publikacji w Dzienniku Urzędowym ULC;W formie decyzji administracyjnej
519;PL010-0603;Czy wydanie nowej licencji podlega opłacie lotniczej?;Zawsze tak;Nie;W zależności od decyzji Prezesa ULC;Nie zawsze
520;PL010-0604;Na jakiej podstawie działa zatwierdzona organizacja szkolenia?;Na podstawie certyfikatu wydanego przez Prezesa Urzędu Lotnictwa Cywilnego;Na podstawie certyfikatu wydanego przez EASA;Na podstawie licencji EASA;Na podstwie licencji EUROCONTROL
521;PL010-0610;W planach lotu wysokość bezwzględną w setkach stóp oznacza się literą:;A;M;Z;S
522;PL010-0611;W przestrzeni klasy G lecą naprzeciw siebie samolot i śmigłowiec. Aby uniknąć zderzenia dowódcy tych statków powietrznych powinni:;Skręcić w prawo;Skręcić w lewo;Samolot odejść w górę;Śmigłowiec odejść w górę
523;PL010-0612;W przestrzeni klasy G lecą naprzeciw siebie samolot i śmigłowiec. Aby uniknąć zderzenia dowódcy tych statków powietrznych powinni minąć się:;W odległości nieokreślonej - takiej, żeby nie zaistniało niebezpieczeństwo kolizji;W odległości co najmniej 500 m;Z różnicą wysokości co najmniej 150 m;W odległości co najmniej 150 m i z różnicą wysokości co najmniej 500 m
524;PL010-0613;W przestrzeni powietrznej nad wodami otwartymi Morza Bałtyckiego mogą być wyznaczane strefy:;Niebezpieczne;Zakazane;Ograniczone;RCA
525;PL010-0614;W przypadku akcji przechwytywania dowódca przechwytywanego statku powietrznego powinien włączyć kod transpondera:;7700;7500;7600;7000
526;PL010-0615;W przypadku bezprawnej ingerencji (HIJACK) pilot nastawia transponder w modzie „A” na kod:;7500;7600;7700;7000
527;PL010-0616;W przypadku negatywnego wyniku sprawdzenia umiejętności lotniczych dokonywanych w celu przedłużenia uprawnień lotniczych:;Prezes ULC zawiesza ważność uprawnienia;EASA zabiera licencję w której jest wpisane uprawnienie;Prezes ULC dokonuje wykreślenie członka personelu lotniczego z rejestru członków personelu lotniczego;Minister Transportu zawiesza ważność uprawnienia
528;PL010-0617;Kandydat, który nie zaliczy wszystkich sekcji kontroli umiejętności przed datą upływu ważności uprawnienia na klasę lub typ:;Nie może korzystać z tego uprawnienia do czasu zaliczenia kontroli umiejętności;Powinien zwrócić licencję Prezesowi ULC;Powinien zasięgnąć porady lotniczo- lekarskiej;Powinien zwrócić licencję ministrowi właściwemu do spraw transportu
529;PL010-0624;W przypadku stwierdzenia utraty łączności radiowej (RADIOCOM FAILURE) pilot nastawia transponder w modzie „A” na kod:;7600;7500;7700;7000
530;PL010-0625;W stanie bezpośredniego zagrożenia (EMERGENCY) pilot nastawia transponder w modzie „A” na kod:;7700;7600;7500;7000
531;PL010-0626;W stosunku do jakich obywateli można stosować polską ustawę karną, w przypadku popełnienia za granicą przestępstwa lub wykroczenia przeciwko przepisom o locie i manewrowaniu statku powietrznego?;Do obywateli polskich i cudzoziemców;Tylko do obywateli polskich;Tylko do cudzoziemców;Tylko do obywateli polskich jeżeli wyrażą na to zgodę
532;PL010-0627;W strefie kontrolowanej lotniska objętej klasą C dowódca statku powietrznego wykonującego lot VFR jest odpowiedzialny za separacje z innymi statkami powietrznymi wykonującymi lot:;VFR;IFR;VFR - specjalny;IFR w warunkach VMC
533;PL010-0628;Warstwa przejściowa (Transition Layer) jest to:;Przestrzeń powietrzna zawarta między wysokością przejściową a poziomem przejściowym;Przestrzeń powietrzna zawarta między wysokością przejściową a poziomem lotniska lub progu drogi startowej;Przestrzeń powietrzna zawarta między wysokością przejściową a średnim poziomem morza;Przestrzeń powietrzna zawarta między poziomem przejściowym a średnim poziomem morza
534;PL010-0629;Według prawa jakiego państwa ocenia się roszczenia o wynagrodzenie szkód wyrządzonych w związku z używaniem statku powietrznego osobom i w mieniu znajdującym się poza statkiem powietrznym, jeżeli zainteresowane strony i statek powietrzny , mają tę samą przynależność państwową?;Według prawa państwa przynależności zainteresowanych stron i statku powietrznego, bez względu na miejsce zdarzenia, chyba że strony skorzystają z możliwości wyboru innego prawa;Według prawa państwa, na którego obszarze zdarzenie nastąpiło;Według prawa państwa , w którym miał lądować dany statek powietrzny;Według prawa państwa, z którego startował dany statek powietrzny
535;PL010-0630;Według prawa jakiego państwa ocenia się roszczenia o szkody powstałe w razie zderzenia statków powietrznych, jeżeli statki powietrzne, mają tę samą przynależność państwową?;Według prawa państwa przynależności statków powietrznych, bez względu na miejsce zdarzenia, chyba że strony skorzystają z możliwości wyboru innego prawa;Według prawa państwa, na którego obszarze zdarzenie nastąpiło;Według prawa państwa, którego sąd rozpoznaje spór;Według prawa państwa , z którego startował statek powietrzny nie ponoszący winy za zderzenie
536;PL010-0631;Według prawa jakiego państwa ocenia się roszczenia o wynagrodzenie za pomoc udzieloną przez statek powietrzny, jeżeli zainteresowana strona i statek powietrzny, mają tę samą przynależność państwową?;Według prawa państwa przynależności statków powietrznych, bez względu na miejsce zdarzenia, chyba że strony skorzystają z możliwości wyboru innego prawa;Według prawa państwa, na którego obszarze zdarzenie nastąpiło;Według prawa państwa , w którym miał lądować dany statek powietrzny;Według prawa państwa, z którego startował dany statek powietrzny
537;PL010-0633;Wykonując lot VFR w FIR WARSZAWA, nie mając przydzielonego indywidualnego kodu SSR, wlatując w przestrzeń powietrzną, gdzie na potrzeby służby kontroli ruchu lotniczego wykorzystywany jest radar wtórny, pilot powinien włączyć transponder ustawiając go w modzie A na kod:;7000;2000;7500;Każdy inny dowolny kod w modzie A
538;PL010-0637;Wysokość przejściowa jest to:;Wysokość, na i poniżej której pozycja statku powietrznego w płaszczyźnie pionowej określana jest jako wysokość względna lub bezwzględna;Wysokość, na której pilot przestawia wysokościomierz z QNH na STD;Wysokość, na której pilot przestawia wysokościomierz ze STD na QNH;Wysokość, powyżej której wszystkich obowiązuje nastawienie wysokościomierzy
539;PL010-0638;Wysokość przejściowa w FIR EPWW w przestrzeni klasy G została ustalona na 6500 ft (2000 m) AMSL. Wysokość ta jest to:;Wysokość, na i poniżej której pozycja statku powietrznego w płaszczyźnie pionowej określana jest jako wysokość bezwzględna;Wysokość bezwzględna, na której pilot przestawia wysokościomierz ze STD na QNH;Wysokość względna, na której pilot przestawia wysokościomierz z QNH na STD;Wysokość, powyżej której wszystkich obowiązuje nastawienie wysokościomierzy na STD
540;PL010-0639;Z jakich części składa się szkolenie lotnicze do uzyskania licencji lub uprawnienia lotniczego?;Szkolenie teoretyczne i praktyczne;Tylko szkolenie teoretyczne;Tylko szkolenie praktyczne;Tylko szkolenie językowe
541;PL010-0640;Z jakich części składa się szkolenie lotnicze?;Szkolenie teoretyczne i praktyczne;Tylko szkolenie teoretyczne;Tylko szkolenie językowe;Tylko szkolenie praktyczne
542;PL010-1337;Jeżeli nie podano inaczej w zezwoleniu kontroli ruchu lotniczego i jeżeli będzie zachowana minimalna wysokość nad gęstą zabudową miast lub osiedli lub zgromadzeniem osób na otwartym powietrzu, lot VFR w FIR Warszawa w przestrzeni klasy C przelot poziomy może się odbyć na;wysokości bezwzględnej 600 m;wysokości bezwzględnej 1250 m;wysokości bezwzględnej 1450 m;wysokości bezwzględnej 1550 m
543;PL010-1531;Płyta postojowa znajduje się na:;Lotnisku lądowym;Lądowisku;Lotnisku lądowo- wodnym;Lotnisku wodnym
544;PL010-1532;Kto określa Akceptowalne Sposoby Spełnienia Wymagań (AMC)?;EASA;EUROCONTROL;ICAO;ECAC
545;PL010-1533;Loty nocne VFR nie mogą być wykonywane jeśli:;Pułap chmur wynosi mniej niż 450 m;Pułap chnur wynosi mniej niż FL 150;Pułap chnur wynosi mniej niż 195;Pułap chnur wynosi mniej niż FL 200
546;PL010-1534;Loty VFR nie mogą być wykonywane:;Powyżej FL 195;Powyżej FL 150;Powyżej 450 m;Powyżej FL 200
547;PL010-1535;Wyrażenie ogólne obejmujące odpowiednio służbę informacji powietrznej, służbę alarmową, służbę doradczą ruchu lotniczego, służbę kontroli ruchu lotniczego (służba kontroli obszaru, służba kontroli zbliżania lub służba kontroli lotniska) to:;Służba ruchu lotniczego;Służba łączności, nawigacji i dozorowania;Służba meteorologiczna;Służby informacji lotniczej
548;PL010-1536;Oprócz służb lączności, nawigacji i dozorowania statkom powietrznym wykonującym loty w polskiej przestrzeni powietrznej zapewnia się:;Służby informacji powietrznej;Służby nawigacji;Służby dozorowania;COM
549;PL010-1537;Oprócz służb ruchu lotniczego statkom powietrznym wykonującym loty w polskiej przestrzeni powietrznej zapewnia się:;Służbę łączności, nawigacji i dozorowania;APP;TWR;Służbę alarmową
550;PL010-1538;Oprócz służb ruchu lotniczego statkom powietrznym wykonującym loty w polskiej przestrzeni powietrznej zapewnia się:;Służbę informacji lotniczej;Służbę kontroli ruchu lotniczego;TWR;Służbę alarmową
551;PL010-1539;Orzeczenie lotniczo-lekarskie Klasy 2 wydane dla osoby w 30 roku życia posiada ważność:;60 miesięcy;12 miesięcy;24 miesiące;6 miesięcy
552;PL010-1540;Orzeczenie lotniczo-lekarskie Klasy I wydane dla osoby powyżej 60 roku życia posiada ważność:;6 miesięcy;12 miesięcy;24 miesiące;18 miesięcy
553;PL010-1541;Kto musi opracować instrukcje szkolenia i operacyjne wytyczne, zawierające informacje w jaki sposób należy spełnić wymagania szkoleniowe?;ATO;AOC;EASA;AWC
554;PL010-1542;Ile wynosi okres ważności uprawnień na klasę i typ statku powietrznego?;1 rok;6 miesięcy;3 lata;5 lat
555;PL010-1543;Z ilu liter składa się wskaźnik lokalizacji?;4;3;2;5
556;PL010-1544;Kto jest centralnym organem administracji rządowej właściwym w sprawach lotnictwa cywilnego w Polsce?;Prezes ULC;Minister Komunikacji;Minister Lotnictwa;Prezes Rady Ministrów
557;PL010-1545;Z jakich części składa się egzamin państwowy w celu uzyskania licencji?;Egzaminu teoretycznego i praktycznego;Tylko egzaminu praktycznego;Tylko egzaminu teoretycznego;Tylko egzaminu językowego
558;PL010-1546;Czy palenie tytoniu na pokładzie szybowca jest dozwolone?;Nie;Tak, po zgodzie Prezesa ULC;Tak, po zgodzie ATS;Tak
559;PL010-1547;Co oznacza EASA?;Europejską Agencję Bezpieczeństwa Lotniczego;Zrzeszenie Władz Lotniczych;Europejską Konferencję Lotnictwa Cywilnego;Europejską Organizację do Spraw Bezpieczeństwa Żeglugi Powietrznej
560;PL010-1548;Licencja pilota lekkich statków powietrznych to:;LAPL;BPL;FNL;FRL
561;PL010-1549;Zaświadczenie o ukończeniu szkolenia teoretycznego wydane przez ATO zachowuje ważność przez:;12 miesięcy;6 miesięcy;10 miesięcy;24 miesiące
562;PL010-1550;Kto prowadzi rejestr podmiotów szkolących?;Prezes Urzędu Lotnictwa Cywilnego;Minister Infrastruktury;Minister właściwy do spraw transportu;Minister Komunikacji
563;PL010-1551;Kiedy sprawdza się sprawność psychiczną i fizyczną członka personelu pokładowego?;W trakcie badań lotniczo- lekarskich;W trakcie rozmowy w ATO;W trakcie rozmowy kwalifikacyjnej prowadzonej przez organizację do której przynależy dany członek personelu lotniczego;W trakcie rozmowy w AOC
564;PL010-1552;W trakcie korzystania z uprawnień wynikających z licencji pilot musi mieć przy sobie:;Ważną licencję, dokument identyfikacyjny ze zdjęciem oraz orzeczenie lekarskie;Ważną licencję oraz dokument identyfikacyjny ze zdjęciem;Ważną licencję oraz orzeczenie lekarskie;Dokument identyfikacyjny ze zdjęciem oraz orzeczenie lekarskie
565;PL010-1553;Meldunki o przylocie nadawane przez pilota dowódcę statku powietrznego zawierają następujące elementy informacji:;Znak rozpoznawczy statku powietrznego i lotnisko odlotu lub miejsce operacji lotniczej;Warunki pogodowe podczas lotu;Znak rozpoznawczy statku powietrznego;Numer polisy ubezpieczeniowej statku powietrznego
566;PL010-1554;Kto usuwa statki powietrzne z rejestru statków powietrznych?;Prezes Urzędu Lotnictwa Cywilnego;Minister Infrastruktury;Minister właściwy do spraw transportu;Minister Komunikacji
567;PL010-1555;Odległość, z której pilot statku powietrznego, znajdującego się w osi drogi startowej, może zobaczyć oznakowanie tej drogi lub światła ją obrysowujące, lub zidentyfikować jej oś to:;RVR;IR;VFR;FPL
568;PL010-1556;Który Załącznik do Konwencji o Międzynarodowym Lotnictwie Cywilnym określa Służby ruchu lotniczego?;Załącznik 11;Załącznik 2;Załącznik 1;Załącznik 12
569;PL010-1557;Który Załącznik do Konwencji o Międzynarodowym Lotnictwie Cywilnym określa Licencjonowanie personelu?;Załącznik 1;Załącznik 2;Załącznik 11;Załącznik 12
570;PL010-1558;Który Załącznik do Konwencji o Międzynarodowym Lotnictwie Cywilnym określa Przepisy ruchu lotniczego?;Załącznik 2;Załącznik 1;Załącznik 11;Załącznik 12
571;PL010-1559;Boczne granice strefy kontrolowanej lotniska od środka danego lotniska lub środków lotnisk w kierunkach, z których mogą być wykonywane podejścia do lądowania sięgają co najmniej?;9,3 km (5 NM);7,4km (4 NM);45 km (25 NM);11,1 km (6NM)
572;PL010-1560;Gdzie osoba ubiegająca się o licencję SPL, BPL lub PPL musi ukończyć szkolenie lotnicze?;W ATO;W AHAC;W CTO;W POA
573;PL010-1561;Przed odbyciem swojego pierwszego samodzielnego lotu uczeń-pilot musi mieć ukończone co najmniej?;14 lat w przypadku szybowców;15 lat w przypadku szybowców;16 lat w przypadku szybowców;17 lat w przypadku szybowców
574;PL010-1562;Przed odbyciem swojego pierwszego samodzielnego lotu uczeń-pilot musi mieć ukończone co najmniej?;16 lat w przypadku samolotów;15 lat w przypadku samolotów;14 lat w przypadku szybowców;17 lat w przypadku samolotów
575;PL010-1563;W jakim przypadku można cofnąć albo zawiesić licencję lub wynikające z niej niektóre uprawnienia?;W przypadku sfałszowania dziennika pokładowego oraz licencji;W przypadku braku opłaty lotniczej;W przypadku stwierdzenia że członek personelu lotniczego nie jest obywatelem polskim;W przypadku stwierdzenia że członek personelu lotniczego nie jest obywatelem UE
576;PL010-1564;W jakim przypadku można cofnąć albo zawiesić licencję lub wynikające z niej niektóre uprawnienia?;W przypadku uzyskania licencji pilota poprzez sfałszowanie przedłożonych dokumentów dowodowych;W przypadku braku opłaty lotniczej;W przypadku stwierdzenia że członek personelu lotniczego nie jest obywatelem polskim;W przypadku stwierdzenia że członek personelu lotniczego nie jest obywatelem UE
577;PL010-1565;Uprawnienie do wykonywania lotów według wskazań przyrządów na trasie to:;EIR;IFR;VFR;EIRT
578;PL010-1566;Kandydat ubiegający się o uzyskanie licencji pilota turystycznego (PPL) powinien wykazać podczas egzaminu teoretycznego, że posiada wiedzę w zakresie przedmiotu:;Prawo lotnicze;Prawo cywilne;Prawo karne;Prawo pracy
579;PL010-1567;Kandydat ubiegający się o uzyskanie licencji pilota turystycznego (PPL) powinien wykazać podczas egzaminu teoretycznego, że posiada wiedzę w zakresie przedmiotu:;Osiągi i planowanie lotów;Wiedza ogólna o lotnictwie;Trasa lotu;Wiedza z medycyny lotniczej
580;PL010-1568;Kandydat ubiegający się o uzyskanie licencji pilota turystycznego (PPL) powinien wykazać podczas egzaminu teoretycznego, że posiada wiedzę w zakresie przedmiotu:;Człowiek – możliwości i ograniczenia;Funkcje życiowe człowieka;Trasa lotu;Psychologia człowieka
581;PL010-1569;Kandydat ubiegający się o uzyskanie licencji pilota turystycznego (PPL) powinien wykazać podczas egzaminu teoretycznego, że posiada wiedzę w zakresie przedmiotu:;Meteorologia;Funkcje życiowe człowieka;Trasa lotu;Psychologia człowieka
582;PL010-1570;Kandydat ubiegający się o uzyskanie licencji pilota turystycznego (PPL) powinien wykazać podczas egzaminu teoretycznego, że posiada wiedzę w zakresie przedmiotu:;Nawigacja;Prawo karne;Prawo cywilne;Psychologia człowieka
583;PL010-1571;Kandydat ubiegający się o uzyskanie licencji pilota turystycznego (PPL) powinien wykazać podczas egzaminu teoretycznego, że posiada wiedzę w zakresie przedmiotu:;Procedury operacyjne;Funkcje życiowe człowieka;Trasa lotu;Pedagogika
584;PL010-1572;Kandydat ubiegający się o uzyskanie licencji pilota turystycznego (PPL) powinien wykazać podczas egzaminu teoretycznego, że posiada wiedzę w zakresie przedmiotu:;Zasady lotu;Aerodynamika;Trasa lotu;Pedagogika
585;PL010-1573;Kandydat ubiegający się o uzyskanie licencji pilota turystycznego (PPL) powinien wykazać podczas egzaminu teoretycznego, że posiada wiedzę w zakresie przedmiotu:;Łączność;Funkcje życiowe człowieka;Trasa lotu;Psychologia człowieka
586;PL010-1574;Kandydat ubiegający się o uzyskanie licencji pilota turystycznego (PPL) nie musi wykazać podczas egzaminu teoretycznego, że posiada wiedzę w zakresie przedmiotu:;Psychologia człowieka;Zasady lotu;Procedury operacyjne;Łączność
587;PL010-1575;Kto może wnosić i używać na pokładzie statku powietrznego broń palną i gazową?;Funkcjonariusze Straży Granicznej podczas wykonywania czynności służbowych;Inspektorzy ULC podczas wykonywania czynności służbowych;Straż Miejska podczas wykonywania czynności służbowych;Funkcjonariusze Ministerstwa Infrastruktury podczas wykonywania czynności służbowych
588;PL010-1576;Z wyjątkiem sytuacji, gdy jest to konieczne ze względu na start lub lądowanie loty VFR nie mogą być wykonywane w przestrzeni klasy B nad lasami na wysokości względnej mniejszej niż:;300 m nad najwyższą przeszkodą;250 nad najwyższą przeszkodą;200 nad najwyższą przeszkodą;350 m nad najwyższą przeszkodą
589;PL010-1577;Z wyjątkiem sytuacji, gdy jest to konieczne ze względu na start lub lądowanie loty VFR nie mogą być wykonywane w przestrzeni klasy C nad lasami na wysokości względnej mniejszej niż:;300 m nad najwyższą przeszkodą;250 nad najwyższą przeszkodą;200 nad najwyższą przeszkodą;350 m nad najwyższą przeszkodą
590;PL010-1578;Z wyjątkiem sytuacji, gdy jest to konieczne ze względu na start lub lądowanie loty VFR nie mogą być wykonywane w przestrzeni klasy D nad lasami na wysokości względnej mniejszej niż:;300 m nad najwyższą przeszkodą;250 nad najwyższą przeszkodą;200 nad najwyższą przeszkodą;350 m nad najwyższą przeszkodą
591;PL010-1579;Z wyjątkiem sytuacji, gdy jest to konieczne ze względu na start lub lądowanie loty VFR nie mogą być wykonywane w przestrzeni klasy E nad lasami na wysokości względnej mniejszej niż:;300 m nad najwyższą przeszkodą;250 nad najwyższą przeszkodą;200 nad najwyższą przeszkodą;350 m nad najwyższą przeszkodą
592;PL010-1580;Z wyjątkiem sytuacji, gdy jest to konieczne ze względu na start lub lądowanie loty VFR nie mogą być wykonywane w przestrzeni klasy F nad lasami na wysokości względnej mniejszej niż:;300 m nad najwyższą przeszkodą;250 nad najwyższą przeszkodą;200 nad najwyższą przeszkodą;350 m nad najwyższą przeszkodą
593;PL010-1581;Z wyjątkiem sytuacji, gdy jest to konieczne ze względu na start lub lądowanie loty VFR nie mogą być wykonywane w przestrzeni klasy G nad lasami na wysokości względnej mniejszej niż:;300 m nad najwyższą przeszkodą;250 nad najwyższą przeszkodą;200 nad najwyższą przeszkodą;350 m nad najwyższą przeszkodą
594;PL020-0001;Usterzenie ogonowe:;Zapewnia stateczność i sterowność podłużną oraz kierunkową;Zapewnia sterowność kierunkową;Zapewnia sterowność podłużną;Zapewnia stateczność podłużną
595;PL020-0003;Co mierzy prędkościomierz jako lotniczy przyrząd pokładowy:;prędkość lotu samolotu względem otaczających mas powietrza;ciśnienie lotniska;kurs samolotu;wysokość lotu
596;PL020-0004;Elementem pomiarowym (czułym) prędkościomierza jest:;różnicowa puszka membranowa;rurka Burdona;puszka aneroidowa;przepona gumowa
597;PL020-0005;Elementem pomiarowym (czułym) wysokościomierza jest:;puszka próżniowa aneroidowa;przepona gumowa;rurka Burdona;różnicowa puszka membranowa
598;PL020-0006;Hamowanie kołami podwozia jest:;Hydrauliczne lub pneumatyczne;Pneumatyczno- elektryczne;Pneumatyczne;Elektryczne
599;PL020-0007;Jakie ciśnienia doprowadzone są do prędkościomierza:;statyczne i całkowite;dynamiczne i statyczne;dynamiczne i całkowite;całkowite
600;PL020-0008;Jakie ciśnienie doprowadzane jest do wysokościomierza:;statyczne;dynamiczne i statyczne;całkowite i dynamiczne;całkowite
601;PL020-0009;Jakie parametry odczytujemy z wysokościomierza:;ciśnienie lotniska i wysokość lotu;ciśnienie lotniska;wysokość lotu;wysokość lotniska
602;PL020-0010;Kadłub konstrukcji półskorupowej składa się:;Wręgi, podłużnice, pokrycie;Dźwigary, wręgi, pokrycie;Wręgi, podłużnice, dźwigary;Pokrycie, podłużnice, dźwigary
603;PL020-0011;Kadłub o konstrukcji skorupowej składa się:;Głównym elementem siłowym jest pokrycie – obecnie z laminatów – wzmocnione wręgami;Wręgi, przedłużenie, pokrycie;Dźwigary, pokrycie, wręgi;Dźwigary, pokrycie, wypełniacz ulowy
604;PL020-0012;Klapka odciążająca służy do:;Zmniejszania sił działających na elementach sterowania sterami i lotkami;Wyważenia samolotu;Ułatwienia wychylenia klap;Zwiększenia stateczności samolotu
605;PL020-0013;Kolor uchwytów i dźwigni w kabinie obsługiwanej przez pilota są:;Barwy poszczególnych dźwigni i uchwytów są znormalizowane w zależności od przeznaczenia dźwigni;Barwy są dowolne;Barwy ustala konstruktor danego samolotu;Kolor dźwigni nie ma znaczenia
606;PL020-0014;Kompensacja masowa (wyważenie masowe);Stosowana do wyeliminowania drgań samowzbudnych lotek i sterów;Stosowana do wyeliminowania drgań klap;Stosowana do wyeliminowania drgań hamulca aerdynamicznego;Stosowana do wyeliminowania drgań sterów przy małych prędkościach
607;PL020-0015;Lotki służą do:;Sterowania przechyleniami samolotu względem jego osi podłużnej;Utrzymanie stateczności samolotu;Sterowalności podłużnej;Sterowalności kierunkowej
608;PL020-0018;Przeznaczenie klap skrzydłowych:;Zasadniczym przeznaczeniem klap jest zwiększenie współczynnika siły nośnej skrzydła;Służą głównie jako hamulec aerodynamiczny;Służą głównie do polepszenia efektywności lotek;Służą do sterowania przechyleniem w osi podłużnej samolotu
609;PL020-0019;Radiostacja w czasie nadawania ma możliwość:;Samopodsłuchu;Zmiany rodzaju modulacji;Zmiany ilości kanałów;Wybrania częstotliwości powyżej 137MHz
610;PL020-0020;Radiostacje lotnicze pracują:;Systemem simpleks;Systemem dupleks;Systemem ogólnym;Inne
611;PL020-0021;Układ „miękki“ sterowania mechanizmami sterowniczymi stanowi:;Linki stalowe i układ rolek;Popychacze połączone z amortyzatorami gumowymi oraz dzwignie;Linki stalowe i popychacze oraz rolki;Popychacze z układem rolek
612;PL020-0022;Układ „sztywny“ sterowania mechanizmami sterowniczymi stanowi:;Popychacze sztywne z układem dźwigni;Popychacze sztywne i linki z układem rolek;Popychacze sztywne i linki z układem dźwigni;Linki w sztywnych rurkach i układ dźwigni
613;PL020-0026;Co wskazuje amperomierz wychylony w prawo od zera:;prawidłową pracę prądnicy lub alternatora;prawidłową pracę prędkościomierza;prawidłową pracę sztucznego horyzontu;prawidłową pracę obrotomierz
614;PL020-0027;Agregaty silnikowe napędzane są;Od silnika poprzez skrzynkę napędów;Bezpośrednio od silnika;Od silnika poprzez reduktor główny;Od silników elektrycznych
615;PL020-0028;Alternator zbudowany jest z:;prądnicy prądu przemiennego z układem prostowniczym;przetwornicy trójfazowej;przetwornicy jednofazowej;prądnicy prądu stałego
616;PL020-0029;Automatyczny układ przeciw poślizgowy zabudowany jest i służy:;Nadajnik na każdym hamowanym kole podwozia głównego i przeciwdziała powstaniu poślizgu poprzez odpowiednie odhamowanie;Nadajnik na wybranym hamowanym kole podwozia głównego i całkowicie rozhamowuje wszystkie koła przy powstaniu poślizgu;Stosowane jest na kołach podwozia przedniego i zabezpiecza przed poślizgiem w czasie skrętu kołami;Zabudowane na podwoziu głównym i odhamowuje koła przed przyziemieniem
617;PL020-0030;Blokada szumów (SQ) w radiostacji UKF służy do:;Wyeliminowania szumów w sygnale użytecznym. W skrajnym przypadku do wyłączenia toru odbiornika w radiostacji;Ograniczenia poziomu nadawanego sygnału;Regulacji poziomu odebranego sygnału;Poprawienia modulacji sygnału
618;PL020-0031;Blokowanie sterów i lotek ma na celu:;Unieruchomienie organów sterowania na ziemi w czasie postoju samolotu;W czasie lotu poziomego;Stosowane tak w locie jak i w czasie postoju samolotu;Nie jest stosowane
619;PL020-0032;Ciśnienie oleju mierzone jest;Na wejściu do silnika;W pompie oleju;W regulatorze ciśnienia oleju;We wtryskiwaczu
620;PL020-0033;Co mierzy trójwskazówkowy kontroler parametrów silnika:;ciśnienie oleju, paliwa oraz temperaturę oleju;ciśnienie oleju i ciśnienie paliwa;ilość paliwa i temperaturę oleju;ilość i ciśnienie paliwa
621;PL020-0034;Co możemy odczytać z wysokościomierza:;wysokość lotu i ciśnienie lotniska;prędkość lotu;kurs lotu;przechylenie samolotu
622;PL020-0035;Co nazywamy pojemnością ogniwa:;ilość elektronów jaką można pobrać z ogniwa;ilość jonów;ilość ciepła;ilość cząsteczek
623;PL020-0037;Co nazywamy żyroskopem:;ciało obrotowe (wirnik) wirujące z dużą prędkoś cią kątową dookoła osi symetrii, gdzie jeden z punktów ciała jest nieruchomy;prędkość lotu;wysokość lotu;kurs lotu
624;PL020-0038;Co określa busola magnetyczna:;kurs magnetyczny samolotu;prędkość lotu;prędkość kątową;ciśnienie lotniska
625;PL020-0041;Co stanowi nadajnik temperatury oleju w układzie trójwskazówkoweg o kontrolera parametrów silnika:;drut oporowy;element magnetyczny;dioda;drut półprzewodnikowy
626;PL020-0042;Co to jest współczynnik bezpieczeństwa konstrukcji lotniczej:;Jest to wartość stosunku wytrzymałości doraźnej do dopuszczalnej. Wartości współczynników określane są w przepisach dotyczących budowy konstrukcji lotniczych i jest większa od 1;Jest to wartość stosunku wytrzymałości zmęczeniowej do dopuszczalnej określana przez konstruktora;Jest wartością stosunku wytrzymałości zmęczeniowej do doraźnej określanej przez nadzór lotniczy;Wartość współczynnika bezpieczeństwa określona jest przepisami lotniczymi dotyczącymi budowy i jest mniejsza od 1
627;PL020-0043;Co wskazuje przyrząd zwany wariometrem:;prędkość pionową samolotu tzn. prędkość wznoszenia i opadania;wysokość lotu;kurs geograficzny;kurs samolotu
628;PL020-0044;Czy kompozyty np. z włókien węglowych, grafitowych, szklanych itp. – stosowane są w konstrukcjach lotniczych:;Tak – jako elementy pokrycia i zbrojenia konstrukcji płatowca i silników;Nie są stosowane;Tylko jako elementy wyposażenia kabin;Tylko w konstrukcji silników lotniczych
629;PL020-0045;Czy rozlanie paliwa w rejonie samolotu wpływa na jego bezpieczeństwo:;Tak – należy przerwać wszelkie prace do czasu zneutralizowania zagrożenia przez kompetentne służby;Można miejsce rozlania zasypać piaskiem i kontynuować pracę;Nie wpływa to na zagrożenie bezpieczeństwa;Zaczekać z pracami przy samolocie do czasu odparowania paliwa
630;PL020-0047;Czym zabezpieczane są obwody elektryczne na samolocie:;bezpiecznikami;izolacją;przekaźnikami;kablami
631;PL020-0048;Czynnikiem wykonawczym w instalacji hamowania kołami podwozia głównego jest głównie:;Płyn hydrauliczny lub powietrze;Układ elektryczny;Mechaniczny układ;Układ mechaniczno- elektryczny
632;PL020-0049;Dla zabezpieczenia łączności radiowej w statku powietrznym zainstalowane są:;Zazwyczaj dwie radiostacje UKF;Cztery radiostacje UKF;Jedna Radiostacja UKF i jedna radiostacja KF;Jedna radiostacja fal średnich
633;PL020-0050;Do chowania i wypuszczania podwozia, głównie stosowane są instalacje:;Hydrauliczna, pneumatyczna i elektryczna;Tylko pneumatyczna;Tylko hydrauliczna;Mechaniczny układ
634;PL020-0051;Do czego przeznaczony jest manometr ciśnienia paliwa:;do pomiaru ciśnienia paliwa podanego do gaźnika;do pomiaru ciśnienia oleju smarującego silnik;do pomiaru temperatury cylindrów silnika;do pomiaru ciśnienia ładowania
635;PL020-0052;Do czego służy rurka spiętrzeniowa na samolocie:;jako nadajnik ciśnienia całkowitego i statycznego;jako nadajnik ciśnienia całkowitego i dynamicznego;jako nadajnik ciśnienia statycznego;jako nadajnik ciśnienia dynamicznego i statycznego
636;PL020-0053;Do czego służy sztuczny horyzont:;do określenia położenia samolotu względem linii horyzontalnej oraz pochylenia i przechyłu samolotu;do określania prędkości samolotu;do określania wysokości lotu samolotu;do określenia ciśnienia lotniska
637;PL020-0054;Do czego służy termometr temperatury cylindrów:;pomiaru temperatury cylindrów silnika;pomiaru ciśnienia oleju;pomiaru ciśnienia ładowania;pomiaru ciśnienia paliwa
638;PL020-0055;Do pracy radiokompasu potrzebna jest :;Antena stała i antena ramowa tzw. ramka;Tylko antena stała;Tylko antena ramowa;Nie potrzebne są anteny
639;PL020-0056;Do pracy radiowysokościomi erza wykorzystano :;Zjawisko odbicia fal radiowych od powierzchni ziemi;Modulację amplitudy;Zjawisko interferencji;Modulację fazy
640;PL020-0057;Do prawidłowego spalania mieszanki w cylindrach niezbędna jest odpowiednia ilość;tlenu;wodoru;węgla;azotu
641;PL020-0058;Do rozładowania elektrostatycznego samolotu w czasie lotu przeznaczone są rozładowywacze które przykręcone są do:;końcówek skrzydeł i steru kierunku;klapy;lotek;klapy i lotek
642;PL020-0059;Dopuszczalny czas pracy silnika na przelotowym zakresie wynosi;Jest nieograniczony;100 godz;1 czasokresu międzynaprawczego;90 procent czasokresu międzynaprawczego
643;PL020-0060;Dopuszczalny czas pracy silnika na zakresie startowym zazwyczaj wynosi;5 min;60 min;30 min;Nieograniczony
644;PL020-0061;Drobne wgniecenia na krawędzi natarcia łopaty śmigła są dopuszczalne;Na końcówce łopaty;U nasady łopaty;Powyżej 1 promienia śmigła;Nie dopuszczalne
645;PL020-0062;Dźwigar jako element konstrukcyjny samolotu:;Stosowany w skrzydłach, statecznikach, sterach, klapach, jako główny element przenoszący obciążenia;Stosowany w kadłubach;Służy tylko jako element łączący zespoły samolotu;Stosowany tylko w konstrukcji sterów
646;PL020-0063;Element łączący łopaty i mocujący śmigło na wale nazywa się;Piastą śmigła;łącznikiem;obsadą;obudową
647;PL020-0064;Element tłumiący drgania silnika przekazywane na płatowiec zwany jest;lord;amortyzator;tłumik;Sworzeń tłumiący
648;PL020-0065;Elementem otwierającym bezpośrednio zawory jest;Dźwignia zaworowa;krzywka;trzonek;popychacz
649;PL020-0066;Elementem przenoszącym moment obrotowy silnika jest;Wał korbowy;Wał rozrządu;korbowód;Sworzeń tłoka
650;PL020-0067;Elementem uszczelniającym współpracujący tłok i cylinder jest;Pierścień;uszczelka;simmering;Nie występuje
651;PL020-0068;Elementem utrzymującym zawory w położeniu zamkniętym jest;Sprężyna zaworowa;Trzonek zaworu;Krzywka rozrządu;Zamek zaworu
652;PL020-0069;Elementy skrzydła, na których zainstalowana jest instalacja przeciw oblodzeniowa:;Krawędź natarcia;Górna powierzchnia skrzydła;Krawędź spływu;Końcówki skrzydła
653;PL020-0070;Ewentualne opiłki powstające w czasie pracy silnika można wykryć w;Filtrze oleju;Misce olejowej;Zbiorniku oleju;Pompie olejowej
654;PL020-0071;Gaźnik jest przeznaczony do;Przygotowania mieszanki palnej;Wtrysk paliwa do układu dolotowego;Wtrysk paliwa do cylindrów;Podgrzanie paliwa
655;PL020-0072;Gdzie pilot może znaleźć informacje dotyczące ograniczeń eksploatacyjnych silnika;Instrukcja Użytkowania Statku Powietrznego;Świadectwie Zdatności;Instrukcji Obsługi Statku Powietrznego;Książce Silnika
656;PL020-0073;Głównymi parametrami pracy silnika kontrolowanymi przez pilota są;Prędkość obrotowa Temperatura oleju Ciśnienie oleju Ciśnienie paliwa;Prędkość obrotowa Temperatura spalin Ciśnienie oleju Ciśnienie paliwa;Prędkość obrotowa Temperatura oleju Ciśnienie w instalacji hydraulicznej Ciśnienie paliwa;Prędkość obrotowa Temperatura paliwa Ciśnienie oleju Ciśnienie paliwa
657;PL020-0076;Ile kolorów mają światła pozycyjne:;3;2;4;1
658;PL020-0077;Ile przewodowa jest instalacja prądu stałego na samolocie:;jednoprzewodowa;trójprzewodowa;czteroprzewodowa;pięcioprzewodowa
659;PL020-0078;Ile stopni swobody ma sztuczny horyzont:;trzy;dwa;cztery;jeden
660;PL020-0079;Ile stopni swobody ma zakrętomierz:;dwa;trzy;cztery;jeden
661;PL020-0080;Ilość oleju w silniku kontrolowana jest zazwyczaj z wykorzystaniem;Miarki bagnetowej;Wskaźnika w kabinie;Zasady naczyń połączonych;Zdalnego pomiaru
662;PL020-0081;Informacji dotyczącej mocy zespołu napędowego ze śmigłem stałym dostarcza pomiar;Prędkości obrotowej;Temperatury głowic;Ciśnienia paliwa;Ciśnienia ładowania
663;PL020-0082;Instalacja przeciwpożarowa zabudowana jest głównie:;W gondolach silników, w rejonach zbiorników paliwowych i w silnikach;W kadłubach i kabinie;Tylko wewnątrz silników;Tylko w gondolach podwozia
664;PL020-0083;Instrukcja Użytkowania w Locie:;Jest obowiązkowym dokumentem, który musi znajdować się na pokładzie samolotu do wykorzystania przez załogę w czasie całego lotu i dotyczy jego użytkowania;Instrukcja służy personelowi technicznemu przy obsłudze samolotu;Instrukcja zawiera czynności techniczne, obsługowe wykorzystywane przez załogę samolotu - pilota;Jest zbiorem procedur operacyjnych
665;PL020-0084;Jak nazywamy element pomiarowy (czuły) wysokościomierza:;puszka próżniowa aneroidowa;różnicowa puszka membranowa;rurka Burdona;przepona gumowa
666;PL020-0085;Jaka jest wartość częstotliwości w sieci prądu przemiennego na samolocie:;400 Hz;50 Hz;200 Hz;600 Hz
667;PL020-0086;Jaka powinna być minimalna wartość napięcia akumulatora na samolocie , sprawdzanego pod obciążeniem:;24 V lub 12 V;40 V;15 V;30 V
668;PL020-0087;Jaką energię przetwarzamy podczas ładowania akumulatora:;elektryczną w chemiczną;chemiczną w elektryczną;elektryczną w cieplną;cieplną w chemiczną
669;PL020-0088;Jaką energię przetwarzamy podczas rozładowania akumulatora:;chemiczną w elektryczną;cieplną w chemiczną;elektryczną w cieplną;elektryczną w chemiczną
670;PL020-0089;Jaką pozycję przyjmuje wskaźnik ślizgu zakrętomierza, kiedy informuje o zakręcie skoordynowanym:;kulka wskaźnika znajduje się w środkowym położeniu;kulka nie znajduje się w środkowym ani max. położeniu;kulka wskażnika jest w max. skrajnym położeniu w kierunku przeciwnym do przechylenia;kulka wskaźnika jest w max. skrajnym położeniu w kierunku przechylenia
671;PL020-0092;Jaki przyrząd lotniczy przeznaczony jest do pomiaru prędkości kątowej zespołu napędowego:;obrotomierz;prędkościomierz;paliwomierz;wysokościomierz
672;PL020-0093;Jaki przyrząd lotniczy służy do odległościowego pomiaru paliwa w zbiornikach:;paliwomierz;obrotomierz;wariometr;manometr ciśnienia
673;PL020-0094;Jaki przyrząd określa położenie przestrzenne samolotu podczas lotu:;sztuczny horyzont;wskaźnik radiowysokościomier za;prędkościomierz;obrotomierz
674;PL020-0095;Jaki rodzaj środka odladzającego jest stosowany w instalacji przeciw oblodzeniowej w czasie lotu:;Powietrze pobierane od sprężarki silnika;Gazy spalinowe;Specjalny gaz;Płyn odladzający
675;PL020-0096;Jakie ciśnienie odbierane jest na samolocie;statyczne i całkowite;dynamiczne i statyczne;całkowite i dynamiczne;całkowite
676;PL020-0097;Jakie działania należy podjąć, gdy w czasie przeglądu samolotu zostanie stwierdzone przez pilota uszkodzenie pneumatyków kół podwozia:;Określić stopień uszkodzenia (przetarcie, przebicie) i zgłosić ten fakt obsłudze technicznej oraz wpisać uszkodzenie w dzienniku technicznym jako usterkę;Określić stopień zużycia i samodzielnie podjąć decyzję o użytkowaniu;Samodzielnie wymienić koło uszkodzone;Zgłosić obsłudze technicznej uszkodzenie bez wpisywania do dziennika technicznego
677;PL020-0098;Jakie elementy silnika wyposażone są w instalację przeciw oblodzeniową:;Krawędź natarcia chwytu powietrza i gaźnik silnika tłokowego;Kierownice łopatek sprężarki;Elementy maskowania;Nie ma takiej instalacji
678;PL020-0099;Jakie główne zespoły płatowca są zabezpieczone przed oblodzeniem:;Krawędź natarcia skrzydeł i stateczników;Krawędzie natarcia sterów i lotek;Krawędzie natarcia klap i sterów;Krawędzie natarcia klap i lotek
679;PL020-0100;Jakie przyrządy przeznaczone są do określenia stanu pracy silnika lotniczego:;manometry, termometry i obrotomierz;prędkościomierz;wysokościomierz;busola lotnicza
680;PL020-0101;Jakie wskazania pokazuje woltomierz prądu stałego:;wartość napięcia w sieci;wartość prądu;wartość częstotliwości;wartość oporności
681;PL020-0102;Jakiego typu są sygnalizatory oblodzenia:;Mechaniczne i elektroniczne;Tylko elektroniczne;Tylko mechaniczne;Nie ma sygnalizatorów
682;PL020-0103;Jakość smarowania silnika kontrolowana jest poprzez pomiar;Temperatury i ciśnienia oleju;Temperatury głowic cylindrów;Prędkości obrotowej silnika;Ciśnienia ładowania
683;PL020-0104;Jednostkowe zużycie paliwa wyrażone jest w;g/kW h;g/h;g/kW;l/h
684;PL020-0105;Jednoznaczność namiaru w radiokompasie otrzymujemy:;Dzięki zastosowaniu anteny stałej i anteny ramowej co daje wypadkową charakterystykę odbioru kardioidę;Dzięki dobraniu odpowiedniej częstotliwości;Dzięki zastosowaniu odpowiedniej modulacji;Dzięki otrzymaniu wypadkowej charakterystyki odbioru w postaci koła
685;PL020-0106;Kabina ciśnieniowa służy:;Zapewnia wykonywanie lotów na dużych wysokościach bez konieczności stosowania tlenu;Zabezpiecza przed dostaniem się wody w opadach deszczu;Utrzymuje stałe ciśnienie między kabiną a otoczeniem;Zapobiega przed dostaniem się pyłu
686;PL020-0107;Kadłub konstrukcji półskorupowej składa się z części:;Wręgi, podłużnice, pokrycie;Dźwigary, wręgi, pokrycie;Pokrycie, podłużnice, dźwigary;Wręgi, podłużnice, dźwigary
687;PL020-0108;Kadłub konstrukcji skorupowej składa się z części:;Wręgi i pokrycia;Wręgi, podłużnice, wypełniacz ulowy;Podłużnice, pokrycie, dźwigary;Podłużnice, wręgi, pokrycie
688;PL020-0109;Kiedy sprawdza się sprawność układu zapłonowego;W czasie próby silnika;Po wymianie oleju;W czasie lotu;Podczas przeglądu przedlotowego
689;PL020-0110;Klapka odciążająca służy do:;Zmniejszenia sił działających na elementach sterowania sterami i lotkami;Wyważenia samolotu;Ułatwia wychylenie klap;Ułatwia wychylenie spoilerów
690;PL020-0111;Klapy służą:;Wychylenie ich, zwiększa współczynnik siły nośnej przy mniejszych prędkościach samolotu bez zwiększenia kąta natarcia skrzydła;Jako hamulec aerodynamiczne;Do zwiększenia siły nośnej przy dużych prędkościach;Do sterowania przechyleniem w osi poprzecznej samolotu
691;PL020-0112;Kompensacja masowa:;Stosowana do wyeliminowania drgań samowzbudnych zespołów sterujących;Stosowana dla wyeliminowania drgań steru wysokości;Stosowana dla wyeliminowania drgań klap;Stosowana dla wyeliminowania drgań tylko steru kierunku
692;PL020-0114;Lotki służą do:;Sterowanie przechyleniem samolotu względem jego osi podłużnej;Utrzymania stateczności samolotu;Sterowności podłużnej;Sterowności kierunkowej
693;PL020-0115;Lód usuwany jest z krawędzi natarcia skrzydła zabezpieczonych nakładkami gumowymi (boots) przy pomocy:;Powietrze pod ciśnieniem;Elementy grzejne elektryczne wmontowane w segmenty gumowe;Gorące powietrze;Gazy spalinowe
694;PL020-0116;Mechanizm sterowania zaworami to;rozrząd;sterownik;rozdzielacz;regulator
695;PL020-0117;Moc przekazywana na wał śmigła zwana jest mocą;efektywną;niezbędną;nominalną;indykowaną
696;PL020-0118;Moc silnika wraz ze wzrostem wysokości;maleje;Pozostaje bez zmian;rośnie;Rośnie a potem maleje
697;PL020-0119;Moc silnika wysokościowego wraz ze wzrostem wysokości;Rośnie do wysokości obliczeniowej a potem maleje;Maleje;Pozostaje bez zmian;rośnie
698;PL020-0120;Moc tracona na pokonanie oporów mechanicznych wraz ze wzrostem temperatury oleju;Maleje, a potem rośnie;maleje;rośnie;Pozostaje bez zmian
699;PL020-0121;Moment zapłonu odniesiony do kąta obrotu wału silnika nazywamy kątem;Wyprzedzenia zapłonu;Opóźnienia zapłonu;Inicjacji zapłonu;zapłonu
700;PL020-0122;Na czym polega sprawdzenie pracy układu zapłonowego;określenie spadku prędkości obrotowej silnika dla każdego układu;Określenie maksymalnej prędkości obrotowej silnika dla każdego układu zapłonowego;Pomiar czasu przejścia silnika z obrotów biegu jałowego do maksymalnych;Pomiar wibracji silnika podczas pracy silnika na zakresie startowym
701;PL020-0123;Na jakie napięcie znamionowe buduje się prądnice prądu stałego lub alternatory:;28V lub 12 V;35V;10 V;40 V
702;PL020-0124;Nagły brak wskazań ciśnienia oleju (bez wzrostu temperatury oleju) jest zazwyczaj spowodowany;Uszkodzeniem układu pomiarowego;Uszkodzeniem akumulatora;Brakiem oleju;Uszkodzeniem chłodnicy oleju
703;PL020-0125;Najmniejsze natężenie ziemskiego pola magnetycznego jest na:;równiku magnetycznym;biegunie magnetycznym północnym;biegunie magnetycznym południowym;biegunie geograficznym
704;PL020-0126;Nakazem włączenia instalacji przeciw oblodzeniowej jest:;Analiza prognozy pogody na trasie lotu przez załogę, jeśli przewiduje oblodzenie, powinna być włączona niezależnie od sygnalizacji:;Włączenie się sygnalizacji ostrzegającej przed oblodzeniem;Zawsze w czasie lotu powinna być włączona;Zależnie od informacji służb ruchu lotniczego
705;PL020-0127;Niezbędny wydatek powietrza chłodzącego zapewniany jest poprzez zastosowanie odpowiednio ukształtowanych owiewek cylindrów zwanych;deflektorami;sterownicami;dyszami;zasłonkami
706;PL020-0128;Obecność wody w paliwie jest;niedopuszczalna;Dopuszczalna w ilości ok.5 ml./l;Dopuszczalna w formie emulsji;Dopuszczalna w wysokich temperaturach
707;PL020-0129;Od czego uzależniamy moc prądnicy zamontowanej na samolocie:;od ilości energii elektrycznej potrzebnej dla danego typu samolotu;od prędkości samolotu;od ciśnienia lotniska i wysokości lotu;od przyrządów ciśnieniowych
708;PL020-0130;Odbiornik GPS pozwala na:;Podanie aktualnej pozycji samolotu;Określenia kąta natarcia;Wykrywania frontów burzowych;Utrzymania łączności
709;PL020-0132;Oddzielacze powietrza z oleju silnikowego ze względu na sposób ich działania dzielimy na;Statyczne i dynamiczne;Odśrodkowe i dynamiczne;Bezwładnościowe i statyczne;Z filtrem i bez filtra
710;PL020-0133;Odległość mierzona za pomocą radioodległościomi erza to:;Odległość wzdłuż linii nachylonej między samolotem a radiolatarnią;Rzut prostopadły na ziemię linii między samolotem a radiolatarnią;Odległość do wyliczenia według podanego wzoru;Odległość orientacyjna
711;PL020-0134;Odpowiednia kolejność pracy cylindrów ma na celu;Równomierne obciążenie wału korbowego;Równomierne smarowanie silnika;Zmniejszenie zużycia paliwa;Pełniejsze spalanie mieszanki
712;PL020-0135;Odpowiednia kolejność zapłonu ma na celu;Zmniejszenie pulsacji momentu obrotowego;Równomierne smarowanie silnika;Zmniejszenie zużycia paliwa;Pełniejsze spalanie mieszanki
713;PL020-0136;Ogrzewanie wlotu do gaźnika ma na celu;Zabezpieczenie przed oblodzeniem;Ogrzanie powietrza w kabinie;Podniesienie temperatury paliwa;Podgrzanie oleju przed uruchomieniem
714;PL020-0140;Opony niskociśnieniowe przeznaczone są:;Są szerokie i przeznaczone do użytkowania na miękkim podłożu;Do użytkowania tylko na twardym podłożu;Tylko do samolotów lekkich;Są wąskie i przeznaczone do użytkowania na miękkim podłożu
715;PL020-0141;Opony wysokociśnieniowe służą:;Są wąskie i przeznaczone do użytkowania na twardym podłożu;Służą do użytkowania na miękkim podłożu;Są szerokie i przeznaczone tylko do samolotów lekkich;Służą do użytkowania tak na miękkim i na twardym podłożu
716;PL020-0142;Opracowanie, zatwierdzanie, wprowadzanie zmian w Instrukcji Użytkowanie w Locie:;Opracowuje producent samolotu, zatwierdza Państwowy Nadzór Lotniczy;Opracowuje użytkownik samolotu a zatwierdza jego Służba Jakości;Opracowuje użytkownik samolotu, a zatwierdza państwowy nadzór lotniczy;Opracowuje producent samolotu i zatwierdza jego służba jakości
717;PL020-0143;Optymalna temperatura oleju w silniku to (°C);90-100;30-40;50-70;140-160
718;PL020-0144;Oświetlenie zewnętrzne samolotu składa się z:;lampy antykolizyjnej, świateł pozycyjnych i reflektora;lampek oświetlenia tablicy przyrządów;lampki oświetlenia mapy;lampek w kabinie pasażerskiej
719;PL020-0145;Panele z elementami kontrolnymi i sterującymi radiostacji umieszczane są:;W kokpicie;W przedziałach elektronicznych;W kabinie pasażerskiej;W specjalnych lukach
720;PL020-0146;Parametrami charakteryzującym rozwijaną aktualnie moc silnika z doładowaniem są;Prędkość obrotowa i ciśnienie ładowania;Prędkość obrotowa i ciśnienie paliwa;Ciśnienie ładowania i temperatura głowic;Ciśnienie ładowania i ciśnienie oleju
721;PL020-0147;Parametrem kryterialnym do oceny pracy silnikowej instalacji paliwowej jest;Ciśnienie paliwa;Zużycie paliwa;Ciśnienie oleju;Prędkość obrotowa
722;PL020-0149;Podaj kolejność cykli pracy silnika czterosuwowego;Ssanie Sprężanie Rozprężanie Wydech;Sprężanie Ssanie Rozprężanie Wydech;Ssanie Rozprężanie Wydech Sprężanie;Ssanie Sprężanie Rozprężanie Praca
723;PL020-0150;Podgrzewanie silnika gorącym powietrzem w okresie niskich temperatur ma na celu;Ułatwienie rozruchu;Zwiększenie lepkości oleju;Zwiększenie energii zapłonu;Ułatwienie tworzenia się mieszanki palnej
724;PL020-0151;Podsłuch sygnałów z radiokompasu uzyskujemy:;Przez odpowiednie ustawienie przełącznika na Audio Selektor Panel ( z rosyjska SPU);Przez specjalny wzmacniacz;Przez przyciśnięcie przycisku radio;Przez przyciśnięcie przycisku SPU
725;PL020-0152;Podstawowym rodzajem pracy radiokompasu jest:;Pozycja ADF, z rosyjska Kompas;Antena;Ramka;WŁ
726;PL020-0153;Pokładowy Dziennik Techniczny:;Służy do potwierdzenia wykonanych obsług technicznych do lotu i po locie potwierdzenia przyjęcia przez załogę samolotu do lotu i zdania po locie obsłudze technicznej rejestracji czasu pracy samolotu, wpisywania niesprawności samolotu itp. Przeznaczony dla personelu technicznego i latającego;Służy dla personelu technicznego przy obsłudze technicznej liniowej;Służy dla personelu latającego dla wpisywania powstałych niesprawności;Stanowi dokument do potwierdzenia wykonania obsług technicznych wyższego rzędu
727;PL020-0154;Pokrycie skrzydła pracujące:;Sztywne, przenoszące obciążenie;Stosowane dla zwiększenia trwałości samolotu;Stosowane w celach estetycznych;Stosowane tylko w samolotach o małych prędkościach
728;PL020-0155;Pokrycie skrzydła tzw. niepracujące:;Elastyczne nie przenoszące obciążeń;Jako element konstrukcyjny dla zmniejszenia masy samolotu i przenoszący obciążenia;Łączy zespoły skrzydła jako ułatwienie konstrukcyjne i technologiczne;Stosowane w samolotach o dużych prędkościach
729;PL020-0156;Pomocnicze pompy podające paliwo zazwyczaj napędzane są;elektrycznie;od silnika;ręcznie;eżektorowo
730;PL020-0157;Pompa olejowa napędzana jest;Od silnika;elektrycznie;eżektorowo;hydraulicznie
731;PL020-0158;Pompa wtryskowa jest przeznaczona do;Wtrysk paliwa do cylindrów lub układu dolotowego;Mieszanie paliwa i powietrza;Przygotowanie mieszanki palnej;Podanie paliwa do gaźnika
732;PL020-0159;Poziom oleju „między kreskami” na miarce bagnetowej oznacza;Prawidłową ilość oleju;Nieprawidłową ilość oleju;Należy dolać do górnej kreski;Należy obniżyć poziom oleju do dolnej kreski
733;PL020-0160;Pozycja SBYw transponderze służy do:;Przygotowania transpondera do pracy;Uaktywnienia pracy transpondera;Podawania wysokości lotu;Identyfikacji
734;PL020-0161;Praca odbiornika GPS oparta jest na:;Doborze odpowiedniej ilości satelitów;Wybraniu odpowiednich radiolatarni prowadzących;Wykorzystaniu zjawiska Dopplera;Wykorzystaniu zjawiska interferencji
735;PL020-0163;Prądnicami prądu stałego, nazywamy maszyny elektryczne które służą do przetwarzania energii:;mechaniczną w elektryczną;elektryczną w chemiczną;chemiczna w elektryczną;elektryczną w cieplną
736;PL020-0164;Prądnice prądu stałego instalowane na samolotach zbudowane są jako:;samowzbudne – bocznikowe;szeregowe;obcowzbudne;dwustopniowe
737;PL020-0165;Prędkość przyrządową określamy jako:;prędkość wskazywana przez prędkościomierz;pozioma prędkość lotu samolotu względem ziemi;prędkość samolotu względem morza;prędkość kątowa
738;PL020-0166;Prędkość rzeczywistą określamy jako:;prędkość lotu samolotu względem powietrza o parametrach panujących na wysokości lotu;prędkość lotu samolotu względem ziemi;prędkość kątowa;prędkość wskazywana przez prędkościomierz
739;PL020-0167;Próbę iskrowników wykonuje się;W czasie przeglądu przedlotowego przed startem oraz zawsze kiedy uznamy to za konieczne;Przed każdym startem;W czasie lotu;W czasie przeglądu polotowego
740;PL020-0168;Przed pokręceniem śmigłem należy upewnić się że wyłączone są;iskrowniki;akumulator;alternator;radiostacja
741;PL020-0169;Przepustnica gaźnika sterowana jest przy pomocy;Dźwigni (cięgna) sterowania silnikiem;Regulatora prędkości obrotowej silnika;Regulatora skoku śmigła;Różnicy ciśnień
742;PL020-0170;Przy awarii prądnicy lub alternatora, na ile czasu powinno wystarczyć akumulatora do bezpiecznego lądowania:;0,5 h – 1 h;3 h – 4 h;5 h – 6 h;7 h – 8 h
743;PL020-0171;Przycisk IDENT w transponderze używany jest:;Na życzenie kontroli ruchu lotniczego;W celu stabilizacji częstotliwości;W celu wyłączenia;W celu poprawienia propagacji
744;PL020-0172;Przyczyną spalania stukowego jest;Za mała liczba oktanowa paliwa lub późny zapłon;Za duża liczba oktanowa paliwa;Za dużo oleju w paliwie;Za mała energia zapłonu
745;PL020-0173;Przydzielone pasmo częstotliwości w zakresie UKF dla łączności radiowej w lotnictwie cywilnym to:;118,00 – 136,975 MHz;105,00 – 131,00 MHz;95,00 – 101,00 MHz;76,00 – 98,00 MHz
746;PL020-0174;Radiokompas może pracować jako:;Radionamiernik dostarczający informacji o położeniu statku powietrznego względem radiolatarni naziemnej i jako średniofalowy odbiornik radiowy,;Krótkofalowy odbiornik radiowy;Urządzenie do pomiaru odległości;Wskaźnik wibracji
747;PL020-0175;Radiokompas posiada:;Dwie anteny;Trzy anteny;Cztery anteny;Nie posiada żadnej anteny
748;PL020-0176;Radiokompas służy do:;Prowadzenia statku powietrznego według radiolatarni prowadzących;Do nadawania sygnałów alarmowych;Do prowadzenia łączności zewnętrznej;Do prowadzenia łączności między członkami załogi
749;PL020-0178;Radiostacja UKF zasilana jest :;Napięciem stałym;Napięciem zmiennym 115V;Napięciem zmiennym 36V;Napięciem stałym i zmiennym
750;PL020-0179;Radiostacje pokładowe UKF budowane są w następującym układzie:;Nadajnik i odbiornik są z sobą integralnie związane,;Nadajnik i odbiornik stanowią oddzielne zespoły;Jest jeden odbiornik do kilku nadajników;Jest jeden nadajnik do kilku odbiorników
751;PL020-0180;Radiowysokościomi erz informuje o zadanej wysokości za pomocą:;Sygnalizacji świetlnej i dźwiękowej;Syreny;Sygnału akustycznego 300Hz;Brak informacji
752;PL020-0181;Radiowysokościomi erz małych wysokości służy do:;Określenia rzeczywistej wysokości lotu statku powietrznego nad powierzchnią ziemi;Określania dużych wysokości;Wykrywania przeszkód terenowych;Wykrywania wibracji
753;PL020-0182;Radiowysokościomi erz posiada możliwość :;Ustawienia zadanej wysokości;Automatycznego odejścia na drugi krąg;Automatycznego podejścia do lądowania;Określenia warunków terenowych
754;PL020-0183;Reduktor przeznaczony jest do;Zredukowania prędkości obrotowej wału śmigła;Mocowania silnika;Regulowania prędkości obrotowej silnika;Zabezpieczenie przed rozkręceniem silnika
755;PL020-0184;Silnik gwiazdowy to silnik o układzie cylindrów;równomiernie rozmieszczonych na okręgu;Cylindry jeden za drugim tzw. wiszące;Połowa cylindrów naprzeciw drugiej połowy;Jeden za drugim
756;PL020-0185;Silnik typu bokser to silnik o układzie cylindrów;Po dwa cylindry w płaszczyźnie poziomej naprzeciw siebie;Cylindry rozmieszczone na okręgu co 90 stopni;Cylindry jeden za drugim;Cylindry jeden za drugim tzw. wiszące
757;PL020-0186;Siła gazowa działająca na tłok zależy od;średnicy cylindra;Temperatury silnika;skoku tłoka;ilości zaworów
758;PL020-0187;Siły i momenty powstające w silniku przenoszone są na płatowiec przez;Łoże silnika;Ścianę ogniową;Osłony silnika;przekładnia
759;PL020-0188;Skok śmigła (łopat) na zakresie jałowej pracy silnika jest;minimalny;maksymalny;średni;zmienny
760;PL020-0189;Skrzydło samolotu służy do/jest:;Wytworzenia siły nośnej;Elementem konstrukcyjnym do zabudowy zespołów samolotu;Zapewnia stateczność samolotu;Głównym nośnikiem paliwa
761;PL020-0190;Sloty (skrzela) służą:;Wychylenie ich, zwiększa krytyczny kąt natarcia skrzydła i siły nośnej przy mniejszych prędkościach samolotu;Zabezpieczają krawędź natarcia skrzydła przed oblodzeniem;Wychylenie ich powoduje zwiększenie oporu i działają jako hamulce aerodynamiczne;Wychylnie ich polepszenie sterowność podłużną
762;PL020-0191;Słuchawki i mikrofony załogi w większości statków powietrznych z radiostacją połączono:;Przez skrzynki ASP.(Audio Selector Panel) z rosyjska SPU;Słuchawki bezpośrednio do odbiornika;Mikrofony bezpośrednio do nadajnika;Różnie w zależności od egzemplarza samolotu
763;PL020-0192;Spalanie stukowe w silniku powoduje;Zaburzenia pracy silnika;Wzrost mocy silnika;Zmniejszenie zużycia paliwa;Spadek temperatury silnika
764;PL020-0193;Sprawdzenie pracy transpondera na ziemi możemy wykonać za pomocą:;Wbudowanego układu samokontroli (Self-Test);Generatora akustycznego;Miernika uniwersalnego;Specjalnej sondy
765;PL020-0194;Sprężarki doładowujące to zazwyczaj sprężarki;odśrodkowe;osiowe;tłokowe;Osiowo-odśrodkowe
766;PL020-0195;Stan cieplny silnika kontrolowany jest poprzez pomiar;Temperatury głowic;Temperatury gazów wylotowych;Temperatury mieszanki palnej;Temperatury powietrza za sprężarką doładowującą
767;PL020-0196;Stan nadawania lub odbioru radiostacji uwarunkowany jest:;Uruchomieniem bądź nie przycisku N/O.(Na rosyjskim sprzęcie przy nadawaniu naciskamy przycisk radio);Przyciśnięciem przycisku SGU;Przyciśnięciem przycisku Test;Wybraniem odpowiedniego kanału
768;PL020-0197;Sterowanie kołem podwozia przedniego głównie sprzężone jest z:;Sterownicą nożną (orczyk) układem linkowym lub hydraulicznym;Drążkiem (wolantem) sterownym i układem linkowym;Drążkiem (wolantem) sterownym poprzez układ hydrauliczny;Z instalacją hamulcową, poprzez układ dźwigni
769;PL020-0198;Sterowanie nożne (orczyk) służy:;Do sterowania sterem kierunku;Do sterowania sterem kierunku i wysokości;Do sterowania lotkami;Do sterowania sterem wysokości
770;PL020-0199;Sterownica ręczna (wolant, drążek) służy:;Do sterowania lotkami i sterem wysokości;Do sterowania tylko lotkami;Do sterowania lotkami i sterem kierunku;Do sterowania tylko sterem wysokości
771;PL020-0200;Stopy aluminium używane są w budowie samolotów na:;Jest to zasadniczy materiał na konstrukcje zespołów płatowca bez głównych elementów siłowych i wytrzymałościowych;Używany jako podstawowy materiał na konstrukcje okuć i sworzni połączeniowych skrzydło – kadłub;Konstrukcję podwozia;Konstrukcję zespołów silników odpornych na wysoką temperaturę
772;PL020-0201;Stosunek objętości całkowitej cylindra do objętości komory spalania nazywamy;Stopniem sprężania;sprężaniem;Współczynnikiem sprężu;Współczynnikiem nadciśnienia
773;PL020-0204;Śmigło w którym kąt nastawienia łopat jest regulowany przez pilota zwany jest śmigłem;przestawialnym;samoprzestawialnym;nastawialnym;Regulowanym
774;PL020-0205;Śmigło zabudowane na wale skierowanym przeciwnie do lotu samolotu to śmigło;pchające;ciągnące;odrzucające;odwrotne
775;PL020-0206;Śmigło zabudowane na wale skierowanym zgodnie z lotem samolotu to śmigło;ciągnące;pchające;odrzucające;Normalne
776;PL020-0207;Świadectwo Zdatności do Lotu Samolotu wydaje:;Wydawane jest przez Techniczny Państwowy Nadzór Lotniczy;Wydawane jest przez uprawniona bazę obsługową;Wydawane jest przez Służby Jakości Użytkownika;Wydawane jest przez producenta samolotu
777;PL020-0208;Tarcza krzywkowa jako element rozrządu stosowany jest w silnikach;gwiazdowych;Szeregowych;bokser;widlastych
778;PL020-0209;Temperatura głowic cylindrów mierzona jest;W gniazdach świec;Za zaworem wylotowym;Między głowicą, a tuleją cylindra;Między zaworem ,a głowicą
779;PL020-0210;Temperatura oleju mierzona jest;Na wyjściu z silnika;Na wejściu do silnika;W zbiorniku;Za pompą olejową
780;PL020-0211;Tłumik shimmi przeznaczony jest do tłumienia drgań:;Podwozia przedniego;Podwozia głównego;Śmigła i silnika;Steru kierunku
781;PL020-0212;Transponder służy do:;Identyfikacji statku powietrznego i podania wysokości do kontroli ruchu;Prowadzenia dalekiej nawigacji;Wykrywania frontów atmosferycznych;Wykrywania wibracji
782;PL020-0213;Urządzenie oddzielające powietrze, pary oleju i spaliny z odprowadzanego oleju z silnika zwane jest;odpieniaczem;Filtrem;ekranem;odpowietrznik
783;PL020-0214;Urządzeniem wytwarzającym energię elektryczną zapłonu nazywamy;Iskrownikiem;generatorem;zapłonnikiem;wytwornicą
784;PL020-0215;W amortyzatorach podwozia olejowo- pneumatycznych jako składnik pneumatyczny stosowany jest:;Azot lub powietrze;Tlen;Dwutlenek węgla;Dowolny gaz
785;PL020-0216;W celu sprawdzenia transpondera na ziemi należy:;Ustawić przełącznik rodzaju pracy w położenie TEST;Ustawić przełącznik rodzaju pracy w położenie SBY;Ustawić przełącznik rodzaju pracy w położenie OF;Ustawić przełącznik rodzaju pracy w dowolnym położeniu
786;PL020-0217;W celu ułatwienia pracy załodze zastosowano radiokompasy z możliwością :;Zapamiętania kilku częstotliwości;Zastosowano bank danych;Uproszczono metody obliczeń;Zastosowano przeliczniki nawigacyjne
787;PL020-0218;W jaki sposób utrzymujemy żądany kurs:;wykonując przechylenia pod kontrolą wskazań sztucznego horyzontu i wskaźnika kursu;utrzymując właściwy kąt natarcia;utrzymując stałą prędkość przyrządową;przez zmniejszenie prędkości lotu
788;PL020-0219;W jakich jednostkach mierzymy pojemność ogniwa:;w amperogodzinach;w amperach;w woltach;w godzinach
789;PL020-0220;W jakich warunkach obsługowych do zasilania wykorzystuje się lotniskowe źródło zasilania;normalnych;polowych;specjalnych;wymuszonych
790;PL020-0221;W jakiej części silnika zainstalowany jest nadajnik przeciw oblodzeniowy:;W tunelu dolotowym do sprężarki;Na zewnętrznej części chwytu powietrza;Na widocznej części obudowy silnika;Nie ma takiego nadajnika
791;PL020-0222;W niskociśnieniowym silniku wtryskowym mieszanka wytwarzana jest w;Układzie dolotowym;cylindrach;gaźniku;Pompie wtryskowej
792;PL020-0223;W silniku chłodzonym powietrzem najbardziej użebrowane są okolice;Zaworu wylotowego;Zaworu wlotowego;Dolna część cylindra;Miska olejowa
793;PL020-0224;W silniku chłodzonym powietrzem znaczna ilość ciepła odprowadzana jest także przez;Instalację olejową;Instalację paliwową;Instalację hydrauliczną;Płyn chłodzący
794;PL020-0225;W silniku gaźnikowym mieszanka palna wytwarzana jest poprzez;Rozpraszanie paliwa w strumieniu powietrza;Wtrysk paliwa do układu dolotowego;Bezpośredni wtrysk paliwa do cylindrów;Wtrysk paliwa przed gaźnikiem
795;PL020-0226;W wysokociśnieniowy m silniku wtryskowym mieszanka wytwarzana jest w;cylindrach;gaźniku;Układzie dolotowym;Sprężarce doładowującej
796;PL020-0227;Wałek rozrządu sprzęgnięty jest bezpośrednio z;Wałem korbowym;Tarcza krzywkową;reduktorem;Regulatorem obrotów
797;PL020-0228;Wartość napięcia prądu przemiennego jednofazowego:;115V;200V;300V;30V
798;PL020-0229;Wartość napięcia prądu przemiennego trójfazowego:;3 x 36V;115V;250V;100V
799;PL020-0230;Ważność świadectwa zdatności do lotu samolotu:;Jest ograniczona do określonego terminu;Wydawane jest bez żadnych ograniczeń;Upływa, gdy zachodzi konieczność wymiany zespołu napędowego;Upływa, gdy wykonywane są techniczne czynności okresowe
800;PL020-0231;Właściwa praca Transpondera sygnalizowana jest:;Miganiem lampki kontrolnej;Dzwonieniem dzwonka;Uruchomieniem brzęczyka;Sygnałem akustycznym 150Hz
801;PL020-0232;Wskazania przyrządu żyroskopowego zwanego zakrętomierzem pokazuje:;kierunek oraz prędkość kątową zakrętu samolotu;wysokość lotu nad danym terenem;ciśnienie lotniska;kurs magnetyczny
802;PL020-0233;Wybieranie łączności między statkami powietrznymi, między służbami naziemnymi ,między członkami załogi oraz podsłuch pomocy radionawigacyjnych dokonujemy przez :;Skrzynki połączeniowe ASP Audio Selektor Panel czyli z rosyjska SPU;Skrzynki SGU;Bezpośrednio z radiostacji;Bezpośrednio z pomocy radionawigacyjnych
803;PL020-0234;Wychylenie lotek przy profilu skrzydła niesymetrycznym (wychylenie różnicowe):;Do góry wychylają się więcej;Do dołu wychylają więcej;Wychylają się jednakowo tak do góry jak do dołu;Zależnie od zabudowy na skrzydle – lewe lub prawe
804;PL020-0235;Z jakiego zapasowego źródła zasilania gdy jest awaria prądnicy prądu stałego;akumulatora;prądnicy prądu przemiennego;przetwornicy;silnika
805;PL020-0236;Zabrania się włączać transponder z ustawionymi:;Kodami ratunkowymi;Kodami zalecanymi dla IFR;Kodami zalecanymi dla VFR;Wszystkie odpowiedzi są poprawne
806;PL020-0237;Zadanie zmniejszenia sił tarcia i zużycia elementów silnika spełnia;Instalacja olejowa;Instalacja paliwowa;Chłodnica powietrzno-olejowa;Regulator ciśnienia oleju
807;PL020-0238;Zadaniem śmigła jest zamiana;Momentu obrotowego na ciąg strumienia zaśmigłowego;Mocy silnika na prędkość obrotową śmigła;Momentu obrotowego silnika na moment obrotowy śmigła;Mocy silnika na siłę strumienia zaśmigłowego
808;PL020-0239;Zakres i uprawnienia wykonywania obsług technicznych przez pilota przed wykonaniem lotu przez niego na danym statku powietrznym:;Może wykonywać obsługę techniczną łącznie z usuwaniem usterek, gdy posiada licencję mechanika obsługi;Pilot może wykonywać obsługę techniczną liniową w zakresie dopuszczenia samolotu do lotu z prawem usuwania niesprawności, gdy posiada odpowiednie uprawnienia jako załącznik do licencji;Może wykonywać obsługę techniczną liniową, gdy posiada licencję pilota z uprawnieniami dowódcy;Nie ma prawa wykonywać żadnych obsług na samolocie, na którym ma wykonać lot
809;PL020-0240;Zakres pracy radiowysokościomi erzy to:;0-1200m;15-350m;50-450m;Powyżej 2000m
810;PL020-0241;Zakrętomierz jako przyrząd żyroskopowy charakteryzuje się tym że:;mierzy prędkość precesji przechylenia;ma oś główną poziomą;mierzy odchylenie kierunku linii magnetycznych od płaszczyzny horyzontu;mierzy ciśnienie lotniska
811;PL020-0242;Zapłon mieszanki w silniku czterosuwowym następuje między;Sprężaniem i rozprężaniem;Rozprężaniem i wydechem;Ssaniem i sprężaniem;Wydechem i ssaniem
812;PL020-0243;Zasadnicza pompa podająca paliwo jest napędzana;Od silnika;elektrycznie;eżektorowo;przepływowo
813;PL020-0244;Zasobnik hydrauliczny (hydroakumulator) przeznaczony jest:;Służy jako układ wspomagający zasadniczą instalację hydrauliczną przy spadku w niej ciśnienia;Jako zasadnicze źródło zasilania instalacji hydraulicznej;Jako zasadnicze źródło zasilania instalacji hydraulicznej hamulcowej;Jako wzmacniacz hydrauliczny w układzie sterowania
814;PL020-0246;Zaznaczyć źródła prądu przemiennego:;prądnica prądu przemiennego lub przetwornica;akumulator;prądnica prądu stałego;silnik prądu stałego
815;PL020-0247;Zaznaczyć źródła prądu stałego:;prądnica prądu stałego lub alternator;przetwornica;prądnica prądu przemiennego;silnik prądu przemiennego
816;PL020-0248;Zbyt mały luz zaworowy może spowodować;Erozję i wypalenie zaworu;Złamanie trzonka zaworu;Wyciek oleju z cylindra;Nie ma znaczenia
817;PL020-0249;Ze wzrostem prędkości obrotowej silnika moment obrotowy;Rośnie, a potem maleje;rośnie;Pozostaje bez zmian;maleje
818;PL020-0250;Ze wzrostem stopnia sprężania stosowane paliwo powinno mieć;Większą liczbę oktanową;Mniejsza liczbę oktanową;Większą liczbę cetanową;Niższą temperaturę
819;PL020-0251;Zestaw urządzeń łączności składa się z:;Radiostacji UKF,ASP (Audio Selektor Panel z rosyjska SPU) oraz słuchawek i mikrofonów;Radiostacji KF i SGU;Radiostacji średniofalowej i mikrofonów;Słuchawek i zespołów kontrolnych
820;PL020-0252;Zjawisko kawitacji wpływa na pracę instalacji paliwowej;negatywnie;pozytywnie;Nie ma wpływu;Zależy od jakości paliwa
821;PL020-0253;Zjawisko oblodzenia gaźnika występuje zazwyczaj w warunkach dużej wilgotności i temp. otoczenia ( °C).;-1do 12;-1 do 4;-1 do -4;Poniżej -4
822;PL020-0254;Zużycie jednostkowe paliwa w trakcie zubażania mieszanki;Maleje a potem rośnie;Pozostaje bez zmian;Rośnie a potem maleje;rośnie
823;PL020-0255;Żyromagnetyczna busola odległościowa jest przeznaczona do:;określenia kursu żyromagnetycznego przy zmianie położenia samolotu wokół osi pionowej;kursu geograficznego;prędkości lotu;przechylenia samolotu
824;PL021-0001;Od czego uzależnia się moc prądnicy zamontowanej na śmigłowcu?;od ilości energii elektrycznej potrzebnej dla danego typu śmigłowca;od prędkości śmigłowca;od ciśnienia lotniska i wysokości lotu;od przyrządów ciśnieniowych
825;PL021-0002;Żyromagnetyczna busola odległościowa jest przeznaczona do;określenia kursu żyromagnetycznego przy zmianie położenia śmigłowca wokół osi pionowej;określenia kursu geograficznego;prędkości lotu;przechylenia śmigłowca
826;PL021-0003;Ważność świadectwa zdatności do lotu śmigłowca;jest ograniczona do określonego terminu;jest bez żadnych ograniczeń;upływa, gdy zachodzi konieczność wymiany zespołu napędowego;upływa, gdy wykonywane są techniczne czynności okresowe
827;PL021-0004;Świadectwo zdatności do lotu śmigłowca;jest wydawane przez Techniczny Państwowy Nadzór Lotniczy;jest wydawane przez uprawnioną bazę obsługową;jest wydawane przez służby jakości użytkownika;jest wydawane przez producenta śmigłowca
828;PL021-0005;Odbiornik GPS pozwala na;podanie aktualnej pozycji śmigłowca;określenia kąta natarcia;wykrywanie frontów burzowych;utrzymanie łączności
829;PL021-0006;Odległość mierzona za pomocą radioodległościomi erza to;odległość wzdłuż linii nachylonej między śmigłowcem a radiolatarnią;rzut prostopadły na ziemię linii między śmigłowcem a radiolatarnią;odległość do wyliczenia według podanego wzoru;odległość orientacyjna
830;PL021-0007;Określając wysokość rzeczywistą uwzględnia się;wysokość lotu mierzoną względem terenu, nad którym przelatuje śmigłowiec;wysokość lotu mierzoną względem dowolnie obranego miejsca;wysokość lotu mierzoną względem poziomu morza;wysokość lotu mierzoną w powietrzu
831;PL021-0008;Oświetlenie zewnętrzne śmigłowca składa się z:;lampy antykolizyjnej, świateł pozycyjnych i reflektora;lampek oświetlenia tablicy przyrządów;lampki oświetlenia mapy;lampek w kabinie pasażerskiej
832;PL021-0009;Pokładowy dziennik techniczny;służy do: potwierdzenia wykonanych obsług technicznych do lotu i po locie, potwierdzenia przyjęcia przez załogę śmigłowca do lotu i zdania go po locie obsłudze technicznej, rejestracji czasu pracy śmigłowca, wpisywania niesprawności śmigłowca itp. Przeznaczony jest dla personelu technicznego i latającego;służy personelowi technicznemu przy obsłudze technicznej liniowej;służy personelowi latającemu do wpisywania powstałych niesprawności;stanowi dokument do potwierdzenia wykonania obsług technicznych wyższego rzędu
833;PL021-0010;Prądnice prądu stałego instalowane na śmigłowcach zbudowane są jako;samowzbudne – bocznikowe;szeregowe;obcowzbudne;dwustopniowe
834;PL021-0011;Prędkość rzeczywistą określa się jako;prędkość lotu śmigłowca względem powietrza o parametrach panujących na wysokości lotu;prędkość lotu śmigłowca względem ziemi;prędkość kątową;prędkość wskazywaną przez prędkościomierz
835;PL021-0012;Ilu przewodowa jest instalacja prądu stałego na śmigłowcu?;jednoprzewodowa;trójprzewodowa;czteroprzewodowa;pięcioprzewodowa
836;PL021-0013;Instalacja przeciwpożarowa zabudowana jest głównie;w rejonach zbiorników paliwowych i w silnikach;w kadłubach i kabinie;tylko wewnątrz silników;tylko w gondolach podwozia
837;PL021-0014;Instrukcja użytkowania w locie;jest obowiązkowym dokumentem, który musi znajdować się na pokładzie śmigłowca do wykorzystania przez załogę w czasie całego lotu i dotyczy jego użytkowania;służy personelowi technicznemu przy obsłudze śmigłowca;zawiera czynności techniczne, obsługowe wykorzystywane przez załogę śmigłowca - pilota;jest zbiorem procedur operacyjnych
838;PL021-0015;Jaka jest wartość częstotliwości w sieci prądu przemiennego na śmigłowcu?;400 Hz;50 Hz;200 Hz;600 Hz
839;PL021-0016;Jaka powinna być minimalna wartość napięcia akumulatora na śmigłowcu, sprawdzanego pod obciążeniem?;24 V lub 12 V;40 V;15 V;30 V
840;PL021-0017;Jaki parametr mierzy prędkościomierz, będący lotniczym przyrządem pokładowym?;prędkość lotu śmigłowca względem otaczających mas powietrza;wysokość lotu względem terenu;prędkość kątową;kurs śmigłowca
841;PL021-0018;Jakie ciśnienie odbierane jest na śmigłowcu?;statyczne i całkowite;dynamiczne i statyczne;całkowite i dynamiczne;całkowite
842;PL021-0019;Jakie przyrządy przeznaczone są do określenia stanu pracy silnika lotniczego?;manometry, termometry i obrotomierz;prędkościomierz;wysokościomierz;busola lotnicza
843;PL021-0020;Czy rozlanie paliwa w rejonie śmigłowca wpływa na jego bezpieczeństwo?;Tak, należy przerwać wszelkie prace do czasu zneutralizowania zagrożenia przez kompetentne służby;Można miejsce rozlania zasypać piaskiem i kontynuować pracę;Nie wpływa to na bezpieczeństwo śmigłowca;Należy zaczekać z pracami przy śmigłowcu do czasu odparowania paliwa
844;PL021-0021;Czym zabezpieczane są obwody elektryczne na śmigłowcu?;bezpiecznikami;izolacją;przekaźnikami;kablami
845;PL021-0022;Do czego służy rurka spiętrzeniowa na śmigłowcu?;Służy jako nadajnik ciśnienia całkowitego i statycznego;Służy jako nadajnik ciśnienia całkowitego i dynamicznego;Służy jako nadajnik ciśnienia statycznego;Służy jako nadajnik ciśnienia dynamicznego i statycznego
846;PL024-0001;Klapa spadochronowa przeznaczona jest do:;zwiększenia prędkości opadania i opróżniania powłoki;zmiany kierunku lotu balonu;obracania powłoki balonu w czasie lotu;zmniejszania prędkości opadania
847;PL024-0002;Pionowe taśmy nośne powłoki:;przenoszą obciążenia i zapobiegają powiększaniu się ewentualnych rozdarć materiału;są jedynie elementem dekoracyjnym;służą jedynie do mocowania napisów reklamowych;wyznaczają jedynie ilość brytów powłoki
848;PL024-0003;Pierścień korony:;łączy pionowe taśmy nośne;zapobiega przegrzaniu powłoki;łączy linki nośne kosza;utrzymuje klapę spadochronową w pozycji centralnej
849;PL024-0004;Klapa spadochronowa wyposażona jest w linki:;nośne i centralizujące;nie jest wyposażona w żadne linki;tylko w linki nośne;tylko w linki centralizujące
850;PL024-0005;W napełnionych butlach paliwowych balonu gaz znajduje się w stanie:;80% w stanie ciekłym, 20% w stanie gazowym;tylko w stanie ciekłym;tylko w stanie gazowym;20% w stanie ciekłym, 80% w stanie gazowym
851;PL024-0006;Palnik główny balonu powinien być zasilany gazem w stanie:;ciekłym;gazowym;sprężonym;stan skupienia gazu nie ma wpływu na działanie palnika
852;PL024-0007;Gaz przed wyjściem z dyszy palnika cichego (whisper) przepływa:;tylko przez zawór;przez zawór i wężownicę;przez zawór, wężownicę i saturator jonowy;przez reduktor ciśnienia i zawór
853;PL024-0008;Promieniowanie słoneczne ma wpływ na powłokę:;szkodliwy – obniża wytrzymałość materiału powłoki i taśm nośnych;nie ma żadnego wpływu na powłokę;pozytywny – zwiększa elastyczność materiału powłoki;powoduje jedynie odbarwianie materiału powłoki
854;PL024-0009;oderwanie się chorągiewki umieszczonej w powłoce oznacza:;przekroczenie dopuszczalnej temperatury w powłoce;przekroczenie dopuszczalnej prędkości opadania;przekroczenie dopuszczalnego ciśnienia powietrza w powłoce;przekroczenie dopuszczalnego ciśnienia gazu w instalacji paliwowej
855;PL024-0010;Wskaźnik (wskazówkowy) na butli paliwowej wskazuje:;pozostałą ilość gazu w butli;ciśnienie gazu w butli;temperaturę gazu w butli;ciężar butli
856;PL024-0011;Zawilgocenie powłoki w dłuższym okresie czasu może spowodować:;rozwój grzybów i pleśni;jedynie odbarwienie materiału;nie powoduje żadnych zmian;zesztywnienie i rozwarstwienie materiału
857;PL024-0012;Wzrost ciśnienia gazu zasilającego palnik powoduje:;Wzrost wydajności palnika;Spadek wydajności palnika;Wydajność palnika pozostaje bez zmian;Między ciśnieniem gazu, a wydajnością palnika nie zachodzi żaden związek
858;PL024-0013;Spadek ciśnienia gazu zasilającego palnik powoduje:;spadek wydajności palnika;wzrost wydajności palnika;wydajność palnika pozostaje bez zmian;między ciśnieniem gazu, a wydajnością palnika nie zachodzi żadna zależność
859;PL024-0014;Azotowanie butli paliwowych przeprowadza się w celu:;zwiększenia ciśnienia gazu w butlach;zmniejszenia ciśnienia gazu w butlach;zmniejszenia wybuchowości gazu;zwiększenia odporności butli na korozję
860;PL024-0015;Napełnianie butli paliwowych przeprowadza się według następującej procedury:;otworzyć zawór przelewowy, otworzyć zawór główny butli, włączyć dopływ gazu do butli, gdy ciekły gaz zacznie wypływać przez zawór przelewowy najpierw zamknąć dopływ gazu, następnie zamknąć zawór główny butli, a na końcu zamknąć zawór przelewowy;włączyć dopływ gazu do butli, otworzyć zawór główny butli , po jednej minucie zamknąć zawór główny i wyłączyć dopływ gazu do butli;otworzyć zawór główny butli, włączyć dopływ gazu do butli, otworzyć zawór przelewowy, gdy ciekły gaz zacznie wypływać przez zawór przelewowy najpierw zamknąć zawór przelewowy, a następnie zamknąć zawór główny butli;Nie stosuje się żadnej ustalonej procedury
861;PL024-0016;Propan, propan butan to gazy:;cięższe od powietrza i mogą gromadzić się w zagłębieniach terenu;lżejsze od powietrza i mogą gromadzić się w zakamarkach poddaszy;żrące, powodujące korozję metali szlachetnych;o podobnej gęstości jak powietrze,
862;PL024-0017;Zawór wskazujący, że butla została napełniona w 80% to:;zawór przelewowy;zawór bezpieczeństwa;zawór główny;zawór frakcji gazowej zasilający płomienie pilotowe
863;PL024-0018;Część powłoki która przenosi obciążenia to:;taśmy i linki nośne;materiał powłoki;szwy materiału;lina korony
864;PL024-0019;Płomień palnika pilotowego przeznaczony jest do:;zapłonu płomienia palnika głównego lub płomienia cichego;utrzymywania lotu poziomego;szybkiego wznoszenia balonu;używania jedynie podczas napełniania balonu ciepłym powietrzem
865;PL024-0020;W balonach powszechnie stosowane są następujące przyrządy pokładowe:;Wysokościomierz, wariometr, termometr, wskaźnik ciśnienia gazu;Prędkościomierz, wysokościomierz, wariometr;Prędkościomierz, obrotomierz, wskaźnik ciśnienia gazu, wariometr, wysokościomierz;Wysokościomierz, wariometr, amperomierz, obrotomierz
866;PL024-0021;Wariometr wskazuje:;Prędkość wznoszenia lub opadania;Zmiany gęstości gazu;Zmiany temperatury gazu;Zmiany prędkości poziomej balonu
867;PL024-0022;Podpory palnika spełniają w balonie:;Funkcję pomocniczą, utrzymują ramę palnika w odpowiedniej pozycji, nie stanowiąc konstrukcji nośnej;funkcję konstrukcji nośnej, przenoszącej obciążenia kosza na taśmy powłoki;Funkcję dekoracyjną;Jedynie funkcję elementu do którego przyczepia się linę korony
868;PL024-0023;Typowy kosz balonowy zbudowany jest z:;Wikliny lub / i rattanu, linek nośnych, osłon górnej i dolnej krawędzi;Rurek ze stali konstrukcyjnej uzupełnionej i konstrukcją z włókien węglowych;Pędów bambusa i desek z cedru libańskiego lub sosny alpejskiej;Taśm stylonowych lub dakronowych wypełniających konstrukcję z pędów bambusowych
869;PL024-0024;Elementy (karabińczyki) łączące powłokę i kosz jest:;Częściami konstrukcji nośnej;Częściami ozdobnymi;Częściami ramy palnika nie stanowiącymi konstrukcji nośnej;Częściami przenoszącymi obciążenia, ale tyko wtedy gdy występuje turbulencja
870;PL024-0025;Karabińczyki posiadają wytrzymałość podaną przez producenta jeśli:;Są obciążane wzdłuż, a nakrętka jest zakręcona;Są obciążane w poprzek, a nakrętka jest zakręcona;Są obciążane wzdłuż, a nakrętka jest odkręcona;Są obciążane poprzek, a nakrętka jest odkręcona
871;PL024-0026;Ze względu na prawidłowość działania zaworów bezpieczeństwa butle powinny być przechowywane w pozycji:;Pionowej, zaworem do góry;poziomej;Pionowej, zaworem w dół;Pozycja przechowywania buli nie ma znaczenia dla prawidłowości działania zaworu bezpieczeństwa
872;PL024-0027;Lina korony balonu służy do:;Przeciwdziałania kołysaniu na boki i spowolnienia unoszenia się powłoki podczas napełniania balonu oraz kładzenia powłoki po lądowaniu przy słabym wietrze;Obracania powłoki balonu podczas lotu, aby efektywniej demonstrować napisy reklamowe oraz ustawienia kosza dłuższym bokiem prostopadle do kierunku lądowania;Upuszczania gorącego powietrza z powłoki, za pomocą tej liny operuje się klapą spadochronową poprzez przyciąganie jej do pierścienia korony;Jedynie do celów ozdobnych, można na niej zawiesić np. szarfę z napisem reklamowym
873;PL024-0028;Wysokościomierz jest urządzeniem, którego wskazania określane są w oparciu o wartość:;ciśnienia;temperatury;Prędkości;wilgotności
874;PL024-0029;Zmiana nastawienia w wysokościomierzu wartości ciśnienia na większą spowoduje:;Wskazanie mniniejszej wysokości;Wskazanie większej wysokości;Nie spowoduje zmiany wskazania wysokości;wysokościomierze stosowane w lotnictwie nie mają możliwości zmiany nastawienia wartości ciśnienia
875;PL024-0030;Jeśli w balonie zastosowany jest pomiar temperatury w powłoce, to dokonywany jest on:;W górnej części powłoki;Na wysokości równika powłoki;Na wlocie do powłoki;Pomiar dokonywany jest jednocześnie w górnej i dolnej części powłoki, a pilot może odczytać wartość średnią temperatury w powłoce
876;PL025-0001;Klapka wyważająca (Trymer) służy do:;Zmiany aerodynamicznego wyważenia szybowca co skutkuje zmniejszeniem sił w układzie sterowania;Zwiększenia sił działających na elementach sterowania;Ułatwia wychylenie sterów;Ułatwia wychylenie lotek
877;PL025-0002;Usterzenie ogonowe:;Zapewnia stateczność i sterowność podłużną oraz kierunkową;Zapewnia sterowność kierunkową;Zapewnia sterowność podłużną;Zapewnia stateczność podłużną
878;PL025-0004;Co mierzy prędkościomierz jako lotniczy przyrząd pokładowy:;ciśnienie dynamiczne poprzez porównanie ciśnienia całkowitego i statycznego. Jest to tak zwana predkość wskazywana (przyrządowa-IAS);ciśnienie lotniska;kurs szybowca;wysokość lotu
879;PL025-0005;Jakie ciśnienia doprowadzone są do prędkościomierza:;statyczne i całkowite;dynamiczne i statyczne;dynamiczne i całkowite;całkowite
880;PL025-0006;Elementem pomiarowym (czułym) wysokościomierza mechanicznego jest:;puszka próżniowa aneroidowa;przepona gumowa;rurka Burdona;różnicowa puszka membranowa
881;PL025-0007;Jakie parametry odczytujemy z wysokościomierza:;wysokość w odniesieniu do ustawionego ciśnienia;ciśnienie lotniska;wysokość lotu;wysokość lotniska
882;PL025-0008;Kadłub konstrukcji półskorupowej składa się:;Wręgi, podłużnice, pokrycie;Dźwigary, wręgi, pokrycie;Wręgi, podłużnice, dźwigary;Pokrycie, podłużnice, dźwigary
883;PL025-0009;Czy zbiornik balastowy posiada instalację odpowietrzenia:;Tak;Nie;Tylko w układzie dwóch zbiorników;Tylko zbiornik zabudowany w nosie kadłuba
884;PL025-0010;Czym charakteryzuje się usterzenie ogonowe typu „motylkowego“:;Są to dwie połówki usterzenia poziomego ustawione pod znacznym wzniosem wypełniające tak rolę usterzenia pionowego jak poziomego;Na usterzeniu pionowym ustawione jest usterzenie poziome dwudzielne;Na usterzeniu pionowym ustawione jest usterzenie poziome z jednym sterem wysokości;Posiada usterzenie poziome dwudzielne o dużym wzniosie i statecznik pionowy
885;PL025-0011;Kolor uchwytów i dźwigni w kabinie obsługiwanej przez pilota mają:;Barwy poszczególnych dźwigni i uchwytów są znormalizowane w zależności od przeznaczenia dźwigni;Barwy są dowolne;Barwy ustala konstruktor danego szybowca;Nie ma znaczenia kolor dźwigni
886;PL025-0014;Hamowanie kołami podwozia jest:;Mechaniczne lub hydrauliczne;Pneumatyczno- elektryczne;Pneumatyczne;Elektryczne
887;PL025-0015;Hamulec aerodynamiczny służy do:;Zwiększenia oporu aerodynamicznego, co skutkuje przede wszystkim zwiększonym opadaniem podczas lotu;Ograniczenia prędkości lotu tylko w fazie podejścia do lądowania;Wyhamowania prędkości dobiegu na ziemi;Umożliwia wykonywanie akrobacji przez wspomaganie lotek
888;PL025-0016;Hamulec aerodynamiczny stosowany w szybowcach to:;Płyty wysuwane na powierzchni skrzydeł za krawędzią natarcia stwarzające opór i zmniejszające doskonałość, sterowane przez pilota;Płyty wysuwane na powierzchni skrzydeł na ich krawędzi spływa automatycznie wysuwane przy dużych kątach natarcia;Płyty na bokach kadłuba wysuwane przez pilota przy lądowaniu;Płyty wysuwane na skrzydłach razem z lotkami
889;PL025-0018;Jakie ciśnienia doprowadzone są do prędkościomierza:;statyczne i całkowite;dynamiczne i statyczne;dynamiczne i całkowite;całkowite
890;PL025-0019;Jakie ciśnienie doprowadzane jest do wysokościomierza:;statyczne;dynamiczne i statyczne;całkowite i dynamiczne;całkowite
891;PL025-0022;Kadłub o konstrukcji skorupowej składa się:;Głównym elementem siłowym jest pokrycie – obecnie z laminatów – wzmocnione wręgami;Wręgi, przedłużenie, pokrycie;Dźwigary, pokrycie, wręgi;Dźwigary, pokrycie, wypełniacz ulowy
892;PL025-0023;Klapka odciążająca służy do:;Zmniejszania sił działających na elementach sterowania sterami i lotkami;Wyważenia szybowca;Ułatwienia wychylenia klap;Zwiększenia stateczności szybowca
893;PL025-0024;Czy pilot może wykonywać czynności okresowe i potwierdzić wykonanie w dokumentach szybowca:;Może jeśli ma uprawnienia mechanika szybowcowego;Może jeśli ma uprawnienia instruktora;Może, jeśli w terenie przygodnym nie ma mechanika szybowcowego;Może, jeśli upoważni go szef techniczny
894;PL025-0025;Co wskazuje przyrząd zwany wariometrem:;prędkość pionową szybowca tzn. prędkość wznoszenia i opadania;wysokość lotu;kurs geograficzny;kurs szybowca
895;PL025-0026;Lotki służą do:;Sterowania przechyleniami szybowca względem jego osi podłużnej;Utrzymanie stateczności szybowca;Sterowalności podłużnej;Sterowalności kierunkowej
896;PL025-0027;Dźwigar jako element konstrukcyjny szybowca:;Stosowany w skrzydłach, statecznikach, sterach, klapach, jako główny element przenoszący obciążenia;Stosowany w kadłubach;Służy tylko jako element łączący zespoły szybowca;Stosowany tylko w konstrukcji sterów
897;PL025-0028;Na czym polega wychylenie różnicowe lotek:;Lotki do góry wychylają się o większy kąt niż do dołu – przy skrzydłach o profilu niesymetrycznym;Lotki wychylają się do dołu o większy kąt niż do góry;Lotki do góry wychylają się o większy kat niż do dołu przy profilach skrzydeł symetrycznych;Zależnie od zabudowy na skrzydle lewym lub prawym wychylają się różnie więcej lub mniej
898;PL025-0029;Odbiornik GPS używany w szybowcach zasilany jest z:;Najczęściej z własnego akumulatora;Z akumulatora zasilającego komputer;Z ogólnego źródła;Zasilany jest wspólnie z radiostacją
899;PL025-0030;Okucia łączące skrzydła z kadłubem i usterzenia ogonowego są:;Ze stali stopowej odpowiednio ulepszonej;Ze stopów lekkich;Z kompozytów węglowych;Z kompozytów z włókien szklanych
900;PL025-0031;Opracowanie, zatwierdzenie i wprowadzenie zmian w instrukcji Użytkowania w Locie:;Opracowuje producent szybowca a uzgadnia Państwowy Nadzór Lotniczy;Opracowuje Użytkownik a zatwierdza Państwowy Nadzór Lotniczy;Opracowuje producent a zatwierdza Służba Jakości Użytkownika;Opracowuje producent a zatwierdza jego służba jakości
901;PL025-0033;Przeznaczenie klap skrzydłowych:;Zasadniczym przeznaczeniem klap jest zwiększenie współczynnika siły nośnej skrzydła;Służą głównie jako hamulec aerodynamiczny;Służą głównie do polepszenia efektywności lotek;Służą do sterowania przechyleniem w osi podłużnej szybowca
902;PL025-0035;Radiostacje lotnicze pracują:;Systemem simpleks;Systemem dupleks;Systemem ogólnym;Inne
903;PL025-0037;Skrzydło szybowca służy:;Do wytworzenia siły nośnej;Zapewnienia stateczności szybowca;Elementem konstrukcyjnym do zabudowy zespołów szybowca;Do przenoszenia balastu wodnego
904;PL025-0038;Zmiana stanu nadawania lub odbioru radiostacji odbywa się najczęściej:;Za pomocą przycisku N/O;Za pomocą natężenia głosu;Za pomocą zmiany napięcia;Za pomocą zmiany częstotliwości
905;PL025-0039;Świadectwo Zdolności do Lotu Szybowca:;Wydawane jest przez Techniczny Państwowy Nadzór Lotniczy;Wydawane jest przez uprawnioną bazę obsługową;Wydawane jest przez służby jakości użytkownika;Wydawane jest przez producenta szybowca
906;PL025-0040;Układ „miękki“ sterowania mechanizmami sterowniczymi stanowi:;Linki stalowe i układ rolek;Popychacze połączone z amortyzatorami gumowymi oraz dzwignie;Linki stalowe i popychacze oraz rolki;Popychacze z układem rolek
907;PL025-0041;Układ „sztywny“ sterowania mechanizmami sterowniczymi stanowi:;Popychacze sztywne z układem dźwigni;Popychacze sztywne i linki z układem rolek;Popychacze sztywne i linki z układem dźwigni;Linki w sztywnych rurkach i układ dźwigni
908;PL025-0042;Ważność Świadectwa Zdolności do Lotu Szybowca:;Jest ograniczone do określonego terminu;Wydawane jest bez żadnych ograniczeń;Upływa gdy demontowany jest szybowiec w celu transportu;Upływa, gdy wykonywane są okresowe czynności obsługowe
909;PL025-0048;Blokada szumów (SQ) w radiostacji UKF służy do:;Wyeliminowania szumów w sygnale użytecznym. W skrajnym przypadku do wyłączenia toru odbiornika w radiostacji;Ograniczenia poziomu nadawanego sygnału;Regulacji poziomu odebranego sygnału;Poprawienia modulacji sygnału
910;PL025-0049;Blokowanie sterów i lotek ma na celu:;Unieruchomienie organów sterowania na ziemi w czasie postoju samolotu;W czasie lotu poziomego;Stosowane tak w locie jak i w czasie postoju samolotu;Nie jest stosowane
911;PL025-0050;Co nazywamy żyroskopem:;ciało obrotowe (wirnik) wirujące z dużą prędkoś cią kątową dookoła osi symetrii, gdzie jeden z punktów ciała jest nieruchomy;prędkość lotu;wysokość lotu;kurs lotu
912;PL025-0051;Co określa busola magnetyczna:;kurs magnetyczny samolotu;prędkość lotu;prędkość kątową;ciśnienie lotniska
913;PL025-0055;Co wskazuje przyrząd zwany wariometrem:;prędkość pionową samolotu tzn. prędkość wznoszenia i opadania;wysokość lotu;kurs geograficzny;kurs samolotu
914;PL025-0056;Czy kompozyt np. z włókien węglowych, grafitowych, szklanych itp. – stosowane są w konstrukcjach lotniczych:;Tak;Nie są stosowane;Tylko jako elementy wyposażenia kabin;Tylko w konstrukcji silników lotniczych
915;PL025-0057;Jaką pozycję przyjmuje wskaźnik ślizgu zakrętomierza, kiedy informuje o zakręcie skoordynowanym:;kulka wskaźnika znajduje się w środkowym położeniu;kulka nie znajduje się w środkowym ani max. położeniu;kulka wskażnika jest w max. skrajnym położeniu w kierunku przeciwnym do przechylenia;kulka wskaźnika jest w max. skrajnym położeniu w kierunku przechylenia
916;PL025-0069;Kompensacja masowa (wyważenie masowe);Stosowana do wyeliminowania drgań samowzbudnych lotek i sterów;Stosowana do wyeliminowania drgań klap;Stosowana do wyeliminowania drgań hamulca aerdynamicznego;Stosowana do wyeliminowania drgań sterów przy małych prędkościach
917;PL025-0112;Elementem pomiarowym (czułym) prędkościomierza mechanicznego jest:;różnicowa puszka membranowa;rurka Burdona;puszka aneroidowa;przepona gumowa
918;PL030-0001;Błąd barometryczny wysokościomierza pojawia się, gdy:;Ciśnienie na poziomie morza (Mean Sea Level) różni się od wartości 1013.25hPa;Gradient zmiany gęstości jest inny niż standardowy;Gradient zmiany ciśnienia jest inny niż ISA;Wysokościomierz został nagrzany (np.w świetle słonecznym) do wysokiej temperatury
919;PL030-0002;Błąd temperaturowy wysokościomierza pojawia się, gdy:;Gradient zmiany temperatury jest inny niż standardowy – czyli warunki różnią się od tych zdefiniowanych Międzynarodową Atmosferą Wzorcową;Gradient zmiany ciśnienia jest inny niż standardowy;Wysokościomierz został nagrzany (np.w świetle słonecznym) do wysokiej temperatury;Ciśnienie npm (Mean Sea Level) różni się od wartości 1013.25hPa
920;PL030-0003;Ciężar elementu 55 kg, ramie 2.3 m. Moment = [kgm];126.5;23.9;6957;0.0418
921;PL030-0004;Jeśli środek ciężkości znajduje się blisko lub poza skrajnym tylnym położeniem to szybowiec będzie;Trudniejszy do wyprowadzenia z korkociągu;Łatwiejszy do wyprowadzenia z korkociągu,;Trudniejszy do wprowadzenia i łatwiejszy do wyprowadzenia z korkociągu;Położenie środka ciężkości nie wpływa na własności samolotu / szybowca w korkociągu
922;PL030-0006;Jeśli środek ciężkości znajduje się blisko skrajnego tylego położenia to szybowiec będzie;Zmniejszy się stateczność podłużna (co spowoduje mniejsze siły na drążku przy manewrach);Zwiększy się stateczność podłużna;Zwiększy się stateczność podłużna (co spowoduje większe siły na drążku przy manewrach);Będą występowały duże siły na drążku
923;PL030-0007;Międzynarodowa Atmosfera Wzorcowa (International Standard Atmosphere) definiuje następujące warunki na poziomie morza: temperatura / ciśnienie / gęstość / gradient temperatury:;15°C / 1013,25 hPa / 1.225 kg/m3 / -6.5°C na 1000 m;15°C / 1013,25 mb / 1.225 kg/m3 / 1.98°C na 1000m;0°C / 1.013 Bar / 1225 g/m3 / 1.98°C na 1000 ft;15°C / 29.92 in.Hg / 1013 kg/m3 / 1.98°C na 1000 ft
924;PL030-0008;Środek ciężkości jest wyrażony w:;"w procentach średniej cięciwy aerodynamicznej (% MAC) lub odległości (mm, cm, inch) położenia S.C. względem punktu pomiarowego ""DATUM""";w procentach średniej cięciwy aerodynamicznej ciężkości (% MAC);w procentach cięciwy aerodynamicznej przy kadłubie (% MAC);w procentach średniej cięciwy aerodynamicznej liczonej w średniej rozpiętości (% MAC)
925;PL030-0009;Środek ciężkości można zdefiniować jako:;Punkt, w którym skoncentrowana jest masa statku powietrznego;Punkt, do którego przyłożone są wszystkie siły działające na statek powietrzny;Punkt, do którego przyłożone są siły nośna i ciężkości - działające na statek powietrzny;Punkt, do którego przyłożone są siły oporu działające na statek powietrzny
926;PL030-0010;Ważenie statku powietrznego (SP): odczyt na wadze pod przednim podwoziem 155 kg, odczyt – suma na głównym 320 kg. Odległość przód SP – przednie podwozie 0.8m, przód SP - główne 2.4 m. Jaka jest odległość przód SP – środek ciężkości?;1.88 m;2.92;3.2;1.68
927;PL030-0011;Ważenie statku powietrznego (SP): odczyt na wadze pod przednim podwoziem 205 kg, odczyt – suma na głównym 420 kg. Odległość przód SP – przednie podwozie 0.9m, przód SP - główne 2.6 m. Jaka jest odległość przód SP – środek ciężkości?;2.04 m;3.12 m;1.88 m;2.09 m
928;PL030-0012;Wyrażenie (wzór) na moment (siły): Moment =;siła (ciężar) mnożone przez ramię działania siły;siła (ciężar) dzielone przez ramię działania siły;siła (ciężar) x odległość środka ciężkości od datum;ramię działania siły dzielone przez siłę (ciężar)
929;PL030-0013;Jeśli środek ciężkości znajduje się blisko skrajnego przedniego położenia to:;Nastąpi zmniejszenie prędkości wznoszenia;Nastąpi zwiększenie prędkości wznoszenia;Zmniejszy się opór kształtu;Zmniejszy się opór indukowany
930;PL030-0014;Jeśli środek ciężkości znajduje się przed skrajnym przednim położeniem to szybowiec będzie:;miał większa prędkość przeciągnięcia;miał mniejszą prędkość przeciągnięcia;miał mniejszą wymaganą do lotu poziomego siłę nośną na płacie, co spowoduje zmniejszenie prędkości przeciągnięcia;miał mniejszą wymaganą do lotu poziomego siłę nośną na płacie, co spowoduje zwiększenie prędkości przeciągnięcia
931;PL030-0015;Jeśli środek ciężkości szybowca przesunie się przed skrajne przednie położenie to (między innymi):;Ze względu na konieczność większego wychylenia steru wysokości – wzrasta wymagana siła nośna na płacie – zwiększa się opór indukowany, co negatywnie wpływa na osiągi;Ze względu na konieczność mniejszego wychylenia steru wysokości – zmniejsza się siła nośna na usterzeniu, co wymaga zwiększenia siły nośnej na płacie co zmniejsza opór indukowany i ma negatywny wpływ na osiągi;Ze względu na konieczność mniejszego wychylenia steru wysokości – spada wymagana siła nośna na płacie – zmniejsza się prędkość przeciągnięcia;Ze względu na konieczność większego wychylenia steru wysokości – spada wymagana siła nośna na płacie – zwiększa się prędkość przeciągnięcia
932;PL030-0016;Masa pustego szybowca wynosi 275 kg, a maksymalna masa do startu wpisana jako ograniczenie w Instrukcji Użytkowania w Locie 395kg. Ile może ważyć pilot?;120 kg ze spadochronem i całym wyposażeniem (bagażem), istnieje również ograniczenie masy minimalną (na ogół 55kg);120 kg bez spadochronu i wyposażenia;Między 40 a 125 kg;Między 55 kg a 125 kg
933;PL030-0018;Szybowiec ma MAC 1.5 m, krawędź natarcia MAC znajduje się 1.9 m za datum szybowca, odległość datum- CG wynosi 2.4 m. Podaj położenie CG w % MAC:;33;25;20;0.5
934;PL030-0019;Szybowiec ma MAC 1.6 m, krawędź natarcia MAC znajduje się 2.1 m za datum szybowca, odległość datum- CG wynosi 2.5 m. Podaj położenie CG w % MAC:;25.0;33.0;31.2;23.8
935;PL030-0020;Szybowiec musi być wyważony ze względu na zachowanie stateczności:;podłużnej;poprzecznej;statycznej poprzecznej;dynamicznej poprzecznej i podłużnej
936;PL030-0021;Szybowiec musi być wyważony ze względu na:;Zachowanie stateczności podłużnej;Zachowanie stateczności poprzecznej;Konieczność zachowania równomiernego obciążenia goleni podwozia;Zabezpieczenia przed przekroczeniem krytycznego kąta natarcia we wszystkich stanach lotu
937;PL030-0022;W przypadku, kiedy środek ciężkości szybowca znajdzie się poza dopuszczalnymi granicami (wybrać najbardziej pełną odpowiedź):;Wpłynie to na stateczność, sterowność, siły sterowania, zwrotność i osiągi;Mogą wzrosnąć siły sterowania i spaść wznoszenie;Spada wznoszenie, ale rośnie zasięg, nie ma zmiany sił na sterach;Wpłynie to na siły sterowania, ewentualnie większe obciążenie jednostki napędowej przy wznoszeniu oraz większą prędkość na przelocie
938;PL030-0023;W standardowym układzie (klasycznym) środek ciężkości szybowca jest (licząc od przodu):;Przed środkiem aerodynamicznym;Dokładnie w środku aerodynamicznym;Zawsze dokładnie pod środkiem aerodynamicznym;Za środkiem aerodynamicznym
939;PL030-0025;Wysokość ciśnieniową lotniska danego dnia możemy ustalić:;Odczytując wysokość wskazywaną przez wysokościomierz nastawiony na 1013.2 hPa;Odczytujemy wysokość z wysokościomierza nastawionego na 1013.2hPa, a następnie korygujemy ją, ze względu odczytaną temperaturę otoczenia;Odczytujemy wysokość z wysokościomierza nastawionego na aktualne QNH, a następnie skorygujemyją ze względu odczytaną temperaturę otoczenia;Zawsze odczytując wysokość wskazywaną przez wysokościomierz nastawiony na aktualne QNH
940;PL030-0027;„Wpływ ziemi” pozwala na:;Oderwanie samolotu przy mniejszej prędkości, ale zjawisko zanika na wysokości równej w przybliżeniu rozpiętości i osiągi spadają;Osiągnięcie większej mocy silnika blisko ziemi (dotyczy silników bez sprężarkowych);Lepszą obserwacje otoczenia przez pilota ze względu na szersze pole widzenia blisko ziemi;Osiągnięcie większego ciągu silnika blisko ziemi – efekt ten zanika na wysokości równej w przybliżeniu rozpiętości samolotu
941;PL030-0028;„Wpływ ziemi” to zjawisko polegające na:;Redukcji oporu indukowanego oraz kąta natarcia potrzebnego do lotu poziomego (przy danej prędkości) co jest spowodowanej bliskością ziemii;Znacznym skróceniu fazy wytrzymania przy lądowaniu;Osiąganiu większej mocy przez silniki tłokowe blisko ziemi (dotyczy silników bezsprężarkowych);Osiągnięcie większego ciągu silnika blisko ziemi – efekt ten zanika na wysokości równej w przybliżeniu rozpiętości samolotu
942;PL030-0029;Aby przy rozbiegu / dobiegu samolotu wystąpiło zjawisko „hydroplanning’” (dynamiczne) muszą wystąpić nastepujące czynniki:;Grubość warstwy wody na pasie musi być większa od krytycznej (około 3 mm) oraz samolot musi uzyskać odpowiednią prękość;Bieżniki koł samolotu muszą rozgrzać się do wysokiej temperatury podczas intensywnego hamowania na wilgotnym pasie;Jedna z koł samolotu musi zostać zablokowane (np. awaria anti-skid) na mokrym pasie;„Hydroplanning’” to określenie dotyczące tylko lądowania wodnosamolotu na gładkiej powierzchni wody
943;PL030-0034;Co to jest V<sub>X</sub>:;To prędkość, przy której osiąga się najlepszy gradient wznoszenia. Best Angle of Climb;To prędkość, przy której osiąga się najlepszą prędkość wznoszenia Best Rate of Climb;To prędkość decyzji, przy której są bezpiecznie spełnione warunki do przerwania i kontynuowania startu;To prędkość, przy której osiąga się najlepszy stosunek siły nośnej do ciągu
944;PL030-0035;Co to jest V<sub>Y</sub>:;To prędkość, przy której osiąga się najlepszą prędkość wznoszenia Best Rate of Climb;To prędkość, przy której osiąga się najlepszy gradient wznoszenia. Best Angle of Climb;To prędkość decyzji, przy której są bezpiecznie spełnione warunki do przerwania i kontynuowania startu;To prędkość, przy której osiąga się najlepszy stosunek siły nośnej do ciągu
945;PL030-0038;Czy wysoka wilgotność przyczynia się do spadku osiągów samolotu:;Tak;Fałsz – chłodzi silnik i przez to poprawia osiągi;Wilgotność powietrza nie ma wpływu na osiągi;Wszystkie podane odpowiedzi są nieprawdziwe
946;PL030-0041;Dla każdej kombinacji wysokości lotu i masy samolotu, w zakresie prędkości minimalnej do maksymalnej istnieje:;Taki kąt natarcia, przy którym siła nośna równa się ciężarowi i możliwy jest lot poziomy;Takie przechylenie, które zapewnia, że siła nośna równa się ciężarowi i możliwy jest lot poziomy;Taki kąt natarcia, przy którym siła oporu równa się ciągowi wytwarzanemu przez jednostki napędowe i możliwy jest lot poziomy;Taki kąt natarcia, przy którym siła nośna równa się ciężarowi razy cosinus kąta natarcia i możliwy jest lot poziomy
947;PL030-0042;Duża wysokość gęstościowa oznacza (w stosunku do małej wysokości gęstościowej):;Małą gęstość powietrza i niskie osiągi samolotu;Dużą gęstość powietrza i niskie osiągi samolotu;Dużą gęstość powietrza i wysokie osiągi samolotu;Małą gęstość powietrza i wysokie osiągi samolotu
948;PL030-0045;Jak wpłynie na długość rozbiegu samolotu (na danym lotnisku) wysoka temperatura otoczenia w porównaniu z przypadkiem, gdy temperatura otoczenia jest niska:;Zwiększenie długości rozbiegu;Zmniejszenie długości rozbiegu;Temperatura otoczenia nie ma wpływu na długość rozbiegu;wszystkie podane odpowiedzi są nieprawdziwe
949;PL030-0046;Jak wpłynie na długość rozbiegu samolotu start z lotniska położonego wysoko w górach, w stosunku do startu w takich samych warunkach temperatury, masy samolotu, wiatru i ustawiania klap z lotniska na 0 m npm:;Start z wysoko położonego lotniska - większenie długości rozbiegu;Zmniejszenie długości rozbiegu;Elewacja lotniska nie ma wpływu na długość rozbiegu;wszystkie podane odpowiedzi są nieprawdziwe
950;PL030-0047;Jak wpłynie użycie większego wychylenia klap ( niż zwykle) na długość rozbiegu samolotu:;Zmniejszenie długości rozbiegu;Zwiększenie długości rozbiegu;Nie ma wpływu na długość rozbiegu;wszystkie podane odpowiedzi są nieprawdziwe
951;PL030-0048;Jak wpłynie zwiększenie masy samolotu na długość rozbiegu:;Zwiększenie długości rozbiegu;Zmniejszenie długości rozbiegu;Nie ma wpływu na długość rozbiegu;wszystkie podane odpowiedzi są nieprawdziwe
952;PL030-0049;Jakie będą efekty zmiany temperatury otoczenia na osiągi samolotu jeśli wszystkie inne parametry pozostaną niezmnienione:;Spadek temperatury otoczenia spowoduje wzrost gradientu wznoszenia;Wzrost temperatury otoczenia spowoduje spadek wymaganego dystansu do startu;Spadek temperatury otoczenia spowoduje wzrost wymaganego dystansu do startu;Wzrost temperatury otoczenia spowoduje spadek wymaganego dystansu do startu i lądowania
953;PL030-0050;Jakie będą efekty zmiany temperatury otoczenia na osiągi samolotu jeśli wszystkie inne parametry pozostaną niezmnienione:;Spadek temperatury otoczenia spowoduje zmniejszenie wymaganego dystansu do startu;Wzrost temperatury otoczenia spowoduje spadek wymaganego dystansu do startu;Spadek temperatury otoczenia spowoduje wzrost wymaganego dystansu do startu;Zmiany temperatury otoczenia nie spowodują zmiany wymaganego dystansu do startu
954;PL030-0055;Jeśli środek ciężkości znajduje się blisko skrajnego przedniego położenia to:;Nastąpi zmniejszenie prędkości wznoszenia;Ze względu na konieczność mniejszego wychylenia steru wysokości – spada wymagana siła nośna na płacie – zmniejsza się prędkość przeciągniecia;nastąpi zmniejszenie zużycia paliwa podczas lotu ze względu na mniejszy opór;nastąpi zmniejszenie oporu indukowanego
955;PL030-0057;Jeśli środek ciężkości znajduje się przed skrajnym przednim położeniem to samolot będzie między innymi:;Ze względu na konieczność większego wychylenia steru wysokości – wzrasta wymagana siła nośna na płacie – zwiększa się opór indukowany, co negatywnie wpływa na osiągi;Ze względu na konieczność mniejszego wychylenia steru wysokości – zmniejsza się siła nośna na usterzeniu, co wymaga zwiększenia siły nosniej na płacie co zmniejsza opór indukowany i ma negatywny wpływ na osiągi;Ze względu na konieczność mniejszego wychylenia steru wysokości – spada wymagana siła nośna na płacie – zmniejsza się prędkość przeciągniecia;Ze względu na konieczność większego wychylenia steru wysokości – spada wymagana siła nośna na płacie – zwiększa się prędkość przeciągniecia
956;PL030-0059;Kierunek pasa 040°, wiatr 270 / 18 kt (ATIS). Jakie są składowe wiatru:;W ogon: 12 kt, boczna – z lewej 14 kt;Czołowa: 12 kt, boczna – z prawej 14 kt;Czołowa: 16 kt, boczna – z prawej 16 kt;W ogon: 8 kt, boczna – z lewej 21 kt
957;PL030-0060;Kierunek pasa 150°, wiatr 220 / 22 kt (ATIS). Jakie są składowe wiatru:;Czołowa: 8 kt, boczna – z prawej 21 kt;Czołowa: 14 kt, boczna – z prawej 17 kt;Czołowa: 4 kt, boczna – z prawej 22 kt;W ogon: 8 kt, boczna – z lewej 21 kt
958;PL030-0061;Kierunek pasa 200°, wiatr 080 / 13 kt (ATIS). Jakie są składowe wiatru:;W ogon: 7 kt, boczna – z lewej 11 kt;Czołowa: 7 kt, boczna – z prawej 11 kt;Czołowa: 4 kt, boczna – z prawej 12 kt;W ogon: 8 kt, boczna – z lewej 12 kt
959;PL030-0062;Kierunek pasa 220°, wiatr 160 / 26 kt (ATIS). Jakie są składowe wiatru:;Czołowa: 13 kt, boczna – z lewej 23 kt;Czołowa: 14 kt, boczna – z prawej 17 kt;Czołowa: 9 kt, boczna – z prawej 23 kt;W ogon: 13 kt, boczna – z lewej 22 kt
960;PL030-0063;Kierunek pasa 330°, wiatr 250 / 15 kt (ATIS). Jakie są składowe wiatru:;Czołowa: 3 kt, boczna – z lewej 15 kt;Czołowa: 8 kt, boczna – z lewej 13 kt;W ogon: 3 kt, boczna – z lewej 15 kt;W ogon: 3 kt, boczna – z prawej 15 kt
961;PL030-0064;Które, z podanych kombinacji warunków pogodowych panujących na lotnisku podczas startu, przyczynią się największego spadku osiągów samolotu:;duża temperatura, duża wysokość gęstościowa, duża wilgotność;mała temperatura, duża wysokość gestościowa, mała wilgotność;duża temperatura, mała wysokość gestościowa, małą wilgotność;mała temperatura, małą wysokość gestościowa, mała wilgotność
962;PL030-0065;Które, z podanych kombinacji warunków pogodowych panujących na lotnisku podczas startu, przyczynią się największego spadku osiągów samolotu:;duża wysokość gęstościowa i duża temperatura otoczenia;silny wiatr czołowy;słaby opad deszczu przy niskiej, ale dodatniej temperaturze otoczenia;niska temperatura otoczenia
963;PL030-0066;Liczba Macha to stosunek:;Prędkości TAS i lokalnej prędkości dźwięku;Prędkości IAS i lokalnej prędkości dźwięku;Prędkości IAS i prędkości dźwięku na danej wysokości odniesionej do ISA;Prędkości TAS i prędkości dźwięku na poziomie morza
964;PL030-0068;Maksymalna konstrukcyjna masa do lądowania (Maximum Structural Landing Mass) to:;maksymalna masa do lądowania w normalnych okolicznościach;maksymalna masa do lądowania - nieprzekraczalna - nawet w sytuacjach awaryjnych ze względu na pewność zniszczenia konstrukcji;maksymalna masa do lądowania w sytuacjach awaryjnych (1.3 razy większa od normalnej masy do lądowania);maksymalna masa do startu i do lądowania w sytuacjach awaryjnych (1.3 razy większa od normalnej masy do lądowania)
965;PL030-0072;Mała wysokość gęstościowa oznacza, że:;Gęstość powietrza jest duża – czyli osiągi samolotu będą lepsze niż w przypadku dużej wysokości gestościowej;Gęstość powietrza jest duża – czyli osiągi samolotu będą dużo gorsze niż w przypadku dużej wysokości gestościowej;Gęstość powietrza jest mała, co powoduje spadek osiągów samolotu w porównaniu do przypadku dużej wysokości gestościowej;Gęstość powietrza jest duża, co powoduje spadek osiągów samolotu w porównaniu do przypadku dużej wysokości gestościowej
966;PL030-0078;Najbardziej ekonomiczny z punktu widzenia zużycia paliwa / zasięgu kąt natarcia to taki, który wytwarza:;Najlepszy stosunek sił nośnej do oporu – taki najbardziej ekonomiczny kąt natarcia jest stały dla każdej kombinacji wysokości lotu i masy samolotu;Najlepszy stosunek sił nośnej do oporu – taki najbardziej ekonomiczny kąt natarcia rośnie wraz z masą samolotu oraz wysokością lotu;Najlepszy stosunek siły oporu do ciągu;Najlepszy stosunek siły nośnej do ciągu
967;PL030-0079;Odnośnie efektu „wpływu ziemi” prawdą jest, że:;Zjawisko zanika na wysokości równej w przybliżeniu rozpiętości samolotu / szybowca i osiągi spadają;Zjawisko znaczne skraca fazę wytrzymania przy lądowaniu;Poprawia się gradient wznoszenia do wysokości 150 m;Wzrasta istotnie prędkość przeciągnięcia
968;PL030-0080;Odnośnie wpływu oblodzenia na osiągi statków powietrznych prawdą jest, że:;Nawet drobne zanieczyszczenie typu „papier ścierny” powierzchni nośnych może mieć niebezpieczny wpływ na osiągi;Lód na górnej powierzchni skrzydeł /łopat wirników jest mniej niebezpieczny niż na dolnej;Głównym czynnikiem wpływającym na osiągi statków powietrznych jest masa osadzającego się na nich lodu;Aby na statku powietrznym pojawiło się oblodzenie mające wpływ na osiągi musi on poruszać się w chmurach
969;PL030-0085;Podczas wykonywania prawidłowego zakrętu z przechyleniem 60 stopni:;Prękość przeciągnięcia wzrosnie o około 40%;Prękość przeciągnięcia spadnie o około 20%;Prękość przeciągnięcia wzrośnie o około 60%;Prędkość przeciągnięcia nie zmienia się w zakręcie
970;PL030-0086;Podczas zakrętu:;Pojawia się siła dośrodkowa i przeciązenie (load factor);Siła ciężkości jest dokładnie równoważona przez siłę nośną;Pojawia się przyspieszenie ujemne;Spada prękość przeciągniecia
971;PL030-0087;Przeciążenie wystepujące w zakręcie (load factor) to:;Całkowita siła nośna dzielona przez ciężar;Ciężar dzielony przez siłę nośną;Ciąg dzielony przez ciężar;Ciężar dzielony przez ciąg
972;PL030-0088;Przy starcie z pasa nachylonego - pod górę – przyspieszenie podczas rozbiegu samolotu będzie ... ,a długość rozbiegu ... :;Mniejsze, wzrośnie;Mniejsze, zmniejszy się;Nie ma różnicy, nie ma wpływu na długość rozbiegu;Większe, zmniejszy się
973;PL030-0089;Przy starcie z pasa o nachyleniu dodatnim – z góry długość rozbiegu samolotu:;Zmniejszy się;Zwiększy się;Nachylenie drogi startowej nie ma wpływu na długość rozbiegu;wszystkie podane odpowiedzi są nieprawdziwe
974;PL030-0090;Pułap praktyczny to wysokość ciśnieniowa, na której:;prędkość wznoszenia statku powietrznego osiąga pewną, określoną przepisami, wartość;prędkość wznoszenia statku powietrznego osiąga zero;prędkość przeciągniecia i krytyczna prędkość Macha statku powietrznego są równe;prędkość statku powietrznego nie pozwala na żadne poziome manewry
975;PL030-0091;Rozbieg z pasa o jakiej nawierzchni będzie najdłuższy:;Wysoka trawa;Niska trawa;Beton;Asfalt
976;PL030-0094;Samolot musi być wyważony ze względu na zachowanie stateczności:;podłużnej;poprzecznej;stayczynej poprzecznej;dynamicznej poprzecznej i podłużnej
977;PL030-0095;Samolot musi być wyważony ze względu na:;Zachowanie stateczności podłużnej;Zachowanie stateczności poprzecznej;Konieczność zachowania równomiernego obciążenia goleni podwozia;Zabezpieczenia przed przekroczeniem krytycznego kąta natarcia we wszystkich stanach lotu
978;PL030-0096;Skutki przeciążenia to między innymi:;Podwyższenie prędkości startu i prędkości bezpiecznych, wydłużenie dystansu do startu i lądowania, zmniejszenie prędkości wznoszenia, możliwość uszkodzeń konstrukcji samolotu;Obniżenie prędkości startu i prędkości bezpiecznych, nie ma zmian w osiągach silników;Obniżenie prędkości startu i prędkości bezpiecznych oraz możliwość uszkodzeń konstrukcji samolotu;Podwyższenie prędkości startu oraz zwiększenie zasięgu i długotrwałości lotu
979;PL030-0104;Użycie (wysunięcie) klap zmniejsza:;Współczynnik sił nośnej do oporu;Opór indukowany;Pole widzenia pilota ze względu na zwiększony kąt natarcia;Ciąg potrzebny do lotu poziomego
980;PL030-0107;W danym samolocie mamy dwa położenia klap: 0 i 10 stopni. Aby uzyskać krótszą długość rozbiegu użyjemy klap:;10;0;Położenie klap nie ma wpływu na długość rozbiegu;wszystkie podane odpowiedzi są nieprawdziwe
981;PL030-0110;W standardowym układzie (klasycznym) środek ciężkości samolotu jest (licząc od przodu):;Przed środkiem aerodynamicznym;Dokładnie w środku aerodynamicznym;Zawsze dokładnie pod środkiem aerodynamicznym;Za środkiem aerodynamicznym
982;PL030-0111;Ważenie samolotu: przednie kółko 1000kg, lewe i prawe koła główne po 5000kg. Odległość między kółkiem przednim i głównymi wynosi 10 m. Ile przed kołami głównego podwozia znajduje się środek masy:;0.91 m;0.75 m;9.1 m;0.81 m
983;PL030-0120;Zjawisko polegajce na oblodzeniu statecznika poziomego:;Może doprowadzić do przeciągniecia statecznika poziomego i wejście samolotu w niekontrolowane nurkowanie;Gdy zaistnieje, wymaga takiego samego działania ze strony pilota – oddania steru od siebie, dodania mocy;Występuje tylko na dużych samolotach pasażerskich;Jest najbardziej niebezpieczne przy dużych prędkościach lotu, kiedy skuteczność sterowania pochyleniem jest największa
984;PL030-0221;Użycie (wysunięcie) klap zmniejsza:;Współczynnik sił nośnej do oporu;Opór indukowany;Pole widzenia pilota ze względu na zwiększony kąt natarcia;Opór kształtu
985;PL030-0222;Szybowiec musi być wyważony ze względu na:;Zachowanie stateczności podłużnej;Zachowanie stateczności poprzecznej;Konieczność zachowania równomiernego obciążenia goleni podwozia;Zabezpieczenia przed przekroczeniem krytycznego kąta natarcia we wszystkich stanach lotu
986;PL030-0223;Szybowiec musi być wyważony ze względu na zachowanie stateczności:;podłużnej;poprzecznej;statycznej poprzecznej;dynamicznej poprzecznej i podłużnej
987;PL030-0224;Przeciążenie wystepujące w zakręcie (load factor) to:;Całkowita siła nośna dzielona przez ciężar;Siła odśrodkowa dzielona przez siłę nośną;Siła odśrodkowa dzielony przez ciężar;żadna z odpowiedzi nie jest prawdziwa
988;PL030-0226;„Wpływ ziemi” to zjawisko polegające na:;Redukcji oporu indukowanego oraz kąta natarcia potrzebnego do lotu poziomego (przy danej prędkości) co jest spowodowanej bliskością ziemii;Znacznym skróceniu fazy wytrzymania przy lądowaniu;Osiąganiu mniejszej doskonałości blisko ziemi;żadna z odpowiedzi nie jest prawdziwa
989;PL030-0227;Przed przygotowaniem balonu do lotu, pilot powinien uwzględnić następujące czynniki:;siłę i kierunek wiatru, dopuszczalny ciężar startowy, wpływ temperatury na ciśnienie gazu, przydatność terenu do lądowania, ograniczenia ruchu lotniczego, niebezpieczne zjawiska atmosferyczne;siłę wiatru, wpływ siły Coriolisa na kierunek lotu, dopuszczalny ciężar startowy, wpływ temperatury na ciśnienie gazu, niebezpieczne zjawiska atmosferyczne;jedynie dopuszczalny ciężar startowy i niebezpieczne zjawiska atmosferyczne;równanie stanu gazu w butlach paliwowych, siłę i kierunek wiatru, niebezpieczne zjawiska atmosferyczne
990;PL030-0228;Ciężar, który może być bezpiecznie uniesiony przez balon głównie zależy od:;Temperatury otaczającego powietrza i wysokości lotu;Prędkości wiatru na wysokości startu;Ciśnienia gazu w butlach;Prędkości wiatru na przewidywanej wysokości lotu
991;PL030-0229;Czy istnieje możliwość, że maksymalny ciężar startowy balonu zostanie przekroczony mimo, że nie zostanie przekroczona dopuszczalna temperatura w powłoce?;Tak, może tak się zdarzyć przy lotach w niskiej temperaturze;Nie istnieje taka możliwość;Jest to możliwe gdy wartość ciśnienia atmosferycznego jest niższa niż 1013 hPa;Jest to możliwe, gdy wartość ciśnienia atmosferycznego jest wyższa niż 1013 hPa
992;PL030-0230;W odniesieniu do wartości ciśnienia zasilającego palnik, należy przestrzegać następujących ograniczeń:;Minimalnego i maksymalnego ciśnienia gazu;Tylko minimalnego ciśnienia gazu;Tylko maksymalnego ciśnienia gazu;Wartość ciśnienia gazu zasilającego palnik nie podlega żadnym ograniczeniom
993;PL030-0231;Wykonanie lotu balonem jest dopuszczalne przy uszkodzeniach:;Nomexu,;Układu paliwowego;Taśm nośnych;palnika
994;PL030-0232;Zapas paliwa (gazu) przy starcie musi uwzględniać:;Osiągnięcie planowanego rejonu lądowania oraz odpowiednią rezerwę na wypadek poszukiwania miejsca odpowiedniego do lądowania;Tylko osiągnięcie planowanego rejonu lądowania, bez konieczności rezerwy na wypadek poszukiwania miejsca odpowiedniego do lądowania;Nalot pilota jako dowódcy, ponieważ powyżej nalotu 500 godzin nie trzeba uwzględniać żadnej rezerwy paliwa;Rezerwę paliwa zapewnia się tylko przy wykonywaniu lotów długodystansowych
995;PL030-0233;Po starcie przy silnym wietrze zza zasłony, należy się spodziewać:;Wypchnięcia z powłoki części gorącego powietrza i odchylenia płomienia palnika;Tylko odchylenia płomienia palnika;Tylko wypchnięcia z powłoki części gorącego powietrza;Nie należy się spodziewać żadnych zjawisk
996;PL030-0234;Gwałtownego uderzenia wiatru w powłokę i wypchnięcia z niej części gorącego powietrza należy się spodziewać:;Przy starcie zza zasłony przy silnym wietrze lub przy występowaniu termiki;Zawsze przy starcie na wysokości większej niż 1000 m. AMSL;Jedynie przy występowaniu chmur Cirrus;Jeśli powłoka balonu ma objętość mniejszą niż 3000 m3
997;PL030-0235;Podczas lotu w niskiej temperaturze otaczającego powietrza należy się spodziewać:;Zmniejszenia wydajności palnika i zwiększenia bezwładności balonu;Zwiększenia wydajności palnika i zmniejszenia bezwładności balonu;Zmniejszenia wydajności palnika i zmniejszenia bezwładności balonu;Zwiększenia bezwładności palnika i zmniejszenia bezwładności balonu
998;PL030-0236;Podczas wznoszenia w warunkach inwersji należy się spodziewać:;Konieczności zwiększenia temperatury w powłoce w większym stopniu niż zwykle;Możliwości zmniejszenia temperatury w powłoce, ponieważ balon w warunkach inwersji wznosi się samoczynnie;Zakłóceń łączności radiowej, i wskazań przyrządów pokładowych;Ruchu obrotowego powłoki spowodowanego siłą Coriolisa
999;PL030-0237;Podczas lotu po stronie zawietrznej przeszkód terenowych należy się spodziewać:;Zawirowań powietrza, powodujących zmianę kierunku i prędkości pionowych lotu;Zawirowań powietrza powodujących tylko zmianę kierunku lotu;Zawirowań powietrza powodujących tylko zmianę prędkości poziomych lotu;Po stronie zawietrznej przeszkód terenowych nie zachodzą żadne istotne zjawiska
1000;PL030-0238;Ciężar startowy musi być w stosunku do maksymalnego ciężaru startowego:;Mniejszy lub równy;Większy;Mniejszy albo większy;Między ciężarem maksymalnym, a ciężarem startowym nie zachodzą żadne zależności
1001;PL030-0239;Opadanie balonu z dużą prędkością może powodować;Spłaszczenie powłoki i wyciśnięcie z niej części gorącego powietrza;Zgaszenie płomieni pilotowych;Niekontrolowane otwarcie klapy spadochronowej;Deformację pierścienia korony
1002;PL030-0240;Wznoszenie balonu z dużą prędkością może spowodować;Niekontrolowane otwarcie klapy spadochronowej;Zgaszenie płomieni pilotowych;Spłaszczenie powłoki i wyciśnięcie z niej części gorącego powietrza;Deformację ramy palnika
1003;PL030-0241;Podczas planowania lotu w pobliżu dużych akwenów i w górach należy również uwzględnić:;Wpływ odpowiednio: bryzy lub wiatru gór i dolin;Zabranie na pokład odpowiednio: płetw lub czekana;Książki sygnałów i kodów stosowanych w Marynarce Wojennej i piechocie górskiej;Nie ma potrzeby uwzględniać w planowaniu jakichkolwiek innych niż zwykle elementów
1004;PL030-0242;Zużycie gazu w czasie lotu balonu wraz ze wzrostem temperatury zewnętrznej;Rośnie;Maleje;Nie zmienia się;Maleje, ale tylko przy temperaturze zewnętrznej wyższej niż 300C
1005;PL030-0243;Warunki meteorologiczne optymalne do lotu balonem występują najczęściej przez:;3 godziny po wschodzie słońca i 2 godziny przed zachodem słońca;1 godzinę przed południem i 1 godzinę po południu;2 godziny po rozpoczęciu formowania się chmur Cumulus;3 godziny przed południem i 3 godziny po południu
1006;PL030-0244;Planowanie lotu tuż przed frontem chłodnym jest:;Nie polecane ze względu na niebezpieczne zjawiska atmosferyczne;Polecane ze względu możliwość uzyskania większego ciężaru startowego;Polecane ze względu na możliwość wykorzystania zmiennych kierunków wiatru;Polecane ze względu na zwiększoną widoczność
1007;PL030-0245;Planowanie lotu wysokościowego balonem pod względem obliczenia udźwigu wymaga:;Posiadania informacji o temperaturze i ciśnieniu atmosferycznym w całym zakresie planowanych wysokości lotu;Posiadania informacji o temperaturze i ciśnieniu atmosferycznym jedynie do wysokości 3000 m;Obliczeń dokonuje się tylko w stosunku do wysokości startu, bo im wyżej tym zimniej, a więc nośność balonu będzie rosła wraz z wysokością;Nie istnieje konieczność obliczania udźwigu, balony produkowane są z wystarczającym współczynnikiem bezpieczeństwa
1008;PL030-0246;Wraz ze wzrostem ciężaru startowego bezwładność balonu:;rośnie;maleje;nie zmienia się;między ciężarem startowym, a bezwładnością balonu nie zachodzi żaden związek
1009;PL030-0247;Wraz ze zmniejszaniem ciężaru startowego bezwładność balonu:;maleje;rośnie;nie zmienia się;między ciężarem startowym, a bezwładnością balonu nie zachodzi żaden związek
1010;PL030-0248;Wykonując lot na niskiej wysokości (np. w procedurze i startu i lądowania) należy uwzględnić między innymi:;Zachowanie takich parametrów lotu, aby nie stwarzać zagrożenia dla osób i ich mienia na ziemi;Większe błędy wskazań przyrządów spowodowane dużą ilością metalu w gospodarstwach rolnych;Zwiększoną wartość przyciągania ziemskiego;Większe błędy wskazań przyrządów spowodowane zwiększonym uchybem paralaksy
1011;PL030-0249;Do obliczenia długości planowanego lotu balonu korzystamy z:;Iloczynu prędkości wiatru i czasu w jakim zużyjemy zabraną ilość gazu w butli (oprócz rezerwy);Sumy prędkości wiatru i czasu w jakim zużyjemy zabraną ilość gazu w butli (oprócz rezerwy);Różnicy prędkości wiatru i czasu w jakim zużyjemy zabraną ilość gazu w butli (oprócz rezerwy);Karty załadowania balonu
1012;PL030-0250;Prędkość lotu balonu zależna jest od:;Prędkości masy powietrza w jakiej znajduje się balon;Sumy kwadratów ciśnienia i wilgotności względnej powietrza;Odchylenia standardowego;Ciężaru startowego balonu
1013;PL030-0251;Rejon lądowania wybrany przed lotem nie powinien:;Stanowić rozległych lasów, miast, akwenów oraz miejsc o utrudnionym dostępie;Znajdować się wyżej niż miejsce lądowania;Znajdować się w pobliżu izogony, o ile jej wartość przekracza 50;Miejsc uczęszczanych przez rowerzystów
1014;PL030-0252;Wyższe położenie miejsca startu balonu nad poziomem morza powoduje:;zmniejszenie dopuszczalnego ciężaru startowego;zwiększenie dopuszczalnego ciężaru startowego;nie ma żadnego wpływu na dopuszczalny ciężar startowy;ma wpływ na dopuszczalny ciężar startowy, ale tylko do wysokości 500 m AMSL
1015;PL030-0253;Lot w inwersji może spowodować:;Przekroczenie dopuszczalnej temperatury powłoki;zmniejszenie ciśnienia gazu w butlach;trudności w użyciu klapy spadochronowej;nie może powodować żadnych skutków dla lotu balonem
1016;PL030-0254;Krzywa załadowania balonu pozwala określić:;dopuszczalny ciężar startowy w zależności od temperatury zewnętrznej, planowanej wysokości lotu i pojemności powłoki;dopuszczalny ciężar startowy w zależności od prędkości wiatru przy ziemi i na planowanej wysokości lotu;ciśnienie gazu w powłoce balonu w zależności od czasu użycia palnika;dopuszczalny ciężar startowy w zależności od temperatury zewnętrznej bez uwzględniania wysokości lotu
1017;PL030-0255;Wpływ termiki na balon w locie:;termika ma wpływ na lot balonu i należy to uwzględniać przy obliczaniu ciężaru startowego;termika nie ma istotnego wpływu na lot balonu;termika ma wpływ na lot balonu, ale nie należy tego uwzględniać przy obliczaniu ciężaru startowego;termika nie ma żadnego wpływu na lot balonu
1018;PL030-0256;Ciężar rozporządzalny (ciężar jakim możemy załadować balon) to:;dopuszczalny (w danych warunkach) ciężar startowy minus ciężar balonu (bez butli paliwowych, wyposażenia i załogi);maksymalny ciężar startowy minus ciężar balonu (bez butli paliwowych, wyposażenia i załogi);suma ciężaru balonu, butli paliwowych, wyposażenia i załogi;iloraz maksymalnego ciężaru startowego i ciężaru balonu minus ciężar załogi i wyposażenia
1019;PL040-0001;Czynnikiem nie wpływającym na występowanie choroby dekompresyjnej jest :;płeć;czas trwania ekspozycji na obniżone ciśnienie atmosferyczne;temperatura;wysokość
1020;PL040-0002;Działanie kanałów półkolistych wynika z :;odchylania rzęsek komórek sensorycznych przez bezwładnościowy ruch endolimfy;oddziaływania przyspieszeń liniowych na komórki nerwu przedsionkowego;odchylania rzęsek komórek sensorycznych przez kryształy węglanu wapnia /otoconia/;odbiorze wibracji przez wyspecjalizowane zakończenia nerwowe
1021;PL040-0003;W lotach wysokościowych uszkodzenie oka typu termicznego związane jest z :;absorbcją energii świetlnej przez siatkówkę i wyzwoleniem energii cieplnej;zmętnieniem ośrodków optycznych;uszkodzeniem aparatu obronnego oka;stanem zapalnym i wybroczynami krwawymi
1022;PL040-0004;„Fizjologiczna próżnia” jest wysokością gdzie ciśnienie atmosferyczne nie obniża się poniżej :;8 mmHg;20-30 mmHg;145 mmHg;47 mmHg
1023;PL040-0005;Adaptacją nazywamy:;zdolność przystosowania się oka do danego oświetlenia;zdolność oka w rozpoznawaniu barw;zdolność przechodzenia promieni przez soczewkę;zdolność przejścia promieni przez ciało szkliste
1024;PL040-0006;Aklimatyzacja ustroju pilota do niskich temperatur otoczenia umożliwia:;utrzymanie stałej temperatury wewnętrznej organizmu, nawet w warunkach wielokrotnego wzrostu utraty ciepła;zmniejszone zapotrzebowanie kaloryczne;nie korzystaniez kombinezonów z ociepleniem;loty wysokościowe bez aparatury tlenowej
1025;PL040-0007;Akomodacja jest spowodowana:;zmianą kształtu soczewki;zmianami w rogówce;zmianami w ciele szklistym;zmianami na dnie oka
1026;PL040-0008;Aktywne słuchanie to:;utrzymywanie odpowiedniego kontaktu wzrokowego i koncentracji uwagi, świadomość postawy ciała oraz gestykulacji, okazywanie empatycznego zrozumienia, przyjęcie akceptującej postawy wobec rozmówcy;budowanie takiego nastawienia w rozmowie, które jest istotne dla mojej sytuacji;dobre przygotowanie merytoryczne i wysłuchiwanie rozmówcy w skupieniu;pełne nastawienie kontaktu na odbiorcę pozbawione elementów mojej aktywności, która mogłaby go zakłócić
1027;PL040-0009;Alkohol jest substancją uzależniającą i psychoaktywną :;oba stwierdzenia są prawdziwe;jest substancją psychoaktywną, ale nie uzależniającą;jest substancją uzależniającą, ale nie psychoaktywną;oba stwierdzenia są fałszywe
1028;PL040-0010;Alkohol jest szybciej wydalany po tłustych posiłkach;zdanie powyższe jest fałszywe, a tłusty posiłek jedynie spowalnia wchłanianie alkoholu do krwi;zdanie jest prawdziwe, aby szybciej pozbyć się alkoholu z krwi należy tłusto zjeść;zdanie jest fałszywe,a tłusty posiłek nie ma wpływu na wchłanianie alkoholu do krwi;zdanie jest prawdziwe, ale wydalanie alkoholu zależy od ilości jedzenia
1029;PL040-0011;Alkohol powoduje obniżoną zdolność wykorzystania tlenu przez komórki mózgu :;teza jest prawdziwa;teza jest fałszywa;teza jest prawdziwa jedynie podczas lotów z użyciem aparatury tlenowej;teza jest fałszywa podczas lotów powyżej 4000 m
1030;PL040-0012;Alkohol spożywany bezpośrednio przed lotem w ilości 100 ml :;jest zabroniony ze względu na upośledzenie wykonywania czynności złożonych;poprawia jakość pilotażu;powoduje lepsze kojarzenie faktów;polepsza krążenie i powoduje lepsze wykorzystanie tlenu przez mózg
1031;PL040-0013;Alkohol spożywany przed lotem :;nawet w małej ilości upośledza zdolność wykonywania czynności złożonych i jakość wykonywania czynności pilota;nie upośledza zdolności wykonywania czynności złożonych i jakości wykonywania czynności pilota;nawet w małej ilości powoduje halucynacje;w małej ilości jest dopuszczalny bezpośrednio i w czasie lotu
1032;PL040-0014;Alkohol wpływa negatywnie na narząd równowagi oraz zaburza pracę narządu wzroku:;oba zdania są prawdziwe;pierwsze zdanie jest prawdziwe, a drugie fałszywe;pierwsze zdanie jest fałszywe, a drugie pwawdziwe;oba zdania są fałszywe
1033;PL040-0015;Asertywność relacjach międzyludzkich to:;zachowanie, w którym potrafimy wyrazić siebie z pełną wiarą we własne możliwości, nie zachowując się biernie , ulegle, czy manipulująco;nastawienie na unikanie konfliktów i postawy uległe;stanowcza i władcza postawa w kontaktach z ludźmi;umiejętność instrumentalnego manipulowania ludźmi
1034;PL040-0016;Automatyzm czynności to:;wyćwiczone czynności poznawcze i ruchowe odbywające się z niewielkimudziałem uwagi i nie podlegające zakłóceniom w czasie wypełniania innychrównoczesnych zadań;czynności wykonywane w czasie transu somnambulicznego;najprostszy sposób wykonywania rutynowych czynności;wyćwiczone czynności poznawcze i ruchowe odbywające się z udziałem woli człowieka w sytuacji stresowej lecz objęte niepamięcią wsteczną
1035;PL040-0017;Automatyzmy to:;dobrze wyćwiczone czynności poznawcze i ruchowe wykonywane bez aktywnego udziału świadomej uwagi;stereotypie ruchowe;ruchy ciała nieświadomie wykonywane w czasie głębokiej fazy snu;koordynacja reakcji i działań w procesie uczenia się nowych czynności
1036;PL040-0018;Badania w KNC mające na celu określenia stopnia oporności u stroju na wpływ niedoboru tlenu wykonuje się rutynowo w ciśnieniu odpowiadającym wysokości:;5500m / połowa strefy niepełnej kompensacji/;8000m strefę śmierci;3000m / połowa strefy pełnej kompensacji/;6000m / próg krytyczny/
1037;PL040-0019;Badanie rutynowe oceniające odporność ustroju na wpływ niedoboru tlenu odbywa się w komorze niskich ciśnień na wysokości :;5000 mnpm;10000 mnpm;8000 m npm;7500 mnpm
1038;PL040-0020;Błąd orientacji w czynnościach pilota to:;niewłaściwy, niepełny lub zdeformowany odbiór informacji związanych z analizą warunków przebiegu lotu;brak angażowania możliwości analitycznych centralnego systemu nerwowego;zaniechanie analizy trasy lotu;nieuważna obserwacja przyrządów pokładowych
1039;PL040-0021;Ból ucha przy zmniejszaniu wysokości może być spowodowany:;niedrożnością trąbki słuchowej po stronie bólu;niedrożnością trąbki słuchowej po stronie przeciwnej do bólu;obustronnie niedrożnymi trąbkami słuchowymi;ciśnienie parcjalne tlenu O2 w przybliżeniu wynosiok. 20% całkowitego ciśnienia atmosferycznego
1040;PL040-0022;Ból zatok obocznych nosa z powodu uwięzienia w nich powietrza może zdarzyć się u pilotów podczas;zmniejszania wysokości oraz znacznie rzadziej podczas zwiększania wysokości;zwiększania wysokości oraz znacznie rzadziej podczas zmniejszania wysokości;lotu poziomego;tak samo często podczas zwiększania i zmniejszania wysokości
1041;PL040-0023;Centralny układ nerwowy składa się z:;mózgowia i rdzenia kręgowego;tylko mózgu;tylko rdzenia kręgowego;narządów zmysłów
1042;PL040-0024;Choroba dekompresyjna jest;chorobą związaną z formowaniem się pęcherzyków gazu we krwi i innych tkankach organizmu z powodu zbyt szybkiej zmiany ciśnienia otaczającego (nagłej dekompresji);związana z dekompresją długo tłumionych emocji;bezpośrednim następstwem zbyt szybkiego oddychania 100% tlenem;stanem nie występującym w lotnictwie, a jedynie podczas nurkowania na znacznej głębokości
1043;PL040-0025;Choroba dekompresyjna jest powodowana przez:;obniżenie ciśnienia otaczającego;wzrost ciśnienia otaczającego;niedobór azotu w powietrzu pęcherzykowym;spadek ciśnienia parcjalnego tlenu
1044;PL040-0026;Choroba dekompresyjna określana jest też jako:;choroba kesonowa;choroba wysokościowa;choroba powietrzna;dysbaryzm
1045;PL040-0027;Choroba dekompresyjna występuje najczęściej od wysokości:;od około 9.000 m npm;od około 5.000 m npm;po przekroczeniu prędkości dźwięku;wysokość nie ma wpływu na jej występowanie
1046;PL040-0028;Choroba powietrzna :;jest synonimem choroby lokomocyjnej w samolocie;jest wywołana brakiem powietrza;jest wywołana nadmiarem powietrza;jest spowodowana spadkiem ciśnienia atmosferycznego
1047;PL040-0029;Choroba powietrzna :;występuje częściej u pasażerów niż u pilotów;występuje częściej u pilotów niż u pasażerów;występuje równie często u pilotów jak i u pasażerów;nie ma znaczenia ani dla pilota ani dla pasażera
1048;PL040-0030;Choroba powietrzna jest to :;choroba spowodowana bodźcami płynącymi z błędników jako wyraz ich nadmiernego pobudzenia;choroba spowodowana niedoborem tlenu w otaczającej atmosferze;choroba wywołana obniżeniem ciśnienia w otaczającej atmosferze;choroba spowodowana przez powstające w ustroju /przy zmianie ciśnienia/ pęcherzyki azotu
1049;PL040-0031;Choroba powietrzną jest reakcją organizmu na niewielkie zmienne przyspieszenie podczas lotu i jest zależna od :;podrażnienie błędnika /narządu przedsionkowego/;podrażnienie ślimaka /narządu słuchu /;narządu wzroku;niedotlenienie mózgu
1050;PL040-0032;Choroba wysokościowa jest:;związana z niedoborem tlenu;związana z powstaniemw ustroju pęcherzyków azotu / zmiany ciśnienia /;związana z zaburzeniami błędnika;synonimem choroby dekompresyjnej
1051;PL040-0034;Chorobą laryngologiczną występującą najczęściej u pilotów i stanowiącą problem lekarski jest:;osłabienie słuchu;przewlekłe zaburzenie barofunkcji;przewlekłe zapalenie zatok przynosowych;zapalenie ucha środkowego
1052;PL040-0035;Chwilowe osłabienie słuchu spowodowane jest przez:;wpływ różnicy ciśnień;wpływ przyśpieszenia;wpływ drgań statku powietrznego;wpływ różnicy temperatur
1053;PL040-0036;Chwilowy, niedostateczny przepływ krwi przez mózg powoduje:;omdlenie;długotrwałą utratę przytomności;śmierć;mdłości
1054;PL040-0037;Ciśnienie atmosferycznena wysokości 8.000 m npm stanowi:;ok. 1/3 ciśnienia na wysokości 0 m;ok. 1/5 ciśnienia na wysokości 0 m;ok. 1/2 ciśnienia na wysokości 0 m;ok. 2/3 ciśnienia na wysokości 0 m
1055;PL040-0038;Ciśnienie parcjalne tlenu O2 w przybliżeniu wynosi;ok. 20% całkowitego ciśnienia atmosferycznego;ok. 80% całkowitego ciśnienia atmosferycznego;ok. 4 % całkowitego ciśnienia atmosferycznego;ok.1% całkowitego ciśnienia atmosferycznego
1056;PL040-0039;Ciśnienie parcjalne tlenu w atmosferze na poziomie morza jest równe:;152 mmHg (ok. 21% ciśnienia powietrza);760 mmHg (ok. 100% ciśnienia powietrza);380 mmHg (ok.50% ciśnienia powietrza);570 mmHg (ok. 75% ciśnienia powietrza)
1057;PL040-0040;Ciśnienie parcjalne tlenu w pęcherzyku płucnym w stosunku do ciśnienia parcjalnego tlenu w powietrzu na danej wysokości jest:;niższe;wyższe;takie samo;wyższe lub niższew zależności od temperatury powietrza
1058;PL040-0041;Co określa uwarunkowania odporności psychicznej człowieka ?;typ temperamentu, typ strategii zachowania i reakcji emocjonalnej w sytuacjach trudnych, dojrzałość osobowości;dobre funkcjonowanie przy wzroście poziomu aktywacji;głównie cechy związane z doświadczeniem życiowym nabyte i wyuczone społecznie przez jednostkę;cechy w większości uwarunkowane dziedzicznie
1059;PL040-0042;Co oznacza pojęcie „stres lotu”?;ważny aspekt początkowego szkolenia lotniczego: ogół sytuacji występującychw warunkach rzeczywistego lotu związanych z napięciem emocjonalnym pilota oraz czynnikami działającymi ze strony środowiska: przyspieszenie, hałas, wibracje, różnice temperatury i ciśnienia;określenie stanu niepewności, niepokoju i lęku u początkującego pilota;określa stan obniżonego nastroju u pilota w sytuacji przemęczenia pracą;określa niechęć do podejmowania obowiązków pilotowania statku powietrznego ściśle związaną z zespołem wypalenia zawodowego
1060;PL040-0043;Częste zaburzenia zdrowia psychicznego związane z pracą pilotów to:;zaburzenia z kręgu zaburzeń nerwicowych;zaburzenia o charakterze depresyjnym;zaburzenia o charakterze psychotycznym;zaburzenia związane z procesami adaptacji społecznej
1061;PL040-0044;Człowiek gorzej toleruje przeciążenia wzdłuż długiej osi ciała :;ujemne;dodatnie;toleruje je tak samo;nie toleruje prawie zupełnie ani jednych ani drugich
1062;PL040-0045;Człowiek lepiej toleruje przeciążenia wzdłuż długiej osi ciała :;dodatnie;ujemne;toleruje je tak samo;nie toleruje prawie zupełnie ani jednych ani drugich
1063;PL040-0046;Człowiek wykazuje największą wytrzymałość na przeciążenie działające w kierunku:;plecy – klatka piersiowa / Gx + /;bok do boku/ Gy-+ /;kończyny dolne - głowa /Gz - /;głowa – kończyny dolne / Gz + /
1064;PL040-0047;Czy prawidłowa samoocena oraz stopień samoakceptacji ma znaczenie w pracy pilota?;korzystna jest adekwatna samoocena i wysoki stopień samoakceptacji;korzystny jest niski poziom samooceny i akceptacji siebie gdyż ułatwia to relacje międzyludzkie;te aspekty psychologiczne nie mają znaczenia;tak, ale w głównej mierze zależy to od sytuacji
1065;PL040-0048;Czynny pilot podczas wizyty u lekarza, który proponuje mu leki przeciwdepresyjne, powinien:;skontaktować się z odpowiednim centrum medycyny lotniczej celem weryfikacji stanu zdrowia;zacząć je zażywać i latać dalej;nigdy ich nie zażywać;zażywać je w mniejszej dawce niż zalecane
1066;PL040-0049;Czynny pilot podczas wizyty u lekarza, który proponuje mu leki recepturowe powinien:;poinformować go o wykonywanych czynnościach pilota, a w razie wątpliwości poprosić o kontakt ze specjalistą medycyny lotniczej;nie informować go o wykonywaniu czynności pilota, a jedynie przeczytać ulotkę leku;nie informować go o wykonywaniu czynności pilota, a jedynie ściśle przestrzegać zaleconego dawkowania;odmówić przyjmowania ich całkowicie
1067;PL040-0050;Czynny pilot podczas wizyty u lekarza, który proponuje mu leki uspokajające, powinien:;skontaktować się z odpowiednim centrum medycyny lotniczej celem weryfikacji stanu zdrowia;zacząć je zażywać i latać dalej;nigdy ich nie zażywać;zażywać je w mniejszej dawce niż zalecane
1068;PL040-0051;Czynny pilot, który stosuje leki działające na ośrodkowy układ nerwowy:;łamie prawo i naraża siebie i innych na niebezpieczeństwo;łamie prawo unijne, ale nie polskie;nie łamie prawa;nie łamie prawa o ile przyjmuje je według zaleceń psychiatry
1069;PL040-0052;Czynny pilot, który stosuje leki musi upewnić się u swojego lekarza lub specjalisty medycyny lotniczej, że nie są one przeciwwskazane podczas pilotażu:;zawsze prawda;zawsze fałsz;prawda tylko dla pilotów liniowych;prawda tylko dla skoczków spadochronowych
1070;PL040-0053;Dekompresja jest zjawiskiem fizycznym polegającym na:;zmianie ciśnienia z wysokiego do niskiego;zmianie ciśnienia z niskiego do wysokiego;jonizacja powietrza w kabinie samolotu;obniżeniu zawartości tlenu we wdychanym powietrzu
1071;PL040-0054;Dezorientacja przestrzenna w lotnictwie oznacza :;zaburzenie prawidłowej oceny rzeczywistej, pozycji pilota i samolotu w przestrzeni oraz względem powierzchni ziemi;niepewność co do prawidłowego kursu samolotu;zagubienie mapy lotu;błąd urządzenia GPS
1072;PL040-0055;Dlaczego organizm człowieka może bytować w temperaturze wyższej niż temperatura ciała?;ponieważ chłodzenie ciała odbywa się przez parowanie potu;picie zimnych płynów pomaga zachować normalną temperaturę ciała;silne wydzielanie potu pozwala zachować normalną temperaturę;nie można egzystować w temperaturze wyższej niż temperatura ciała
1073;PL040-0056;Do głównych zadań układu krążenia należy:;transport tlenu i dwutlenku węgla, substratów i zbędnych produktów metabolizmu oraz dystrybucja energii cieplnej w ciele;transport tlenu i dwutlenku węgla, substratów metabolizmu, utrzymanie ciepłoty ciała oraz funkcja trawienna;jedynie transport tlenu;jedynie transport substratów metabolizmu
1074;PL040-0057;Do jakiej ostrości wzroku może pilot wykonywać loty bez szkieł korekcyjnych :;0,7;0,9;0,8;0,6
1075;PL040-0059;Do objawów choroby dekompresyjnej należą:;bóle stawów, bóle zamostkowe, uczucie mrowienia, świąd skóry;dolegliwości ze strony ucha środkowego;bóle głowy, mroczki przed oczami, nudności, wymioty;bóle okolicy lędźwiowo-krzyżowej promieniujące do kończyn dolnych
1076;PL040-0060;Do przegrzania organizmu w warunkach wysokiej temperatury otoczenia predysponuje :;otyłość, zmniejszona podaż płynów;zwiększona podaż płynów i niska wilgotność otoczenia;zmniejszona aktywność ruchowa;niska wilgotność otoczenia
1077;PL040-0062;Dolegliwości ze strony ucha środkowego występuje najczęściej podczas:;zniżania samolotu;startu;lotu poziomego;wznoszenia z dużą prędkością
1078;PL040-0063;Ebulizacja oznacza:;wrzenie płynów ustrojowych na wysokości 19.200m bez wyposażenia pilota w wysokościowy ubiór kompensacyjny;oddychanie czystym tlenem przed lotem wysokościowym;odwodnianie organizmu pilota przed lotem;wzrost ciśnienia w tętnicy płucnej
1079;PL040-0064;Efektywność czynności wykonawczych pilota jest przede wszystkim uzależniona od:;dokładności i trwałości ukształtowanych w procesie szkolenia schematówdziałania poprzez systematyczne i coraz bardziej skomplikowane ćwiczenia;wysokiego poziomu prędkości reakcji prostej (refleksu) właściwej pilotowi;głównie od dobrej koordynacji ruchów pilota;dobrej kontroli wzrokowej nośników informacji dotyczącej przebiegu lotu wewnątrz kabiny
1080;PL040-0065;Fałszywy horyzont jest :;złudzeniem wzrokowym wynikiem przyjęcia przez pilota poziomu np. ciemnych chmur za linię horyzontu właściwego;źle oznaczonym instrumentem pokładowym;niesprawnym instrumentem pokładowym;właściwym horyzontem poza polem widzenia pilota
1081;PL040-0066;Fizjologiczna akcja serca u zdrowego człowieka o przeciętnej wydolności fizycznej wynosi:;55-75 skurczów/min;90-110 skurczów/min;powyżej 120 skurczów/min;40-50 skurczów/min
1082;PL040-0067;Fizjologiczna częstość oddechów na minutę u człowieka wynosi:;14-16;8-10;5-7;20-30
1083;PL040-0068;Fizjologiczny proces utraty zdolności okomodacyjnych oka to :;starczowzroczność;skurcz okomodacji;krótkowzroczność;nadwzroczność
1084;PL040-0069;Fotodysocjacja tlenu cząstkowego /O2/ w atmosferze prowadzi do :;powstania tlenu atomowego i ozonu;pochłaniania;ultrafioletowego promieniowania słońca;mieszania składników każdej części powietrza
1085;PL040-0070;Funkcje integracyjne człowieka w układzie sterowania pilot – statek powietrzny obejmują podstawowe procesy :;intelektualne, emocjonalno- motywacyjne, orientacji i wykonawcze;złożone procesy myślowe analizy i syntezy;antycypacji, czyli przewidywania biegu wydarzeń;decyzyjne w sytuacji wyboru – gdy występuje możliwość pojawienia się więcej niż jednej reakcji w danym zadaniu
1086;PL040-0071;Generalizacja bodźca ma miejsce gdy :;podobne bodźce wywołują tę samą reakcję – niesie rozszerzenie reakcji warunkowej;zupełnie różne bodźce wywołują tę samą reakcję;następuje uwarunkowanie typu lękowego po jednorazowym zestawieniu bodźca obojętnego z traumatycznym;reakcja zależności typu : bodziec – reakcja w miarę upływu czasu przestaje zachodzić
1087;PL040-0072;Główną przyczyną upośledzenia słuchu w lotnictwie jest:;ultradźwięki, hałas;ultradźwięki, wysoka temperatura;światło, wibracja;obniżone ciśnienie, światło
1088;PL040-0073;Hiperwentylację definiuje się jako:;wentylację z liczbą większą niż 30 na minutę;wentylacje objętościową oddechową większą niż 800 ml;uzyskanie saturacji większej niż 95%;uzyskanie stężenia dwutlenku węgla mniejszego niż 35 mm Hg
1089;PL040-0074;Iluzje /złudzenia/ u osób pilotujących statki powietrzne to:;zniekształcona lub błędna percepcja bodźców i wrażeń wzrokowych niezgodnych z informacjami pochodzącymi z innych źródeł powodująca niewłaściwą interpretację rzeczywistych warunków lotu;zmiany obserwowanego obrazu związane z niemożnością odpowiedniej akomodacji wzroku;epizodyczne halucynacje jako reakcja na podprogowe działanie bodźców;błędy percepcji wzrokowej występujące tylko w lotach nocnych
1090;PL040-0075;Jaka jest najczęstsza przyczyna pourazowej śmierci „do uniknięcia” u dorosłego pacjenta po doznanym urazie?;niedrożność dróg oddechowych;tamponada osierdzia;wstrząs krwotoczny;uraz kręgosłupa
1091;PL040-0076;Jaka tkanka nerwowa jest najbardziej wrażliwa na niedotlenienie wysokościowe:;istota szara mózgu;istota biała mózgu;synapsy i neurony;rdzeń kręgowy
1092;PL040-0077;Jaki jest wpływ silnego stresu sytuacyjnego na elastyczność ludzkich zachowań?;pogarsza elastyczność z tendencją do zawężenia repertuaru zachowań;nie ma wpływu;kreatywnie bardzo poszerza możliwości działania;całkowicie dezintegruje działanie
1093;PL040-0078;Jakie czynniki wpływają na odczuwanie temperatury efektywnej?;temperatura otoczenia, wilgotność względna i ruch powietrza;temperatura otoczenia i wilgotność bezwzględna;temperatura otoczenia i ruch powietrza;ruch powietrza i wilgotność bezwzględna
1094;PL040-0079;Jakie jest najpoważniejsze wczesne powikłanie porażenia prądem elektrycznym:;zaburzenia rytmu serca;uraz kręgosłupa szyjnego;wstrząs hipowolemiczny;niewydolność nerek
1095;PL040-0081;Jaskra to schorzenie powodujące :;wzmożone ciśnienie śródgałkowe;wzmożenie ciśnienia śródczaszkowego;wyrównanie ciśnienia w uchu środkowym;bóle oczu przy zmianie ciśnienia atmosferycznego
1096;PL040-0084;Komunikacja niewerbalna czyli tzw. „mowa ciała” to:;podlegająca kontroli komunikacja bezsłowna oparta na przekazie informacjizawartych w gestach, pozach, mimice i innych zewnętrznie obserwowalnych formach zachowań ludzkich;wygląd zewnętrzny człowieka i jego komunikatywność;siła, barwa i tembr głosu oraz intonacja w przekazie werbalnym;głęboko ukryte, niewypowiedziane myśli i pragnienia człowieka
1097;PL040-0085;Komunikacja werbalna to:;proces mówienia – słuchania – zadawania pytań – rozumienia wypowiedzi;umiejętność rozumienia mowy i wielowymiarowego znaczenia słów;sposób komunikowania się zorganizowanych społeczeństw istot żywych;sygnały związane z mową ciała w połączeniu z wypowiedzianym tekstem
1098;PL040-0086;Koncentracja uwagi to:;stopień intensywności skupienia procesów poznawczych człowieka na określonym zadaniu, jego miarą jest siła bodźca potrzebna do oderwania uwagi od tego zadania;zintegrowane rozpoznawanie pojedynczych cech przedmiotów lub zjawisk w celu ich selekcjonowania;umiejętność analizy informacji ignorowanych poza polem świadomości;zinterioryzowany, ukierunkowany i kreatywny odbiór wrażeń w spostrzeganiu na bazie informacji powstałych z pobudzeń receptorów zmysłów w stanie wyciszenia emocjonalnego
1099;PL040-0087;Konieczność reanimacji poszkodowanego (sztucznego oddychania i masażu serca) występuje zawsze gdy:;poszkodowany nie oddycha samodzielnie i nie ma własnego tętna;poszkodowany nie oddycha samodzielnie, ale ma własne tętno;poszkodowany oddycha i ma własne tętno, ale jest nienaturalnie blady;poszkodowany jest nieprzytomny
1100;PL040-0088;Krwawienie z przedramienia może być chwilowo zatamowane przez :;doraźny ucisk na tętnicę ramienną np. palcami rąk w połowie długości ramienia po jego stronie wewnętrznej;doraźny ucisk na tętnicę promieniową (uciśnięcie nadgarstka);doraźny ucisk na tętnicę udową;doraźny ucisk na tętnicę szyjną (uciśnięcie bocznej części szyi)
1101;PL040-0089;Krwawienie z tętnicy charakteryzuje się :;zazwyczaj większą intensywnościąi wypływaniem jasnoczerwonej krwi zgodnie z falami tętna;zazwyczaj większą intensywnością i wypływaniem ciemnoczerwonej krwi;małą intensywnościąi wypływaniem ciemnoczerwonej krwi;małą intensywnością niezależnie od zabarwienia krwi
1102;PL040-0090;Która z wymienionych metod unieruchamiania odcinka szyjnego kręgosłupa jest najłatwiejsza w zastosowaniu i najbardziej dostępna?;sztywny kołnierz szyjny;zrolowane ręczniki lub koce;worki piasku;stabilizacja głowy rękami i nogami ratownika
1103;PL040-0091;Które z niżej wymienionych zaburzeń wzrokowych wyprzedza bezpośrednio utratę świadomości podczas narastających przeciążeń Gz +:;utrata pola widzenia;widzenie lunetowate;poszarzenie całego pola widzenia;zaburzenia ostrości wzroku
1104;PL040-0092;Które z poniższych jest najczęstszą przyczyną zatrzymania krążenia u pacjenta po doznanym urazie?;niedotlenienie;uraz mózgu;stłuczenie serca;komorowe zaburzenia rytmu
1105;PL040-0093;Które z uwarunkowań osobowościowych są najkorzystniejsze dla pozytywnego przebiegu szkolenia i pracy pilota:;ekstrawersja lub ambiwersja, wysoki stopień odporności emocjonalnej, wysokistopień ogólnych zdolności poznawczych;bardzo małe zapotrzebowanie na stymulację zewnętrzną, introwersja, dobry poziom funkcjonowania intelektualnego;dobra pamięć i koncentracja uwagi, osobowość dobrze funkcjonująca społecznie;osobowość introwertywna o dużej wrażliwości emocjonalnej z dobrymi umiejętnościami współpracy z ludźmi w zespole
1106;PL040-0094;Który element lotu wiąże się z największym obciążeniem psychicznym dla pilota?;lądowanie;start;lot akrobacyjny;lot IFR
1107;PL040-0095;Który odcinek kręgosłupa jest najbardziej narażony na obrażenia w wypadku samochodowym w przypadku uderzenia od tyłu?;szyjny;piersiowy;lędźwiowy;krzyżowo-ogonowy
1108;PL040-0096;Który z kierunków działania przyspieszenia jest najgorzej tolerowany:;Gz –działanie wzdłuż kręgosłupa w kierunku głowy;+Gxdziałanie wzdłuż kręgosłupa w kierunkupleców, mostka;+Gzdziałanie wzdłuż kręgosłupa w kierunku kończyn dolnych;+Gydziałanie wzdłuż kręgosłupa w kierunku kończyn górnych
1109;PL040-0097;Który z kierunków przelotu jest najbardziej niekorzystny z punktu widzenia chronobiologii:;zachód – wschód;północ – południe;wschód – zachód;południe – północ
1110;PL040-0098;Latanie wkrótce po nurkowaniu jest niewskazane z powodu;zwiększonego narażenia na chorobę dekompresyjną;zwiększonego narażenia na niedotlenienie;zwiększonego narażenia na wystąpienie udaru cieplnego;zwiększonego narażeniem na wystąpienie złudzeń wzrokowych
1111;PL040-0099;Leki nasenne mogą mieć przedłużone działanie i mieć wpływ na pogorszenie czynności pilota :;prawda;fałsz;prawda jedynie w przypadku pilotów liniowych;prawda jedynie w przypadku pilotów akrobacyjnych
1112;PL040-0100;Leki stosowane w terapii nadciśnienia w lotnictwie mogą być stosowane:;jeśli nadciśnienie jest ustabilizowane, a przyjmowany jest jedynie jeden rodzaj leku;jeśli nadciśnienie jest ustabilizowane, a przyjmowane są jedynie dwa rodzaje leku;jeśli przyjmowane leki działają na mózg;jeśli przyjmowane leki nie są przyjmowane doustnie
1113;PL040-0101;Leki uspokajające (anksjolityki) mogą być dopuszczone u pilotów :;nigdy;zawsze;jedynie w przypadku pilotów akrobacyjnych;jedynie w przypadku pilotów liniowych
1114;PL040-0102;Leki zabronione w lotnictwie posiadają dłuższy lub krótszy okres karencji, która oznacza, że:;od ostatniego podania leku do momentu jego eliminacji z organizmu działania niepożądane leku są wciąż możliwe i pilot powinien powstrzymać się od lotów w tym okresie;nie ma potrzeby powstrzymywania się od lotów po ostatniej dawce leku;należy spożyć inny lek, który zniweluje działania uboczne poprzedniego;należy osłabić działanie ostatniej dawki leku przyjmując ją w czasie posiłku
1115;PL040-0103;Leki, które są przeciwwskazane w przy operowaniu maszynami (np. prowadzeniu samochodu) :;są zawsze zakazane w lotnictwie;nie są przeciwwskazane w lotnictwie sportowym;nie są przeciwwskazane u pilotów liniowych;są zakazane jedynie u pilotów liniowych
1116;PL040-0104;Łączenie spożycia alkoholu etylowego oraz jego oddziaływania z wykonywaniem lotów stanowi bardzo ryzykowną figurę zwana „ śmiertelna pętlą” ponieważ:;wywołuje niekorzystne skutki przede wszystkimw ośrodkowym układzie nerwowym, narządzie wzroku, narządzie równowagi /błędnik/;zwiększa tolerancję przyspieszeń Gz +;zwiększa sprawność psychomotoryczną pilota;skraca czas reakcji wzrokowo - ruchowej
1117;PL040-0105;Metabolizm alkoholu odbywa się:;w wątrobie i jest w przybliżeniu stały w czasie;w wątrobie i jest coraz szybszy ze wzrostem ilości wypitego alkoholu;w nerkach i jest stały w czasie;w mózgu i jest stały w czasie
1118;PL040-0106;Meteoryzm wysokościowy jest to:;ból brzucha spowodowany rozprężaniem się gazów w jelitach w związku ze zmianą wysokości;bóle zatok spowodowane rozprężaniem się gazów w zatokach w związku ze zmianą wysokości;ból w uszach spowodowany rozprężaniem się gazów w uchu środkowym w związku ze zmianą wysokości;ból zęba spowodowany rozprężaniem się gazóww kanale zębowym w związku ze zmianą wysokości
1119;PL040-0110;Model kolejnych faz psychologicznej reakcji na stres to:;mobilizacja – rozstrojenie – destrukcja;destrukcja – rozstrojenie – mobilizacja;rozstrojenie – destrukcja mobilizacja;rozstrojenie- stabilność emocjonalna – mobilizacja
1120;PL040-0111;Na układ optyczny oka składają się :;rogówka, komora przednia, soczewka, ciało szkliste;rogówka, soczewka, nerw wzrokowy;rogówka, spojówka, siatkówka;twardówka, rogówka, soczewka
1121;PL040-0113;Nagły ból zęba podczas lotu może być spowodowany;pęcherzykiem powietrza pod wypełnieniem (plombą) i występuje przy wznoszeniu;pęcherzykiem powietrza pod wypełnieniem (plombą) i występuje przy zmniejszaniu wysokości;pęcherzykiem powietrza pod wypełnieniem i występuje zarówno przy wznoszeniu i zmniejszaniu wysokości;lotem bez zmiany wysokości
1122;PL040-0114;Nagły ból zęba w czasie lotu jest spowodowany:;działaniem różnicy ciśnień;wibracjami spowodowanymi przez statek powietrzny;nieprawidłową higieną jamy ustnej;obniżoną temperaturą środowiska zewnętrznego
1123;PL040-0115;Najbardziej powszechnym czynnikiem mającym wpływ na utratę orientacji przestrzennej pilota jest:;pogorszenie dobrej widoczności na zewnątrz samolotu;patologia układu przedsionkowego;iluzje związane z ruchem w obwodowym polu widzenia;obroty z dużą szybkością
1124;PL040-0116;Najbardziej uchwytnym miernikiem napięcia psychicznego pilota jest:;częstość skurczów serca;spadek ciśnienia tętniczego krwi;spadek poziomu adrenaliny w surowicy krwi;zwężenie źrenic
1125;PL040-0117;Najodpowiedniejsz ą z wymienionych poniżej metodą zapobiegania lotniczej chorobie lokomocyjnej u pilotów jest :;trening desensytyzacyjny;podawanie leków antychololinoalergicz nych /Scopolamina/;podawanie leków antyhistaminowych /Meclizyna, Dimenhydrant/;zastosowanie nadciśnienia oddechowego
1126;PL040-0118;Najważniejszym czynnikiem wpływającym na nieprzystosowanie zdrowotne pilotów jest :;indywidualne różnice w wydolności funkcjonalnej wynikające z cech struktury osobowości;zbyt racjonalne i trafne szacowanie ryzyka;niezaspokojenie potrzeb wyższych związanych z poziomem aspiracji;zaburzenia zachowania związane z funkcjonowaniem społecznym
1127;PL040-0119;Najważniejszym i najbardziej złożonym systemem percepcyjnym człowieka jest:;wzrok;słuch;powonienie;analiza organoleptyczna
1128;PL040-0120;Najważniejszym źródłem informacji pozwalającym na utrzymanie orientacji przestrzennej podczas lotu bez widzialności ziemi (IR) jest:;narząd wzroku;narząd słuchu i równowagi;mięśnie szkieletowei stawy;układ oddechowy
1129;PL040-0121;Najwcześniej odczuwalnymi najbardziej niekorzystnym skutkiem przeciążeń działających wzdłuż długiej osi ciała na organizm człowieka jest:;zaburzenie krążenia krwi pomiędzy sercem a mózgiem;zaburzenie przepływu krwi w jelitach;zaburzenie pracy płuc;drżenia mięśniowe
1130;PL040-0122;Narkotyki z grupy kanabinoli to:;marihuana i haszysz;grzyby halucynogenne;pejotl;opium i heroina
1131;PL040-0123;Narząd słuchu składa się:;z ucha zewnętrznego, środkowego i wewnętrznego;jedynie z ucha wewnętrznego;jedynie z ucha środkowego;jedynie z kanałów półkolistych
1132;PL040-0124;Narządami związanymi z równowagą ciała człowieka są:;narząd wzroku, narząd przedsionkowy (błędnik) oraz mięśnie szkieletowe;narząd wzroku;narząd przedsionkowy /błędnik /;ucho środkowe
1133;PL040-0125;Narządy zmysłów:;odbierają bodźce zewnętrzne i przekazują je do centralnego układu nerwowego;odbierają bodźce zewnętrzne i analizują je samodzielnie;odbierają bodźce zewnętrzne i przekazują je jedynie do autonomicznego układu nerwowego;nie odbierają bodźców zewnętrznych, a tylko wewnętrzne (z organizmu)
1134;PL040-0126;Neurotyczność to:;stała cecha osobowości charakteryzująca się dużą chwiejnością nastroju, drażliwością, pobudliwością, tendencją do intensywnegoi długotrwałego przeżywania negatywnych emocji;stała cecha osobowości związana z zaniżoną samooceną;cecha ludzi powolnych, flegmatycznych, działających z rozwagą;określenie rodzaju wrodzonego typu temperamentu człowieka
1135;PL040-0127;Niedotlenienie jest bardzo niebezpieczne w czasie lotu gdyż:;może przebiegać bez wyraźnych objawów lub wywoływać uczucie euforii;trwale uszkadza serce;trwale uszkadza słuch;rozpoczyna się utratą świadomości
1136;PL040-0128;Niedotlenienie na dużej wysokości we wczesnej fazie może objawiać się:;nadmierną wesołościąi brakiem koordynacji ruchów;utratą przytomności;agresją;zwolnioną częstością oddechu
1137;PL040-0129;Niedotlenienie organizmu w pierwszej kolejności upośledza sprawność układu:;nerwowego;oddechowego;sercowo- naczyniowego;mięśniowo- szkieletowego
1138;PL040-0130;Niedotlenieniem z niedoboru tlenu nazywamy stan niedostatecznego zaopatrzenia w tlen tkanek organizmu z powodu:;zmniejszenia się ilości tlenu docierającego do pęcherzyków płucnych;zmniejszenia się zdolności krwi do transportu tlenu;braku możliwości zużycia tlenuw tkankach;nadużywania alkoholu i narkotyków
1139;PL040-0131;Niedrożny przewód słuchowy przy zmniejszaniu wysokości może oprócz bólu ucha powodować;zawroty głowy;ból zęba;ból oka;ból brzucha
1140;PL040-0132;Niektóre leki sprzedawane bez recepty mogą być przeciwwskazane podczas wykonywania czynności pilota :;prawda;fałsz;prawda jedynie w przypadku pilotów liniowych;prawda jedynie w przypadku pilotów akrobacyjnych
1141;PL040-0133;Nieżyt górnych dróg oddechowych /potocznie „katar”/ utrudnia:;wyrównywanie ciśnienia w uchu środkowym;dobre widzenie;rozróżnianie barw;prawidłową koordynację ruchów
1142;PL040-0134;O uszkodzeniu rdzenia kręgowego najprawdopodobni ej świadczą:;brak czucia w kończynach, niemożność poruszenia nimi, mimowolne oddanie moczu i stolca;nienaturalne położenie kończyny, pieczenie w okolicy kręgosłupa;niemożność wydania z siebie głosu i widzenie lunetowate;utrata przytomności
1143;PL040-0135;O występowaniu dezorientacji przestrzennej można powiedzieć w :;sytuacji, w której pilot ma fałszywe odczucie lotu poziomego podczas wykonywania zakrętu;sytuacji, w której pilot nie wie nad jakim terenem przelatuje;sytuacji, w której pilot nie zna kursu do lotniska docelowego;sytuacji , w której pilot nie może nawiązać łączności z kontrolerem lotów
1144;PL040-0137;Objawy deficytu snu w zakresie sprawności psychofizycznej to:;ogólne pogorszenie sprawności psychicznej, zaburzenia uwagi i logicznegorozumowania, spowolnienie reakcji, upośledzenie procesu przyjmowania i przetwarzania bodźców zewnętrznych;obniżony refleks, uczucie senności, częste zaburzenia w powtarzaniu słów podpostacią parafazji semantycznych;nadpobudliwość nerwowa, pobudzenie psychomotoryczne, zaburzenia pamięci;mała komunikatywność, cechy rozkojarzenia myślenia, pojawiają się zafałszowania urojeniowe pamięci
1145;PL040-0138;Objawy niedotlenienia organizmu w warunkach obniżonego ciśnienia cząsteczkowego są nazywane:;głodem tlenowym;chorobą lokomocyjną;chorobą kesonową;tachykardią
1146;PL040-0139;Objawy świadczące o możliwości powstania złamania kości kończyny obejmują :;ból, obrzęk, zmianę obrysu kończyny, nienaturalne jej ułożenie lub też otwartą ranę z wystającą kością;ból i obrzęk sąsiedniego stawu;ból i obrzęk stawu bliżej tułowia;ból i obrzęk dwóch sąsiednich stawów
1147;PL040-0140;Objawy wzrokowe podczas narastania przeciążenia Gz + zależą od :;niedotlenienia ośrodkowego układu nerwowego;spadku wysycenia krwi tlenem;wzrostu CO2;spadku ciśnienia śródgałkowego
1148;PL040-0141;"Objawy zespołu odstawiennego (popularnego ""kaca"") mogą być równie groźne podczas lotu jak sam stan upojenia alkoholowego :";teza jest prawdziwa;teza jest fałszywa;teza jest prawdziwa jedynie podczas lotów z użyciem aparatury tlenowej;teza jest fałszywa podczas lotów powyżej 4000 m
1149;PL040-0142;Obniżone ciśnienie atmosferyczne powoduje:;rozszerzenie gazów w jamach ciała;nie powoduje żadnych zmian;sprężanie gazów w jamach ciała;utrudnia wychodzenie gazów z jam ciała
1150;PL040-0143;Obwodowy układ nerwowy składa się z:;nerwów obwodowych czaszkowych i rdzeniowych;rdzenia kręgowego;mózgu;mózgu i rdzenia kręgowego
1151;PL040-0145;Oddychanie wewnętrzne jest wymianą gazów pomiędzy krwią, a komórkami ustroju i polega na dyfuzji przez błonę komórkową :;tlenu /O2/ z krwi do komórki;dwutlenku węgla /CO2/ z krwi do komórki;procesem dyfuzji objęty jest tylko tlen /O2/;procesem dyfuzji objęty jest tylko dwutlenek węgla /CO2/
1152;PL040-0146;Oddychanie zewnętrzne – wdech i wydech - polega na wymianie gazów pomiędzy atmosferą pęcherzyków płucnych, a ustrojem człowieka i polega na dyfuzji przez barierę pęcherzykowo – naczyniową:;tlenu /O2/ do krwi, a z krwi do atmosfery dwutlenku węgla /CO2/;dwutlenku węgla /CO2/ do krwi, a z krwi do atmosfery tlenu /O2/;dyfuzja dotyczy tylko tlenu /O2/;dyfuzja dotyczy tylko dwutlenku węgla /CO2/
1153;PL040-0147;Oddychanie zewnętrzne jest wymianą gazową między:;płucami a otaczającą atmosferą;jamą nosową a otaczającą atmosferą;tchawicą a otaczającą atmosferą;krtanią a otaczającą atmosferą
1154;PL040-0148;Odporność na stres jest:;cechą osobowości, podlegającą modyfikacji;cechą nabytą we wczesnym dzieciństwie;cechą wrodzoną;efektem wysokiego poziomu motywacji
1155;PL040-0149;Odruchem warunkowym jest:;naciśnięcie na hamulec przy czerwonym świetle;zwężenie źrenicy na światło;zwiększona potliwość w sytuacji stresowej;cofnięcie ręki przy zetknięciu z gorącą blachą
1156;PL040-0150;Oko ludzkie zdolne jest do rozróżniania ok.160 odcieni barw, które są mieszaniną trzech podstawowych tj. :;czerwonej, zielonej, niebieskiej;czerwonej, zielonej, żółtej;czerwonej, żółtej, niebieskiej;żółtej, zielonej, niebieskiej
1157;PL040-0151;Okres karencji w stosowaniu leków, wpływających na sprawność psychofizyczną pilota obejmuje czas:;od podania ostatniej dawki do podjęcia pracy w powietrzu;od pierwszego podania leku do momentu ustąpienia objawów chorobowych;od pierwszego podania leku do podania ostatniej dawki;od podania leku do jego pełnego wchłonięcia z przewodu pokarmowego
1158;PL040-0152;Osobę, u której podejrzewamy złamanie kręgosłupa, oraz stwierdzamy zatrzymanie krążenia i oddechu własnego :;należy reanimować na twardym podłożu, z powodu bezpośredniego zagrożenia życia;nie reanimować nawet na twardym podłożu z powodu zagrożenia uszkodzeniem rdzenia kręgowego;nie reanimować z powodu zagrożenia życia;reanimować z powodu zagrożenia uszkodzenia kręgowego
1159;PL040-0153;Osobowość to:;względnie stała i trwała organizacja cech temperamentu, intelektu, charakteru,oraz konstytucji fizycznej człowieka determinująca specyficzny sposób przystosowania się jednostki do otoczenia;system postaw i wartości człowieka;struktura psychicznych dyspozycji do określonych zachowań i gotowości reagowania na bodźce środowiskowe;grupa skorelowanych cech danej osoby ulegająca płynnymi znacznym zmianom w ciągu całego życia i nabywania doświadczeń
1160;PL040-0154;Ostrość wzroku badamy przy pomocy:;tablic Snellena;testu barwnego Ishihara;lampy szczelinowej;wziernika okulistycznego /oftalmoskopu/
1161;PL040-0155;Ozon występujący w atmosferze:;zabezpiecza żywe organizmy przed szkodliwym oddziaływaniem krótkofalowego promieniowania słonecznego;stanowi barierę dla szkodliwego dla ssaków promieniowania kosmicznego;stanowi czynnik nieodzowny w procesach oddychania kręgowców;nie ma żadnego wpływu na żywe organizmy
1162;PL040-0156;Pamięć długotrwałą definiujemy jako:;magazyn wszystkich informacji zdobytych w czasie doświadczeń życiowych człowieka o nieograniczonej pojemności i czasie przechowywania;zdolność umysłu rozpoznawania zdarzeń, których się uprzednio doświadczyło;strukturę poznawczą związaną z myśleniem logicznym;połączenie pamięci wzrokowej, słuchowej i kinestetycznej
1163;PL040-0157;Pamięć krótkotrwała to:;pamięć operacyjna o ograniczonej pojemności i krótkim czasie przechowywania informacji;pamięć aktualizująca temat zagadnień w czasie rozmowy;kodowanie informacji tylko w zależności od bieżącego kontekstu;pamięć ikoniczna
1164;PL040-0158;Pilot nie powinien latać z nieżytem górnych dróg oddechowych z powodu:;możliwego powstania niedrożności trąbki słuchowej i wystąpienia bólu ucha;możliwego bólu zęba;możliwego powikłania w postaci zapalenia oskrzeli;nie ma przeciwwskazań do latania z nieżytem górnych dróg oddechowych
1165;PL040-0159;Pilot nie powinien przed lotem spożywać pokarmów powodujących zwiększane wytwarzanie gazów w jelitach oraz napojów gazowanych;ponieważ gazy uwięzione w jelitach mogą powodować ból brzucha podczas wznoszenia;ponieważ gazy uwięzione w jelitach powodują ból brzucha niezależnie wysokości;ponieważ gazy uwięzione w jelitach mogą powodować ból brzucha przy zmniejszaniu wysokości;ponieważ gazy uwięzione w jelitach zmniejszają tolerancję na niedotlenienie
1166;PL040-0160;Pilot odniósł obrażenia łokcia. Podczas badania nasuwa się podejrzenie zwichnięcia. Czucie i tętno na obwodzie – zachowane. Co należy zrobić na miejscu wypadku?;unieruchomić w szynie w pozycji maksymalnego komfortu;umieścić w szynie próżniowej;nastawić rękę, stosując wyciąg;wyprostować rękę , aż pacjent odczuje dyskomfort, następnie zastosować unieruchomienie szynowe
1167;PL040-0161;Po ilu minutach od zatrzymania krążenia dochodzi do obumierania mózgu?;od 3 do 5;od 10 do 12;od 0 do 22;od 1 do 2
1168;PL040-0162;Po kilkunastu sekundach obserwacji stacjonarnego światła na ciemnym tle powierzchni ziemi, pilot odnosi wrażenie jego poruszania. Złudzenie takie nazywamy:;autokinezą;psychokinezą;oczopląsem;„kurzą ślepotą”
1169;PL040-0163;Pod wpływem niedotlenienia wysokościowego następuje adaptacja do zmiany czynników środowiska :;tak;nie;zależy od indywidualnych możliwości organizmu;zależy od pojemności wyrzutowej serca
1170;PL040-0164;Podaj prawidłową kolejność czynności na miejscu wypadku:1) kontrola tętna 2)kontrola oddechu 3)ocena bezpieczeństwa miejsca wypadku 4)unieruchamianie złamań 5)resuscytacja/sztu czny oddech 6)pośredni masaż serca/tamowanie krwawienia;3,2,1,6,5,4;2,3,4,5,6,1;6,1,2,3,4,5;4,1,2,5,3,6
1171;PL040-0165;"Podczas ""nurkowania"" samolotu, szybowca :";krew napływa do głowy;krew odpływa od głowy;krew napływa do kończyn dolnych;krew napływa do trzew (jamy brzusznej)
1172;PL040-0166;Podczas lotów wysokościowych zmarznięty pilot w skostniałych kończynach ma:;mniejszą wrażliwość na dotyk, zmniejszoną zdolność wykonywania precyzyjnych ruchów, obniżenie siły mięśniowej;obniżenie napięcia mięśniowego;przyspieszenie akcji serca i zwolnienie akcji oddechowej;zmniejszenie przemiany materii
1173;PL040-0167;Podczas pobytu na dużej wysokości rytm oddechowy płuc:;rośnie;maleje;utrzymuje się na stałym poziomie;na przemian rośnie i maleje
1174;PL040-0168;"Podczas ściągania drążka ""na siebie"":";krew odpływa od głowy;krew napływa do głowy;krew odpływa od kończyn dolnych;krew napływa do trzew (jamy brzusznej)
1175;PL040-0169;Podczas wdechu i wydechu ciśnienie powietrza pęcherzykowatego jest sumą ciśnień parcjalnych wielu gazów takich jak : tlen, dwutlenek węgla i azot. Które z praw gazowych w sposób najlepszy opisuje to zjawisko :;prawo Daltona;"prawo Henrye""go";prawo Boyle`a;żadne z nich
1176;PL040-0171;Podczas wykonywania „ pętli„ działa na pilota przyspieszenie o kierunku :;+Gz;-Gz;+Gx;- Gx
1177;PL040-0172;Podczas wymiany gazowej w pęcherzyku płucnym :;tlen przechodzi do krwi, a dwutlenek węgla do pęcherzyka;tlen przechodzi do pęcherzyka, a dwutlenek węgla do krwi;tlen i dwutlenek węgla przechodzą do krwi;tlen i dwutlenek węgla przechodzą do pęcherzyka
1178;PL040-0173;Podczas wymiany gazowej w tkankach :;tlen przechodzi do tkanek, a dwutlenek węgla do krwi;tlen przechodzi do krwi, a dwutlenek węgla do tkanek;tlen i dwutlenek węgla przechodzą do krwi;tlen i dwutlenek węgla przechodzą do tkanek
1179;PL040-0174;Podczas wznoszenia się na dużą wysokość częstość skurczów serca:;rośnie;maleje;utrzymuje się na stałym poziomie;na przemian rośnie i maleje
1180;PL040-0175;Podejmowanie decyzji przez człowieka jest :;subiektywne i podatne na błędy, związane ze sposobem formułowania problemu i jego interpretacją oraz rodzajem postaw wobec ryzyka;zawsze związane z koniecznością przezwyciężenia zjawiska „bloku umysłowego”;redukcja rozwiązania złożonych problemów do prostszych cząstkowych operacji;głównie oparte na bieżącej analizie informacji zdrowotnych związanych z daną podjętą reakcją
1181;PL040-0176;Podstawową funkcją narządów otolitowych jest :;pomiar przyspieszeń liniowych;pomiar prędkości liniowych;pomiar przyspieszeń kątowych;pomiar prędkości kątowych
1182;PL040-0177;Podstawową funkcją ozonu w atmosferze jest:;filtrowanie szkodliwego promieniowania UV;filtrowanie szkodliwego promieniowania mikrofalowego;filtrowanie szkodliwego promieniowania widzialnego;filtrowanie szkodliwego promieniowania rentgenowskiego
1183;PL040-0178;Podstawowym mechanizmem utraty ciepła w podwyższonej temperaturze otoczenia jest:;parowanie;rozszerzenie naczyń krwionośnych, włosowatych;zwiększenie wypromieniowania ciepła przez skórę;zmiana współczynnika cieplnego tkanek
1184;PL040-0180;Podstawowymi procesami psychicznymi, które zapewniają pilotowi orientację są :;wrażenia, spostrzeżenia, wyobrażenia, procesy myślowe i decyzyjne;utworzenie wewnętrznej reprezentacji przestrzeni problemu zadaniowego;procesy widzenia stereoskopowego i dużej przerzutności uwagi;myślowe procesy konstruowania hipotez na podstawie ograniczenia faktów i testowanie ich
1185;PL040-0181;Posiadanie narkotyków i ich stosowanie przez personel lotniczy jest:;zawsze zabronione;dopuszczalne ich stosowanie na 7 dni przed lotami;dozwolone po lotach;dopuszczalne ich stosowanie przez pilotów niezawodowych
1186;PL040-0182;Powyżej 8.000 m bez adaptacji organizm człowieka może bez podawania tlenu przetrwać:;do trzech minut;do pięciu minut;do dziesięciu minut;do jednej godziny
1187;PL040-0183;Poziom motywacji wpływa na sprawność wykonania danego zadania. Nieefektywność działania, błędy, problemy z koncentracją uwagi pojawiają się :;zawsze przy skrajnie wysokim lub skrajnie niskim poziomie motywacji;tylko przy zawyżonym poziomie motywacji;przy średnio intensywnym poziomie motywacji;nie ma reguły
1188;PL040-0185;Pożądany u pilotów styl radzenia sobie w sytuacjach stresowych w powietrzu to:;styl konfrontacyjny zorientowany na zadanie;styl konfrontacyjny zorientowany na osobę;styl unikowy zorientowany na emocje;radzenie sobie poprzez wsparcie społeczne
1189;PL040-0186;Prawidłową pozycją ratownika przy masażu serca jest:;dłonie oparte nadgarstkami w 1/3 dolnej mostka, ręce – wyprostowane w łokciach;dłonie oparte palcami w połowie mostka, ręce wyprostowane w łokciach;dłonie oparte palcami w 1/3 dolnej mostka, ręce wyprostowane w łokciach;dłonie oparte nadgarstkami połowie mostka, ręce wyprostowane w łokciach
1190;PL040-0187;Prawidłowo zaopatrzone krwawienie z kończyny to:;opatrunek uciskowy na ranie;opaska uciskowa poniżej rany i opatrunek uciskowy na ranie;opaska uciskowa powyżej rany;zwykły opatrunek na ranie
1191;PL040-0189;Problematyka psychologii lotniczej najbliższa jest psychologii:;pracy;wychowawczej;społecznej;sportowej
1192;PL040-0190;Proces skupienia uwagi to:;zdolność do skupienia się na widokach i dźwiękach istotnych dla zadań wynikających z bieżącej sytuacji eliminująca wpływ nie związane z zadaniem myśli, obrazy i bodźce sensoryczne;proces charakteryzujący zjawisko uwagi selektywnej;proces eliminacji materiału ignorowanego przez uwagę;filtr uwagi czyli proces regulacji dopływu informacji ze zmysłów do świadomości
1193;PL040-0191;Promienie światła wpadają do wnętrza oka przez:;źrenicę;tęczówkę;siatkówkę;twardówkę
1194;PL040-0192;Przeciążenia nie mają wpływu na jakość wykonywania czynności pilota :;zdanie jest nieprawdziwe;prawda;zdanie jest nieprawdziwe jedynie w przypadku akrobacji;zdanie jest nieprawdziwe jedynie przypadku lotu w pętli odwróconej
1195;PL040-0193;Przeciążenia wzdłuż osi ciała mostek- kręgosłup :;są najlepiej tolerowane przez organizm ludzki;są najgorzej tolerowane przez organizm ludzki;są gorzej tolerowane niż przeciążenia wzdłuż osi długiej;nie mają znaczenia dla organizmu ludzkiego niezależnie od wartości siły przeciążenia
1196;PL040-0194;Przed rozpoczęciem sztucznego oddychania należy:;udrożnić górne drogi oddechowe poszkodowanego (usunąć wszystkie zanieczyszczenia z jamy ustnej, nosowej i gardła);uderzyć poszkodowanego w mostek;wykonać kilkanaście głębokich wdechów;wypić kieliszek silnego alkoholu dla dezynfekcji jamy ustnej
1197;PL040-0195;Przekrwione oczy, napady śmiechu lub płaczu, spowolnienie psychoruchowe MOŻE być objawem zażycia:;kannabinoli (marihuana, haszysz);amfetaminy;kokainy;morfiny
1198;PL040-0196;Przerzutność uwagi to:;zdolność do szybkiego przenoszenia uwagi jednego obserwowanegoprzedmiot u lub procesu na drugi;selekcja do dalszego przetwarzania pewnej części wejścia sensorycznego;ilość informacji, które kanały percepcyjne mogą przyjąć i przesłać;rodzaj skupienia uwagi w którym odbierany przez zmysły materiał selekcjonują hipotezy percepcyjne
1199;PL040-0197;"Przez pojęcie „czynnika ludzkiego"" w wypadkach lotniczych należy rozumieć (w znaczeniu szerokim):";nieadekwatne działanie pilota i osób odpowiedzialnychza organizacjei zabezpieczenia wykonywania lotów;awarię przyrządów pokładowych;zdarzenie losowe w powietrzu;utratę orientacji przestrzennej w chmurach
1200;PL040-0198;Przy krwawieniu z żyły :;krew zazwyczaj wypływa leniwym strumieniem i ma ciemnoczerwone zabarwienie;krew zazwyczaj wypływa leniwym strumieniem i ma jasnoczerwone zabarwienie;krew zazwyczaj wypływa intensywnym tętniącym strumieniem i ma ciemnoczerwone zabarwienie;krew wypływa intensywnym strumieniem niezależnie od jej zabarwienia
1201;PL040-0199;Przy przekroczeniu optimum prędkości przetwarzania i odbioru określonej ilości informacji przez człowieka;mogą wystąpić defekty w procesie orientacji człowieka w postaci przepuszczania i zniekształcenia sygnałów, zmniejszenie zakresu ich rozróżniania i rozpoznawania;następuje pełna, optymalna adaptacja możliwości odbioru i przetwarzania informacji u człowieka bez zakłóceń;następuje zjawisko wizualizacji podobnych zdarzeń z przeszłości;następuje zawsze całkowite zahamowanie przebiegu procesów myślowych u człowieka
1202;PL040-0200;Przy szybkim spadku prędkości samolotu w locie poziomym i prostoliniowym pilot ulega złudzeniu :;opadania samolotu „nosem” w dół;podnoszenia „nosa” samolotu w górę;rotacji bocznej;autorotacji
1203;PL040-0201;Przy wystąpieniu bólu ucha przy zmniejszaniu wysokości należy:;wyrównać poziom lotu i spróbować manewrów udrażniających przewód słuchowy (ziewanie, przełykanie śliny, itp.);szybko zmniejszając wysokość przełykać ślinę;szybko zmniejszać wysokość z zatrzymanym oddechem;niezależnie od wysokości nie robić nic czekając na ustąpienie dolegliwości
1204;PL040-0202;Przy złamaniu kręgosłupa u poszkodowanego zawsze dochodzi do uszkodzenia rdzenia kręgowego stąd po urazie nie ma znaczenia w jakiej pozycji będzie on transportowany :;zdanie jest fałszywe i dlatego należy obchodzić się z takimi poszkodowanymi bardzo ostrożnie, ograniczyć ich poruszanie się i przenosić ich jedynie w pozycji poziomej;zdanie jest prawdziwe i dlatego takie osoby mogą być przenoszone w pozycji pionowej;zdanie jest prawdziwe i dlatego takie osoby mogą być przenoszone jedynie w pozycji poziomej;zdanie jest fałszywe, a uszkodzenie rdzenia kręgowego nie ma żadnego związku z uszkodzeniem kręgosłupa
1205;PL040-0203;Przy znacznym przyspieszaniu podczas startu samolotu pilot ulega złudzeniu :;podnoszenia „nosa” samolotu w górę;opadania samolotu „nosem” w dół;rotacji bocznej;autorotacji
1206;PL040-0204;Przyczyną dolegliwości w chorobie dekompresyjnej są pęcherzyki którego gazu :;azotu;tlenu;dwutlenku węgla;pary wodnej
1207;PL040-0205;Przyczyną powstawania choroby dekompresyjnej jest:;uwalnianie się pęcherzyków gazowych, głównie azotu do krwi i tkanek;niedotlenienie wysokościowe po uszkodzeniu aparatury tlenowej;zaburzenia funkcji błędnika podczas wyższej akrobacji;zwiększenie objętości gazów w jelitach
1208;PL040-0206;Przyczyną powstawania niedotlenienia wysokościowego jest:;obniżenie ciśnienia porcjalnego w powietrzu oddechowym;zaburzenia ukrwienia tkanek;obniżenie stężenia hemoglobiny we krwi;spadek temperatury atmosfery otaczającej
1209;PL040-0207;Przyjmowanie leków dozwolonych w lotnictwie nie jest zabronione u pilotów:;chyba, że choroba podstawowa sama stanowi przeciwwskazanie do lotów;nigdy;chyba, że pilot lata zawodowo;chyba, że pilot wykonuje akrobacje
1210;PL040-0208;Przyjmowanie leków psychiatrycznych jest przeciwwskazaniem do wykonywania obowiązków pilota:;zawsze;nigdy;jedynie dla pilota zawodowego;jedynie dla skoczka spadochronowego
1211;PL040-0209;Przyspieszenia wyzwalające przeciążenia o kierunku głowa – kończyny dolne określane są jako:;+ Gz;- Gz;+Gy;- Gy
1212;PL040-0210;Przyspieszenie ziemskie wynosi:;9,81 m/s 2 i działa pionowo ku dołowi;9,81 m/s2 i działa pionowo ku górze;10,81 m/s 2 i działa pionowo ku dołowi;10,81 m/s 2 i działa pionowo ku górze
1213;PL040-0211;Przyspieszone oddychanie, zasinienie skóry i błon śluzowych, zaburzenia koordynacji i uwagi mogą być objawem:;niedotlenienia z niedoboru tlenu;zatrucia tlenkiem węgla;zmęczenia;zmiany stref czasowych
1214;PL040-0212;Psychologiczne procesy orientacji pilota lecącego na małych wysokościach są :;złożone, odbywają się w deficycie czasu przy konieczności dużej przerzutności uwagi w celu odbioru informacji z punktów orientacyjnych znajdujących się na ziemi oraz wskazań przyrządów kontrolnych;głównie są to skoordynowane korekcyjne czynności motoryczne angażujące podstawowe rodzaje ruchów w działaniu pilota: pozycyjne, ciągłe, seryjne;zmniejsza się zakres koniecznej świadomej kontroli lotu i angażowania procesów orientacyjnych, pilot bazuje na zautomatyzowaniu czynności i nawykach lotniczych;skupione wyłącznie na odbiorze informacji spoza kabiny, sprowadzone do umiejętności kontroli wzrokowej w obserwacji punktów orientacyjnych na ziemi
1215;PL040-0213;Punkt na siatkówce,w którym nerw wzrokowy opuszcza gałkę oczną:;nie odbiera wrażeń wzrokowych, tworząc w obszarze widzenia strefę nieobserwowaną (tzw. plamkę ślepą);stanowi obszar wzmożonej koncentracji komórek odbierających wrażenia wzrokowe, tworząc obszar wybitnie ostrego widzenia;stanowi obszar takiej samej wrażliwości na bodźce wzrokowe;stanowi obszar zagęszczenia pręcików i czopków
1216;PL040-0214;Rozproszenie uwagi oznacza:;niezdolność do skupienia się na bodźcach zewnętrznych istotnych dla zadań wynikających z bieżącej sytuacji;tymczasowy brak umiejętności organizacji informacji w jednolitą całość;przedłużony czas przetwarzania informacji;brak umiejętności selekcji informacji ze strony środowiska zewnętrznego
1217;PL040-0215;Rozumowanie dedukcyjne to:;wyprowadzanie wniosków z przesłanek za pomocą reguł logicznych;proces ukierunkowany na cel myślenia realistycznego;proces ułatwiający subiektywne oszacowanie prawdopodobieństw a zajścia zdarzeń;myślenie autystyczne
1218;PL040-0216;Rozumowanie indukcyjne to:;rozumowanie, które w celu wypracowania konkluzji na temat np. możliwości zajścia jakiegoś zjawiska odwołuje się do analizy ograniczonej puli dostępnych faktów, wnioskowanie zachodzi na podstawie danych opartych na prawdopodobieństwie;utworzenie wewnętrznej reprezentacji przestrzeni problemu z wyszczególnieniem wszystkich jej elementów;typ tendencyjnego rozumowania, w którym ocenia się jako prawomocne tylko konkluzje zgodne z osobistymi przekonaniami danej osoby;myślenie dereistyczne, oderwane od rzeczywistości
1219;PL040-0217;Różnicowanie bodźców ma miejsce, gdy :;człowiek uczy się reagować inaczej na wyłącznie określony bodziec wśród podobnych, w pewnym wymiarze rozpoznawanej gamy selektywności wg specyficznych właściwości bodźca;generalizowanie i reagowanie na wszystkie podobne bodźce szybko wygasza się;wyzwoleniu się spod działania negatywnego bodźca towarzyszą reakcje autonomicznego układu nerwowego;po zestawieniu bodźca obojętnego z traumatycznym powstaje silne uczucie lęku odporne na wygaszanie
1220;PL040-0218;Ruch ciała człowieka w przestrzeni w głównej mierze odbierają:;trzy przewody półkoliste błędnika;dwa przewody półkoliste błędnika;jeden przewód półkolisty błędnika;ślimak
1221;PL040-0219;Siatkówka;jest najbardziej wewnętrzną, światłowrażliwą błoną oka;jest najbardziej zewnętrzną błoną oka;jest innym określeniem soczewki;nie występuje w gałce ocznej
1222;PL040-0220;Specyficzna metoda oceny stosowanaw psychologii to :;ocena testowa;wywiad;metoda statystyczna;metoda opisu
1223;PL040-0221;Spostrzeganie głębi to:;spostrzeganie obiektów w przestrzeni trójwymiarowej wymagające interpretacji odległości między podmiotem a spostrzeganym obiektem;spostrzeganie ograniczonego wycinka szerszego świata wizualnego rozciągającego się we wszystkie strony niewidocznego otoczenia;umiejętność szczegółowej obserwacji obiektów położonych w dużej odległości;umiejętność oceny względnych odległości między obiektami obserwowanymi gdy człowiek porusza się w nieruchomym otoczeniu
1224;PL040-0222;Standardy sprawności umysłowej dla wszystkich kategorii załóg lotniczych wymagają zwrócenia uwagi na następujące stany:;zaburzenia psychiczne typu psychotycznego, silne nerwice, depresja, widoczne zaburzenia osobowości, alkoholizm i używanie środków psychoaktywnych;zaburzenia zdolności rozumowania, mania prześladowcza, utrata zdolności do samokrytyki;autyzm, dereizm, dezintegracja osobowości, uzależnienia od alkoholu i substancji psychoaktywnych;cechy niedostosowania społecznego, wahania nastroju, ograniczenie aktywności złożonej, spłycenie uczuciowości
1225;PL040-0223;"Stosowanie narkotyków ""miękkich"" przez pilotów";jest zabronione całkowicie;jest dozwolone w niewielkich ilościach na własne potrzeby;jest dozwolone w celach towarzyskich, ale obowiązuje 24 godziny karencji przed lotem (jak przy alkoholu);jest dozwolone warunkowo ale obowiązuje 48 godzin karencji przed lotem
1226;PL040-0224;Stosowanie narkotyków poza okresami aktywności lotniczej:;jest zabronione gdyż powoduje długotrwałe skutki dla zdrowia pilota;jest dozwolone;jest obojętne dla jakości wykonywania czynności lotniczych;jest dozwolone u pilotów turystycznych i szybowników
1227;PL040-0225;Strefa krytyczna dla pilota oddychającego bez aparatu tlenowego wynosi:;6-7 tys. m;3-4 tys. m;4-5 tys. m;8-9 tys. m
1228;PL040-0226;Strefa krytyczna to wysokość :;od 6.000 – 8.000 mnpm;od 2.000 – 4.000 mnpm;od 4.000 – 6.000 mnpm;powyżej 8.000 mnpm
1229;PL040-0227;Strefa niepełnej kompensacji tlenowej wynosi:;4.000-5.500 m;3.500-4.000 m;3.000-4.000 m;5.500-6.000 m
1230;PL040-0228;Strefa pełnej kompensacji tlenowej wynosi:;2.000-3.500 m;3.500-4.000 m;4.000-5.000 m;5.000-6.000 m
1231;PL040-0229;Stresem psychologicznym nazywamy:;stan zmobilizowanego psychofizjologicznie organizmu wobec istniejącego lub antycypowanego zagrożenia;stan silnego podniesienia aktywności emocjonalnej;stan dużego napięcia wewnętrznego związanego z jakimś problemem;stan rozchwiania emocjonalnego związanego z jakimś problemem
1232;PL040-0230;Stresorami psychologicznymi nazywamy:;czynniki powodujące ogólny stan napięcia organizmu ludzkiego związane ze stanem gotowości do „ataku lub ucieczki”;wszelkie zakłócenia fizjologicznego funkcjonowania człowieka;czynniki powodujące bezsenność;problemy i kłopoty życia codziennego
1233;PL040-0231;Stwierdzenie, że wymiana gazowa w pęcherzykach płucnych jest możliwa dopóki ciśnienie parcjalne tlenu (pO2) w powietrzu pęcherzykowym jest wyższe niż ciśnienie parcjalne tlenu we krwi jest:;prawdziwe i ma znaczenie dla pilotów;prawdziwe ale nie ma znaczenia dla pilotów;fałszywe;nieistotne dla pilota
1234;PL040-0232;Sytuacje decyzyjne probabilistyczne pojawiają się gdy :;pilot wykonuje czynności lotnicze przy niedostatecznej ilości informacji dotyczącej sytuacji w powietrzu;w procesie podejmowania decyzji pilot wykorzystuje głównie informacje stałe przyswojone w czasie naziemnego przygotowania do lotu;decyzja jest jednoznaczna i nie wymaga większego zaangażowania procesów myślowych;dominują określone indywidualne preferencje w sposobie działania pilota
1235;PL040-0233;Szerszy niż zwykle pas startowy :;powoduje u pilota lądującego na nim złudzenie, że samolot znajduje się niżej niż w rzeczywistości;powoduje u pilota lądującego na nim złudzenie, że samolot znajduje się wyżej niż w rzeczywistości;powoduje u pilota lądującego na nim złudzenie, że samolot znajduje się na wysokości rzeczywistej;nie ma wpływu na postrzeganie odległości od ziemi
1236;PL040-0236;Ślepota zmierzchowa tzw. kurza ślepota, czyli upośledzenie widzenia o zmierzchu lub upośledzenie adaptacji oka do ciemności wywołana jest :;długotrwałym niedoborem witaminy A;niedoborem witaminy E;podwyższonym poziomem cholesterolu;niedoborem potasu
1237;PL040-0237;Tak zwany poziom szkodliwy oddziaływania hałasu na narząd słuchu wynosi:;około 90 dB;około 45 dB;około 72 dB;około 80 dB
1238;PL040-0238;Toksyczność tlenku węgla / CO / wynika :;z większego powinowactwa do hemoglobiny niż tlen;z mniejszego powinowactwa do hemoglobiny niż tlen;z uszkodzenia układu białokrwinkowego krwi;z uszkodzenia płytek krwi
1239;PL040-0239;Tolerancja na przeciążenia może być obniżona przez:;niedotlenienie, hiperwentylację, hipoglikemię (obniżone stężenie cukru we krwi);niedotlenienie, hiperglikemię (podwyższone stężenie cukru we krwi);tylko hiperwentylację;tylko niedotlenienie
1240;PL040-0240;Trąbka Eustachiusza (trąbka słuchowa) łączy:;jamę ucha środkowego (jamę bębenkową) z nosogardłem;zatoki szczękowe z jama nosową;jamę nosową z jamą gardłową;jamy serca ze sobą
1241;PL040-0241;Treningiem relaksacyjnym nazywamy:;relaks poprzez naukę kontrolowania stanu napięcia mięśni ciała, uregulowania oddechu i wytworzenie odpowiednich wizualizacji;umiejętność szybkiego rozluźnienia się w czasie zdenerwowania;relaks poprzez zestaw intensywnych ćwiczeń gimnastycznych;naukę umiejętności lekceważenia znaczenia nieistotnych zagrożeń
1242;PL040-0243;Trwałe zaburzenie widzenia barw, może być :;wrodzona;po usunięciu soczewki;po przeszczepieniu rogówki;po zapaleniu tęczówki
1243;PL040-0245;U człowieka najsilniejszym „dawcą czasu” /synchronizatorem rytmów okołodobowych/ jest :;naprzemienność nocy i dnia;intensywność iluminacji;czynnik socjalny;dobowe wahania temperatury zewnętrznej otoczenia
1244;PL040-0246;U podstaw selekcji psychologicznej leży założenie, że:;wszyscy ludzie mogąw sobie wykształcić te same umiejętności , ale w różnym czasie;ludzie nie mają jednakowej motywacji do pracy;ludzie są zróżnicowani pod względem zdolności ogólnych i specjalnych;wszyscy ludzie są równi pod względem inteligencji
1245;PL040-0247;Uczeń – pilot w porównaniu z pilotem doświadczonym :;potrzebuje więcej czasu na odebranie i przetworzenie informacji, uwzględnia większe ilości danych by poprawnie zorientować się w funkcjonowaniu obiektu sterowania;przetwarzanie informacji jest podobne pod względem jakościowym;potrzebuje mniej czasu na odebranie i przetworzenie informacji z racji szybkiego przetwarzania informacji niepełnej nie obciążony nadmiarem doświadczeń;nie koncentruje się na informacjach pochodzących z wskazań przyrządów określających parametry lotu
1246;PL040-0248;"Uczucie lekkości i ""podchodzenia żołądka do gardła"" podczas lotu może być wynikiem :";działania na organizm przeciążenia ujemnego wzdłuż osi kończyny dolne - głowa;działania na organizm przeciążenia dodatniego wzdłuż osi kończyny dolne- głowa;działania na organizm przeciążenia ujemnego wzdłuż osi bocznej ciała;działania na organizm przeciążenia dodatniego wzdłuż osi bocznej ciała
1247;PL040-0249;Uczucie rozpierania w głowie oraz przekrwienie twarzy jest wynikiem :;przeciążenia ujemnego wzdłuż długiej osi ciała;przeciążenia dodatniego wzdłuż długiej osi ciała;przeciążenia dodatniego wzdłuż bocznej osi ciała;przeciążenia dodatniego wzdłuż bocznej osi ciała
1248;PL040-0250;Uczucie silnego bólu głowy sprawiający wrażenie rozsadzania głowy jest spowodowany przez :;przeciążenie ujemne /Gz -/;spadek temperatury;hałas;przeciążenie dodatnie / Gz+ /
1249;PL040-0251;Udział czynnika ludzkiego w wypadkach lotniczych określa się na około :;90%;60%;30%;45%
1250;PL040-0252;Ujemne skutki działania przeciążeń dodatnich na organizm człowieka mogą być niwelowane przez:;poprawę sprawności fizycznej, a szczególnie wydolności sercowo- naczyniowej;zażywanie silnych leków nasercowych;stosowanie leków psychoaktywnych;stosowanie alkoholu
1251;PL040-0253;Układ krwionośny człowieka jest:;zamknięty, tzn. krew krąży tylko w naczyniach;otwarty, krew krąży w naczyniach i wylewa się do jam ciała;otwarty lub zamknięty w zależności od wysokości nad poziom morza;otwarty lub zamknięty w zależności od stopnia utlenowania krwi
1252;PL040-0254;Układ krwionośny człowieka składa się z:;serca, tętnic, żył i naczyń kapilarnych;serca i naczyń chłonnych;tylko z tętnic i żył;tylko z serca i naczyń kapilarnych
1253;PL040-0255;Układ krwionośny człowieka składa się z:;krążenia systemowego i płucnego, a serce zbudowane jest z 4 jam;krążenia systemowego i płucnego, a serce zbudowane jest z 3 jam;tylko z krążenia systemowego, a serce zbudowane jest z 4 jam;krążenia płucnego i systemowego, a serce składa się z 2 jam
1254;PL040-0256;Układ nerwowy autonomiczny odpowiada za:;"nieświadomą kontrolę nad procesami fizjologicznymi ustroju oraz reakcje w sytuacjach ""walki lub ucieczki""";świadomą kontrolę nad fizjologicznymi procesami ustroju;"jedynie za kontrolę fizjologii organizmu w sytuacjach ""walki lub ucieczki""";za bliżej niepoznane procesy rozumowania i oceny sytuacji
1255;PL040-0257;Układ przedsionkowy / błędnik błoniasty / w uchu wewnętrznym umożliwia człowiekowi:;orientację ciała w przestrzeni;odbieranie bodźców dźwiękowych;prawidłowe napięcie mięśni;rozpoznawanie zapachów
1256;PL040-0259;Upośledzenie barofunkcji ucha środkowego występuje najczęściej :;przy zwiększaniu ciśnienia otaczającej atmosfery;niezależnie od kierunku zmian ciśnienia otaczającego;przy długotrwałym oddychaniu czystym tlenem;przy zmniejszeniu ciśnienia powietrza otaczającego
1257;PL040-0260;Uraz ciśnieniowy ucha zwany barotraumą spowodowany jest:;brakiem możliwości wyrównania ciśnień –jama bębenkowa – atmosfera;niedotlenieniem wysokościowym;obniżeniem ciśnienia atmosferycznego;spadkiem temperatury powietrza
1258;PL040-0261;Uraz nerwu wzrokowego powoduje:;ślepotę;zapadnięcie gałki ocznej;zapalenie brzegów powiek;zapalenie gruczołu łzowego
1259;PL040-0262;Uwaga dowolna to:;uwaga skupiona na przedmiocie na skutek aktywnego zamiaru i wysiłku woli powstaje w wyniku istnienia odpowiedniej motywacji ze strony człowieka;nieświadome zapamiętywanie informacji sensorycznych;umiejętność skupienia się na jednym źródle informacji;przetwarzanie informacji ze zmysłów do świadomości
1260;PL040-0263;Uwaga mimowolna to:;rodzaj uwagi realizowany bez świadomego udziału ze strony człowiekawywołany szczególnymi właściwościami obiektu;nieświadome przechowywanie i zapamiętywanie informacji;rodzaj uwagi o ograniczonej pojemności;rodzaj uwagi świadomie selekcjonujący informacje w jednostce czasu
1261;PL040-0264;Uwagę dowolną człowieka charakteryzuje:;typ podzielności, trwałość, zakres, przerzutność, wybiórczość;trwałość i stopień intensywności skupienia uwagi mierzony w jednostce czasu;różne cechy związane z daną sytuacją psychologiczną, motywacjąi osobowością;liczba elementów, które człowiek jest w stanie zauważyć
1262;PL040-0265;W czasie badania tolerancji ustroju na niedobór tlenu w otaczającym środowisku głębokie oddychanie :;poprawia tolerancję niedotlenienia;poprawia tolerancję niedotlenienia wysokościowego, jeżeli wzrośnie również liczba oddechów;nie poprawia tolerancji niedotlenienia wysokościowego;nie ma wpływu na tolerancję niedotlenienia
1263;PL040-0266;W czasie lotu na dużą wysokość ciśnienie krwi:;rośnie;maleje;utrzymuje się na stałym poziomie;zmienia się cyklicznie
1264;PL040-0268;W krótkowzroczności promienie po przejściu przez ośrodki optyczne załamują się :;przed siatkówką;na siatkówce;za siatkówką;na rogówce
1265;PL040-0269;W którym narządzie działanie alkoholu etylowego utrzymuje się najdłużej?;w narządzie równowagi;w sercu;w wątrobie;w płucach
1266;PL040-0270;W lotach nocnych niedotlenienie jest szczególnie niebezpieczne z powodu;większej wrażliwości na niedotlenienie komórek czułych na niewielką ilość światła;większej wrażliwości mózgu na niedotlenienie w nocy;mniejszej wrażliwości mózgu na niedotlenienie w nocy;większej wrażliwości na niedotlenienie komórek rozpoznających kolory
1267;PL040-0271;W przypadku gdy poszkodowany ma zachowane własne tętno ale nie oddycha samodzielnie od dłuższego czasu:;należy stosować sztuczne oddychanie, ale nie stosować masażu serca;należy stosować masaż serca i sztuczne oddychanie;należy czekać na powrót samoistnego oddechu;należy ułożyć poszkodowanego w pozycji bocznej bezpiecznej
1268;PL040-0272;W przypadku gdy poszkodowany oddycha samodzielnie, ale nie ma wyczuwalnego tętna:;należy poszukać tętna na dużych tętnicach, ponieważ brak tętna przy zachowanym przez dłuższy czas oddechu jest wysoce nieprawdopodobne, a jeśli tętno jest zatrzymane wkrótce ustanie również oddech;należy od razu przystąpić do masażu serca;należy położyć poszkodowanego w pozycji bocznej bezpiecznej nawet mimo zachowanej świadomości;należy wykonywać od razu masaż serca i sztuczne oddychanie
1269;PL040-0273;W przypadku kiedy pilot nie jest w stanie stwierdzić czy objawy których doświadcza spowodowane są niedotlenieniem czy hiperwentylacją powinien:;niezależnie od przyczyny założyć maskę z tlenem i zwolnić tempo oddychania;przyspieszyć tempo oddychania;zwolnić tempo oddychania;założyć maskę tlenową i przyspieszyć tempo oddychania
1270;PL040-0274;W przypadku podejrzenia u poszkodowanego złamania kręgosłupa należy:;przenosić poszkodowanego jedynie na noszach lub poziomo przy udziale większej liczby ratowników i w miarę możliwości założyć poszkodowanemu kołnierz Shantza;przenosić poszkodowanego wygodnie niezależnie od pozycji, gdyż zasadnicze uszkodzenia już się dokonały;przenosić poszkodowanego jedynie w pozycji pionowej, ale z założonym kołnierzem Schantza;nie przenosić poszkodowanego nawet w przypadku zagrożenia np. pożarem
1271;PL040-0275;W przypadku podejrzeniau nieprzytomnego złamania kręgosłupa w bezpiecznym otoczeniuz zachowanym własnym oddechem i tętnem, należy:;pozostawić go pod nadzorem na miejscu do przyjazdu wyspecjalizowanych ratowników medycznych;pozostawić go pod nadzorem na miejscu do czasu odzyskania przytomności, a następnie wynieść z miejsca wypadku;położyć na twardym podłożu;reanimowaćz zachowaniem szczególnych środków ostrożności
1272;PL040-0276;W przypadku ratowania poszkodowanego należy:;pamiętać także o własnym bezpieczeństwie i w razie konieczności wynieść poszkodowanego ze strefy zagrożenia;należy ratować go za wszelką cenę;nie dbać o własne zdrowie;zadbać o poszkodowanego najpierw, a dopiero następnie pomyśleć o własnym bezpieczeństwie
1273;PL040-0277;W przypadku wystąpienia bólów brzucha podczas wznoszenia pilot powinien;przerwać wznoszenie i spróbować wyrównać ciśnienie w przewodzie pokarmowym przez wymuszone odbijanie;powoli zwiększać wysokość przy wstrzymanym oddechu;szybko zwiększać wysokość przy wstrzymanym oddechu;powoli zwiększać wysokość i przełykać ślinę
1274;PL040-0278;W przypadku wystąpienia dezorientacji przestrzennej oraz zauważenia w trakcie lotu niezgodności pomiędzy wrażeniami z narządu równowagi, wrażeniami wzrokowymi oraz wskazaniem przyrządów, pilot powinien zaufać :;wskazaniom przyrządów;wrażeniom wzrokowym;wrażeniom błędnika oraz wzrokowym;wrażeniom błędnika
1275;PL040-0279;W przypadku wystąpienia hiperwentylacji (przyspieszonego oddychania bez potrzeby wynikającej z metabolizmu ustroju) należy:;starać się uspokoić oddech, a w razie niepowodzenia oddychać do worka papierowego;przyspieszać oddech do momentu kiedy mięśnie oddechowe zmęczą się i nie będą w stanie dalej przyspieszać;nie zwracać uwagi na tempo oddechu;przełykać ślinę
1276;PL040-0280;W przypadku wystąpienia nagłego bólu zęba podczas lotu należy:;obniżyć pułap;zwiększać powoli wysokość lotu;zwiększać szybko wysokość lotu;przełykać ślinę
1277;PL040-0281;W przypadku wystąpienia objawów niedotlenienia należy w pierwszej kolejności:;rozpocząć oddychanie czystym tlenem z aparatu tlenowego oraz zwolnić częstość oddechów;oddychać szybciej;zamknąć oczyi spróbować się zrelaksować;podwyższyć pułap lotu
1278;PL040-0282;W przypadku występowania przeciążeń dodatnich wzdłuż długiej osi ciała:;krew znacznie silniej odpływa od głowy;krew znacznie silniej napływa do głowy;krew nie zmienia siły napływu do głowy;występują silne zaburzenia oddychania
1279;PL040-0283;W przypadku występowania przeciążeń ujemnych działających wzdłuż osi długiej ciała:;krew znacznie silniej napływa do głowy;krew znacznie silniej odpływa od głowy;krew nie zmienia siły napływu do głowy;występują silne wrażenia słuchowe
1280;PL040-0284;W przypadku zatrucia droga pokarmową nie wolno prowokować wymiotów jeżeli:;poszkodowany jest nieprzytomny lub nastąpiło spożycie substancji żrących;od zatrucia minęła więcej niż 1 godzina;poszkodowany jest przytomny lub nastąpiło zatrucie substancja stałą;poszkodowany jest przytomny lub nastąpiło zatrucie substancja płynną
1281;PL040-0285;W przypadku złamania i nienaturalnego (poza zakresem fizjologicznym ruchu) ułożenia kończyny należy :;unieruchomić dwa sąsiednie stawy w zastanej pozycji;unieruchomić dwa sąsiednie stawy dopiero po ustawieniu kończyny w pozycji naturalnej;unieruchomić jedynie staw bliższy tułowia;unieruchomić jedynie staw dalszy od tułowia
1282;PL040-0286;W przypadku, kiedy poszkodowany z podejrzeniem złamania kręgosłupa nie oddycha i nie wyczuwamy u niego tętna należy:;stosować sztuczne oddychanie i pośredni masaż serca;stosować sztuczne oddychanie, ale nie masować serca;nie reanimować go wcale;nie przenosić
1283;PL040-0289;W skręcie ze stałą prędkości kątową samolotu wykonywanie przez pilota ruchów głową w płaszczyźnie innej niż płaszczyzna skrętu może spowodować :;silne wrażenie wirowania, skrętu i przyspieszania zwane złudzeniem Coriolisa;silny ból głowy;zatkanie uszu;silny ból zęba
1284;PL040-0290;W utrzymaniu prawidłowej postawy ciała i sprawnej orientacji w przestrzeni, nadrzędna rolę odgrywa :;błędnik;narząd słuchu;narząd wzroku;zmysł dotyku
1285;PL040-0292;W wypadku, w którym poszkodowanych zostało więcej osób, w pierwszej kolejności należy udzielić pomocy :;najciężej poszkodowanym;najlżej poszkodowanym;najbliższym znajdującym się przy ratowniku;osobom ze zwichnięciami
1286;PL040-0293;W wypadku, w którym poszkodowanych zostało więcej osób, w pierwszej kolejności należy udzielić pomocy :;osobom z zatrzymanym krążeniem i oddechem;osobom ze złamaniami;osobom ze zwichnięciami;osobom przytomnym
1287;PL040-0295;Wartość przeciążenia w medycynie lotniczej określa:;ile razy zwiększył się ciężar ciała człowieka w danej chwili, w porównaniu do jego ciężaru w spoczynku na poziomie morza;przekroczoną ładowność samolotu;nadwagę;zbytnie obciążenie pracą
1288;PL040-0296;Ważne cechy dobrego nadawcy to:;panowanie nad emocjami, nie przerywanie, dostosowanie słownictwa do rozmówcy, rekapitulowanie, parafrazowanie wypowiedzi interlokutora;wyraźna artykulacja, dobra dykcja, bogate słownictwo, talent oratorski;kultura osobista, bogate zainteresowania, biegłość w argumentacji;umiejętność przeforsowania swojego punktu widzenia w rozmowie
1289;PL040-0297;Węższy niż zwykle pas startowy :;powoduje u pilota lądującego na nim złudzenie, że samolot znajduje się wyżej niż w rzeczywistości;powoduje u pilota lądującego na nim złudzenie, że samolot znajduje się niżej niż w rzeczywistości;powoduje u pilota lądującego na nim złudzenie, że samolot znajduje się na wysokości rzeczywistej;nie ma wpływu na postrzeganie odległości od ziemi
1290;PL040-0298;Widzenie stereoskopowe to:;zdolność widzenia przestrzennego;dwojenie obrazu;awitaminoza;pogorszenie widzenia
1291;PL040-0299;Wnikanie tlenku węgla do ustroju odbywa się głównie poprzez:;układ oddechowy;przewód pokarmowy;skórę i błony śluzowe;układ moczowy
1292;PL040-0300;Wpływ lotów z przekraczaniem stref czasowych przejawia się w układzie nerwowym głównie jako:;desynchronizacja snu i czuwania;zaburzenia temperatury ciała;napadowe zasypianie w ciągu dnia;bóle głowy i bezsenność
1293;PL040-0302;Wrażliwość reakcji człowieka na bodźce jest:;uwarunkowana indywidualnymi wrodzonymi progami percepcyjnymi;zmienna i nieograniczona;sztywno określona przez siłę bodźca;silnie uwarunkowana sytuacyjnie
1294;PL040-0303;Wskaż prawdziwe twierdzenie dotyczące bezpieczeństwa lotów :;po umiarkowanym spożyciu alkoholu obowiązuje zasada 24 godzinnej przerwypo ostatnim drinku zanim rozpocznie się lot;"w przypadku utrzymywania się objawów „kaca"" wolno zasiadać za sterami, nawet gdy stężenie alkoholu we krwi jest poniżej progu trzeźwości";alkohol zwiększa zdolność mózgu do zużycia tlenu, szczególnie w czasie pobytu na znacznych wysokościach;po małym drinku /piwo, kieliszek wódki/ nie ma przeciwwskazań do wykonywania lotów
1295;PL040-0304;Wskutek działania przyspieszeń kątowych na narząd wzroku, występuje:;oczopląs poziomy i pogorszenie ostrości wzroku;nadmierne łzawienie i ból gałek ocznych;przekrwienie spojówek;zwężenie pola widzenia
1296;PL040-0305;Wybierz odpowiedź, w której wymieniono najwięcej objawów mogących pojawić się z powodu niedotlenienia organizmu;uczucie braku powietrza, uczucie zmęczenia, nudności, wymioty, zawroty głowy;uczucie braku powietrza, uczucie zmęczenia, nudności, wymioty, widzenie lunetowate;uczucie braku powietrza, uczucie zmęczenia, nudności, wymioty, zawroty głowy, widzenie w kolorze czerwonym;nudności, wymioty, zawroty głowy, utrata słuchu
1297;PL040-0306;Wybierz prawdziwe stwierdzenie dotyczące hiperwentylacji;oznacza nadmierną częstość oddechów powyżej metabolicznego zapotrzebowania ustroju;nie występuje u pilotów;zawsze występujeu pilotów podczas obniżania wysokości;jest konieczna przy wznoszeniu
1298;PL040-0307;Wybierz prawdziwe stwierdzenie dotyczące hiperwentylacji;może prowadzić do omdlenia, a jej pierwsze objawy są podobne do objawów niedotlenienia;nie występuje u pilotów;występuje u pilotów, ale nie ma znaczenia podczas lotu;jest pożądana przy obniżaniu wysokości
1299;PL040-0308;Wymiana ciepła pomiędzy ustrojem a otoczeniem może zachodzić na drodze sposobów wymienionych niżej. Za pomocą których z nich ciepło może być przez ustrój zarówno zyskiwane jak i tracone :;promieniowanie;parowanie potu;przewodzenie;konwekcja
1300;PL040-0309;Wymiana gazowa u człowieka odbywa się w:;pęcherzykach płucnych;oskrzelach;krtani;tętnicach
1301;PL040-0310;Wypicie kawy po alkoholu :;nie przyspiesza znacząco jego eliminacji z krwi;przyspiesza dwukrotnie jego eliminację z krwi;przyspiesza trzykrotnie jego eliminację z krwi;spowalnia jego eliminację z krwi
1302;PL040-0311;Wysoka odporność emocjonalna pilota:;wywiera bardzo istotny wpływ na poprawną sprawność jego działania;nie ma znaczenia w wykonywaniu czynności lotniczych;ma znaczenie wyłącznie przy zagrożeniu bezpieczeństwa lotu;może zaburzać koncentrację uwagi i koordynację psychoruchową
1303;PL040-0312;Wysokość powyżej której nie wolno latać bez sprawnej aparatury tlenowej na pokładzie wynosi :;4 tys. m;3 tys. m;5 tys. m;6 tys. m
1304;PL040-0313;Wystąpienie nagłego bólu ucha podczas zniżania może być spowodowane:;niedrożną trąbką słuchową;drożną trąbką słuchową;przebitą błoną bębenkową;niedrożnym przewodem słuchowym zewnętrznym
1305;PL040-0314;Wystąpienie nagłego bólu ucha przy zniżaniu:;może być spowodowane nierównym ciśnieniem w uchu środkowym i jamie nosowo-gardłowej;nie ma związku z wyrównywaniem ciśnień w uchu środkowym i jamie nosowo-gardłowej;jest bezpośrednio związane z zapaleniem ucha środkowego;jest związane z chorobami nerwu słuchowego
1306;PL040-0315;Występowaniu wypadków związanych z dezorientacją przestrzenną można zapobiegnąć poprzez:;edukację i trening załóg lotniczych;podawanie leków przeciwko chorobie lokomocyjnej;używanie ochronników słuchu;wykonywanie lotów tylko w dzień
1307;PL040-0317;Z ilu jam składa się serce?;4;3;2;5
1308;PL040-0318;Zaburzenia uwagi to:;patologiczne zmniejszenie zakresu uwagi, jej koncentracji, trwałości, podzielności doprowadzające do ogólnego zmniejszenia zdolności odbierania bodźców zewnętrznych;zdolność do bardzo szybkiego przenoszenia uwagi z jednego elementu na drugi;niezdolność do zmiany zachowania aktualnego pod wpływem minionych doświadczeń;ograniczenie pola widzenia przy utrzymaniu uwagi dowolnej na tym samym poziomie
1309;PL040-0319;Zaczerwienienie skóry, obrzęk, uczucie pieczenia i pęcherze są objawami oparzenia stopnia :;II;I;III;IV
1310;PL040-0320;Zaćmą nazywamy schorzenie powodujące:;zmętnienie soczewki;zamglenie rogówki;męty w ciele szklistym;zmiany zwyrodnieniowe na dnie oka
1311;PL040-0321;Zaznacz prawidłową odpowiedź;tętnice odprowadzają krew od serca do tkanek;żyły odprowadzają krew od serca do tkanek;tętnice i żyły doprowadzają krew do serca;tętnice i żyły odprowadzają krew od serca
1312;PL040-0322;Zażycie amfetaminy powoduje:;nienaturalne, silne aktywizowane pobudzenie psychiczne i fizyczne z tendencją do zachowań brawurowych i agresywnych, gadatliwość (czasem słowotok), brak łaknienia, poty, poszerzone źrenice;nie są obserwowalne objawy zewnętrzne;apatia, wyciszenie, spowolnienie psychomotoryki, źrenice zwężone;silne halucynacje wzrokowo-słuchowe, ataki lęku
1313;PL040-0323;Zażycie marihuany lub haszyszu powoduje:;podniesienie nastroju, zaburzenia koncentracji i uwagi, osłabienie pamięci oraz orientacji, obniżenie krytycyzmu, lęk i urojenia prześladowcze, poszerzenie źrenic i zaczerwienienie spojówek;zubożenie emocjonalne, stępienie, sztywność, spłycenie uczuć, zachowania aspołeczne, unikanie kontaktów z ludźmi, nieuzasadniona wrogość, poczucie małej wartości;nie ma charakterystycznych objawów zewnętrznych;po niekontrolowanej euforii i pobudzenia: zanik woli i chęci działania, krótkotrwała depresja połączona z lękami i bezsennością
1314;PL040-0324;Zażywanie leków, które mają wpływ na przebieg procesów myślowych jest w lotnictwie:;zawsze zabronione;zawsze dozwolone;zabronione jedynie u pilotów liniowych;dozwolone jedynie u pilotów akrobacyjnych
1315;PL040-0325;Zdolność do pracy w środowisku wielozadaniowym polega na:;równoległym przetwarzaniu informacji, zdolności szybkiej zmiany wykonywanego zadania przy skutecznej koordynacji reakcji w czasie, odpowiednim przeznaczeniu zdolności przetwarzania informacji do wykonywania najważniejszych czynności;rozwijaniu, ukierunkowywaniu i regulowaniu energii służącej do osiągnięcia celu niezależnie od przeszkód i trudności przy zachowaniu pozytywnego stosunku do pracy;umiejętność wyboru i skoncentrowania się na zadaniu subiektywnie ocenianym jako najważniejsze;umiejętności podejmowania szybkiej decyzji na bazie właściwej interpretacji struktury problemu w czasie pracy zespołowej przy akceptacji zadań i ról zmierzających do osiągnięcia jednomyślności
1316;PL040-0326;Ze wzrostem wysokości ciśnienie parcjalne tlenu zmniejsza się:;wprost proporcjonalnie do spadku ciśnienia atmosferycznego;odwrotnie proporcjonalnie do spadku ciśnienia atmosferycznego;całkowicie niezależnie od spadku ciśnienia atmosferycznego;zależnie od temperatury powietrza
1317;PL040-0327;Ze wzrostem wysokości, w składzie powietrza :;skład procentowy gazów pozostaje bez zmian;zmniejsza się procentowa zawartość tlenu i azotu;zmniejsza się procentowa zawartość tlenu, azotu i CO2;zmniejsza się procentowa zawartość tlenu
1318;PL040-0328;Zespół stresu pourazowego to:;zespół opóźnionych reakcji stresowychw postaci dolegliwości natury psychicznej nawracających wielokrotnie nawet po upływie długiego czasu, związanych z ekspozycją na zdarzenie szczególnie przerażające lub katastroficzne;określenie rozdrażnienia typu neurastenicznego polegającego na zwiększonej pobudliwości na bodźce zmysłowe /światło, hałas, dotyk/ odbierane z subiektywnym poczuciem dyskomfortu lub bólu;określenie fazy rekonwalescencji w terapii chorób psychicznych po ustąpieniu objawów ostrych danego schorzenia;określenie zespołu objawów związanych z brakiem poczucia kontroli nad jedzeniem w chwilach smutku i przygnębienia
1319;PL040-0329;Zez to :;wada układu mięśniowego oczu;zaburzenie pracy mięśni rzęskowych;kręcz karku;zwichnięcie soczewki
1320;PL040-0330;Zjawisko meteoryzmu wysokościowego to:;objawy spowodowane zmianą objętością gazów w jamach ciała;uszkodzenie kabiny samolotu przez mikrometeoryty;objawy związane z uwalnianiem się gazów z tkanek;wspólna nazwa dla bólów stawów, mrowienia i świądu skóry
1321;PL040-0331;Zjedzenie tłustego posiłku powoduje szybsze pozbycie się alkoholu z krwi :;fałsz, zwalnia jedynie jego wchłanianie się z żołądka;fałsz przyspiesza jedynie jego wchłanianie z żołądka;prawda;prawda lub fałsz w zależności od rodzaju wypitego alkoholu
1322;PL040-0332;Złamanie kończyny dolnej może być doraźnie zaopatrzone przy użyciu bandaży i np.:;deski, parasolki lub narty unieruchamiając dwa sąsiednie stawy;właściwie umocowanych plastrów w miejscu złamania;bandażowania okolicy złamania;jałowej gazy
1323;PL040-0333;Złudzenia;są nieprawidłowymi odwzorowaniami rzeczywistości powstającymi w wyniku fizjologicznych, lub patologicznych procesów w mózgu;nie występują w lotnictwie;nie występują poniżej 2000 m;są prawidłowymi odwzorowaniami nieprawidłowych zachowań w rzeczywistości
1324;PL040-0334;Złudzenia pochodzące z narządu równowagi;mogą mieć miejsce szczególnie w przypadku lotu bez widoczności lub lotów nocnych;mogą mieć miejsce szczególnie w czasie lotu przy dobrej pogodzie;nie mają znaczenia przy locie w chmurach;mają miejsce jedynie w lotnictwie liniowym
1325;PL040-0335;Złudzenia somatograwitacyjn e spowodowane są głównie działaniem :;przyspieszeń liniowych na narządy otolitowe;przyspieszeń liniowych na kanały półkoliste;przyspieszeń kątowych na narządy otolitowe;przyspieszeń kątowych na kanały półkoliste
1326;PL040-0336;Złudzenia wzrokowe;mogą mieć miejsce szczególnie w lotach nocnych;mogą mieć miejsce szczególnie podczas lotu bez widoczności;mogą mieć miejsce szczególnie podczas lotu w dobrej pogodzie;mają miejsce jedynie w lotnictwie liniowym
1327;PL040-0337;Złudzenie autokinezy polega na :;fałszywym odczuciu ruchu nieruchomego punktu świetlnego;złudzeniu lotu z przechyleniem na skrzydło;odczuciu zbyt dużego kąta wznoszenia podczas startu;złudzeniu ruchu obrotowego podczas wyprowadzania z korkociągu
1328;PL040-0338;Złudzenie sensoryczne /iluzja/ to:;błędna interpretacja sytuacji percepcyjnej będąca funkcją zniekształceń informacji otrzymywanych z wzorca sensorycznego;stan wrażliwości zmysłowej umożliwiający dostrzeganie szczegółów;aktywne przetwarzanie i przesyłanie informacji przy dużej selekcji bodźców;rzadko spotykany efekt symulacji zjawiska uwagi selektywnej
1329;PL040-0339;Zmęczenie wzroku pilota w lotach dziennych na małej wysokości wynika z :;konieczności stałego przenoszenia wzroku z szybko przesuwających się obiektów naziemnych na przyrządy pokładowe;niepełnej adaptacji;ubytków w polu widzenia;małej prędkości kątowej
1330;PL040-0340;Zmiana ciśnienia atmosferycznego między otoczeniem a uchem środkowym wyrównywane jest przez:;trąbkę słuchową Eustachiusza;kanały półkoliste;młoteczek i kowadełko;ślimak
1331;PL040-0341;Znacznie rozszerzone źrenice oraz pobudzenie psychoruchowe MOGĄ być objawem zażycia:;amfetaminy;kannabinoli (marihuana, haszysz);morfiny;heroiny
1332;PL050-0001;‘Deszcz przechłodzony” występuje, gdy:;Temperatura cząsteczek wody jest niższa od 0°C z zachowaniem stanu ciekłego;Temperatura cząsteczek wody jest wyższa od 0°C;Temperatura cząsteczek wody jest wyższa od temperatury powietrza otaczającego;Temperatura cząsteczek jest taka sama jak temperatura powietrza otaczającego
1333;PL050-0002;"‘Studnia termiczna” to;";Prąd opadający, występujący obok prądu pionowego;Prąd niewystępujący w dniach termiki wypracowanej;Prąd opadający mniejszy od przekroju prądów wstępujących;Prąd wstępujący lub opadający-jest miarą prędkości wznoszenia lub opadania szybowca
1334;PL050-0003;Burze występują głównie na frontach:;Chłodnych II rodzaju;Chłodnych I rodzaju;Ciepłych;Okluzji ciepłej
1335;PL050-0007;Chmury Ac lub Sc Castellanus występujące o poranku zapowiadają:;Popołudniowe burze;Opady ciągłe w godzinach wieczornych;Pogodę bez opadów;Nocne mgły
1336;PL050-0008;Chmury Ci unc zapowiadają:;Zbliżanie frontu ciepłego;Zbliżanie frontu chłodnego;Ładną pogodę;Pogodę burzową
1337;PL050-0010;Chmury Cs zapowiadają zbliżanie:;Frontu ciepłego;Frontu chłodnego I rodzaju;Frontu chłodnego II rodzaju;Słonecznej pogody
1338;PL050-0011;Chmury Cu są oznaką występowania równowagi:;Chwiejnej;Stałej;Obojętnej;Nieustalonej
1339;PL050-0012;Chmury Cu zaliczamy do:;Grupy chmur o budowie pionowej;Piętra średniego;Piętra wysokiego;Piętra niskiego
1340;PL050-0013;Chmury o budowie warstwowej to:;St, Cs;Ci, Cc;Sc, Ac;Cu, Cb
1341;PL050-0014;Chmury pięknej pogody to:;Cu hum;St fra;Cb;Cs
1342;PL050-0015;Chmury piętra średniego to:;Ac, As;Cc, Ci;St, Sc;Cb, Cu
1343;PL050-0016;Chmury St fra są to chmury:;Postrzępione;Soczewkowate;Wypiętrzone;Ładnej pogody
1344;PL050-0017;Chmury warstwowe to:;Ns As;Cu Ci;Sc Ac;Cb Cu
1345;PL050-0018;Chwilowy wzrost prędkości wiatru występuje przy przechodzeniu chmur:;Cb;Ci;St;Sc
1346;PL050-0019;Ciśnienie na wysokości 1,5 km wynosi około:;850 hPa;1050 hPa;700 hPa;500 hPa
1347;PL050-0020;Ciśnienie przed frontem ciepłym:;Spada;Rośnie;Nie zmienia się;Wykazuje nieregularny wzrost
1348;PL050-0022;Ciśnienie w warstwie przyziemnej zmienia się o 1 hPa przy zmianie wysokości o:;około 8 m;100 m;20m;2m
1349;PL050-0023;Ciśnienie wraz z wysokością:;Maleje o około 1 hPa/8 m;Maleje o 1 hPa/100 m;Nie zmienia się;Maleje liniowo
1350;PL050-0025;Ciśnienie za frontem chłodnym:;Rośnie;Spada;Nie zmienia się;Maleje nieregularnie
1351;PL050-0026;Cu hum to chmura:;Pięknej pogody;Wypiętrzona;Średnio rozbudowana;Postrzępiona
1352;PL050-0027;Cyrkulacja powietrza w wyżu na półkuli północnej jest:;Zgodna z ruchem wskazówek zegara z odchyleniem ku ciśnieniu niższemu;Od niżu do wyżu;Od wyżu do niżu;Zgodna z ruchem wskazówek zegara wzdłuż izobar
1353;PL050-0028;Długotrwała jest mgła:;Adwekcyjna;Radiacyjna;Konwekcyjna;Z wyparowania
1354;PL050-0031;Front chłodny przyspieszony przemieszcza się z prędkością:;Około 60 - 80 km/h;90 – 100 km/h;5 – 10 km/h;20 – 40 km/h
1355;PL050-0032;Front ciepły przemieszcza się z prędkością:;20 – 40 km/h;10 – 15 km/h;5 – 10 km/h;40 – 45 km/h
1356;PL050-0033;Front okluzji powstaje:;Z połączenia frontu chłodnego z ciepłym;Z rozmycia frontu ciepłego;Z rozmycia frontu chłodnego;Ze zbliżania wyżu do niżu
1357;PL050-0034;Gdy temperatura powietrza obniża się do temperatury punktu rosy to:;Widzialność zmniejsza się;Widzialność nie zmienia się;Widzialność rośnie;Pogoda się poprawia
1358;PL050-0035;Inwersja z osiadania powstaje w:;Wyżach;Niżach;Zatokach niżowych;Siodłach barycznych
1359;PL050-0036;Izobary przedstawiają rozkład:;Poziomy rozkład zmian ciśnienia atmosferycznego zredukowanego do średniego poziomu morza;Rozkład ciśnienia atmosferycznego;Rozkład wysokości powierzchni jednakowego ciśnienia;Rozkład jednakowej prędkości wiatru
1360;PL050-0037;Izobary to linie jednakowego ciśnienia na poziomie:;Morza;Ziemi;1km;2 m
1361;PL050-0039;Izobary to linie łączące punkty o jednakowym:;Ciśnieniu zredukowanym do średniego poziomu morza;Ciśnieniu na poziomie ziemi;Spadku ciśnienia;Wzroście ciśnienia
1362;PL050-0040;Kierunek wiatru względem izobar jest:;Odchylony pod kątem około 30° ze skrętem ku ciśnieniu niższemu;Równoległy do izobar;Prostopadły do izobar;Niezwiązany z izobarami
1363;PL050-0043;Mgła adwekcyjna powstaje:;Przy napływie ciepłego powietrza;Przy napływie chłodnego powietrza;Wskutek wypromieniowania ciepła;Przy napływie powietrza kontynentalnego
1364;PL050-0045;Mgła powstaje w wyniku:;Kondensacji pary wodnej;Wzrostu zapylenia;Wzrostu zmętnienia;Zadymienie
1365;PL050-0046;Mgła radiacyjna powstaje:;W godzinach nocnych;Przed południem;Po południu;W dowolnej porze doby
1366;PL050-0048;Mgły w niżu powstają:;Po przejściu frontu ciepłego;Przed frontem ciepłym;Po przejściu frontu chłodnego;Nie powstają
1367;PL050-0049;Na wysokości 400 m nad ziemią ciśnienie jest:;niższe o 50 hPa;niższe o 4 hPa;wyższe o 40 hPa;wyższe o 2,2 hPa
1368;PL050-0050;Na wysokości około 1,5 km ciśnienie wynosi:;850 hPa;700 hPa;500 hPa;925 hPa
1369;PL050-0052;Nagrzane suche powietrze wznosząc się do podstawy chmur Cu:;Ochładza się o 1°C/100 m;Ogrzewa się o 1°C/100 m;Ochładza się o 0,65°C/100 m;Ogrzewa się o 0,65°C/100 m
1370;PL050-0053;Najbardziej gwałtowne zmiany pogody występują:;Przy przechodzeniu frontu chłodnego II rodzaju;Przy przechodzeniu klina wyżowego;W siodłach barycznych;Przy przechodzeniu frontu ciepłego
1371;PL050-0054;Najdłużej utrzymuje się mgła:;Adwekcyjna;Radiacyjna;Z wyparowania;Wieczorna
1372;PL050-0055;Najgroźniejsze oblodzenie występuje w chmurach przy temperaturze:;0°C do - 10°C;- 10°C do - 20°C;0°C do +10°C;- 20°C do - 40°C
1373;PL050-0056;Najgroźniejsze oblodzenie występuje w chmurach:;Cb, Ns;St, Sc;Ac, Cc;Ci, Cs
1374;PL050-0057;Najniższa warstwa atmosfery to:;Troposfera;Stratosfera;Tropopauza;Stratopauza
1375;PL050-0059;Najniższe podstawy ma chmura:;St;Cu;Sc;As
1376;PL050-0063;Najwięcej mgieł występuje:;Późną jesienią i podczas ciepłej zimy;Wiosną;Latem;Podczas mroźnej zimy
1377;PL050-0064;Największa turbulencja występuje:;Podczas przechodzenia frontu chłodnego II rodzaju;Po przejściu frontu chłodnego I rodzaju;Przed frontem ciepłym;Po ustąpieniu mgły
1378;PL050-0065;Nocna inwersja przyziemna temperatury powstaje z powodu:;Wypromieniowania ciepła z podłoża;Wyparowania;Napływu chłodnego powietrza;Napływu ciepłego powietrza
1379;PL050-0067;O mgle mówimy, gdy widzialność jest mniejsza od:;1000 m;100 m;500 m;3000 m
1380;PL050-0068;Okluzja o charakterze frontu chłodnego występuje w Polsce głównie w:;Ciepłej porze roku;Chłodnej porze roku;W pierwszym kwartale roku;Wiosną
1381;PL050-0069;Opady gradu występują z chmur:;Cb;Ns;St;Ac
1382;PL050-0071;Opady marznące powodują powstanie na powierzchni ziemi:;Gołoledzi;Szronu;Rosy;Mokrej nawierzchni
1383;PL050-0072;Opady mżawki występują z chmur:;St;Ns;Cs;Cb
1384;PL050-0073;Oznaką termiki są chmury:;Cu, Cb;Sc, Ac;St, Ns;Ci, Cs
1385;PL050-0074;Oznaką turbulencji na małych wysokościach są:;Nagłe nasilenia i zmiany prędkości wiatru;Wiatry spokojne bez porywów;Wiatry słabe;Cisze
1386;PL050-0076;Podczas termiki z chmurami:;Turbulencja występuje;Turbulencja nie występuje;Turbulencja występuje tylko ponad chmurami;Turbulencja występuje tylko poza chmurami
1387;PL050-0077;Podstawa chmur to odległość:;Od ziemi do dolnej granicy chmur;Od ziemi do górnej granicy chmur;Od poziomu morza do dolnej granicy chmur;Od poziomu morza do górnej granicy chmur
1388;PL050-0078;Pomiary za pomocą radiosond są wykonywane w głównych terminach w godz.:;00 i 12 UTC;03 i 15 UTC;09 i 18 UTC;Co godzinę o pełnej
1389;PL050-0079;Poryw wiatru jest to nagły wzrost prędkości wiatru przewyższający prędkość średnią o:;5 m/s;10 m/s;3 m/s;5 węzłów
1390;PL050-0081;Powietrze nagrzane wznosząc się do góry od powierzchni ziemi (suchoadiabatyczny gradient temp.):;Ochładza się o 1° C/100 m;Ochładza się o 0,5°C/ 100 m;Ogrzewa się o 1°C/100 m;Ogrzewa się o 0,5°C/100 m
1391;PL050-0082;Prędkość wiatru jest większa w:;Niżu;Obszarze bezgradientowym;Siodle barycznym;Wyżu
1392;PL050-0084;Prędkość wiatru, w dolnej atmoferze, wraz z wysokością najczęściej:;Wzrasta;Maleje;Nie zmienia się;Nie wykazuje żadnego związku
1393;PL050-0085;Przed ciepłym frontem ciśnienie:;maleje;nie zmienia się;wzrasta;początkowo spada a następnie wzrasta
1394;PL050-0086;Przy froncie ciepłym występują głównie chmury:;Warstwowe;Kłębiaste;Kłębiasto - warstwowe;Tylko pierzaste
1395;PL050-0087;Przy froncie ciepłym występują:;długotrwałe opady ciągłe;krótkotrwałe opady przelotne;opady nie występują;opady chwilowe
1396;PL050-0088;Przy przechodzeniu frontu chłodnego:;Kierunek wiatru gwałtownie skręca w prawo a prędkość wzrasta;Kierunek wiatru gwałtownie skręca w lewo a prędkość wzrasta;Kierunek wiatru się nie zmienia a prędkość wiatru wzrasta;Kierunek wiatru gwałtownie skręca w prawo a prędkość nie zmienia się
1397;PL050-0089;Przyziemna inwersja temperatury z wypromieniowania powstaje:;W godzinach nocnych;W godzinach popołudniowych;W godzinach przedpołudniowych;W południe
1398;PL050-0090;Rozkład temperatury z wysokością w troposferze jest mierzony za pomocą:;Radiosond;Balonów na uwięzi;Termometru;Radaru
1399;PL050-0091;Równowaga chwiejna występuje, gdy gradient rzeczywisty jest:;Większy od adiabatycznego;Mniejszy od adiabatycznego;Równy adiabatycznemu;Niezależny od gradientu adiabatycznego
1400;PL050-0092;Spadek ciśnienia oznacza zbliżanie się:;niżu;wyżu;wału wyżowego;siodła barycznego
1401;PL050-0093;Spokojny wślizg powietrza występuje przy froncie:;Ciepłym;Chłodnym II rodzaju;Okluzji chłodnej;Wtórnym chłodnym
1402;PL050-0094;Strefa opadów związanych z frontem ciepłym występuje:;Przed frontem w odległości 300-400 km;Za frontem;Wzdłuż linii frontu;Przed frontem w odległości 50-100 km
1403;PL050-0095;Symbol graficzny ,, oznacza:;Opad mżawki;Opad deszczu przelotnego;Opad śniegu;Opad gradu
1404;PL050-0096;Temperatura powietrza na stacjach meteorologicznych jest mierzona na wysokości:;2 m;10 m;5 cm;100 m
1405;PL050-0097;Temperatura punktu rosy jest to temperatura:;W której powietrze osiąga stan nasycenia;W której powstaje rosa;W której występują przymrozki;Zamarza woda
1406;PL050-0098;Temperatura punktu rosy to temperatura:;Przy której następuje kondensacja pary wodnej;Przy której parowanie jest największe;Przy której rosa zamienia się w szadź;Przy której powstaje szron
1407;PL050-0100;Dla atmosfery wzorcowej (ISA), temperatura w najniższej warstwie wraz z wysokością:;Maleje o 0,65°C/100 m;Rośnie o 0,5°C/100 m;Maleje o 1°/100 m;Maleje o 1,2°/100 m
1408;PL050-0102;Temperatura, przy której skrapla się para wodna to:;Temperatura punktu rosy;Temperatura parowania;0°C;Temperatura powietrza suchego
1409;PL050-0103;Termika powstaje:;W ciągu słonecznego dnia;Podczas mglistego poranka;W godzinach przedwieczornych;W godzinach nocnych
1410;PL050-0104;Tropopauza jest najwyższa:;Nad równikiem;Nad biegunem;W umiarkowanych szerokościach geograficznych;Nad Polską
1411;PL050-0105;Tropopauza w umiarkowanych szerokościach geograficznych jest w pobliżu powierzchni izobarycznej:;250 hPa;500 hPa;100 hPa;700 hPa
1412;PL050-0106;Uskok wiatru towarzyszy chmurze:;Cb;St;Ns;Cu
1413;PL050-0107;Warstwa od ziemi do wysokości około 11 km to:;troposfera;tropopauza;stratosfera;warstwa tarcia
1414;PL050-0108;Wiatr dolny jest mierzony na wysokości:;10 m;2 m;100 m;Przy gruncie
1415;PL050-0112;Wiatr porywisty podaje się, gdy:;prędkość maksymalna przekracza średnią o 5 m/s;prędkość wiatru przekracza 10 m/s;prędkość maksymalna przekracza średnią barycznego 10 m/s;prędkość wiatru jest duża
1416;PL050-0113;Wiatr w niżu na półkuli północnej wieje:;Przeciwnie do ruchu wskazówek zegara ze skrętem ku środkowi niżu;Przeciwnie do ruchu wskazówek zegara wzdłuż izobar;Od ciśnienia wyższego do niższego;Od ciśnienia niższego do wyższego
1417;PL050-0114;Na półkuli północnej wiatr w niżu wieje;Przeciwnie do ruchu wskazówek zegara ze skrętem ku ciśnieniu niższemu;Przeciwnie do ruchu wskazówek zegara, wzdłuż izobar;Od wyżu do niżu;Prostopadle do izobar
1418;PL050-0115;Wiatr z kierunku zachodniego to w stopniach:;270;360;90;315
1419;PL050-0116;Wiatry górne dla FL050 są wyznaczone z mapy:;850 hPa;700 hPa;900 hPa;Dolnej
1420;PL050-0117;Wiatry górne i temperatura na wyższych wysokościach są mierzone:;W pomiarach radiosondażowych;W pomiarach aktynometrycznych;W pomiarach radarowych;W klatkach meteorologicznych i wiatromierzach
1421;PL050-0118;Widzialność poprawia się przy napływie powietrza:;Chłodnego;Ciepłego i wilgotnego;Upalnego;Zapylonego
1422;PL050-0119;Wilgotność względna powietrza jest wyrażana w:;Procentach;Stopniach C;Gramach pary wodnej;Gramach wody/m3
1423;PL050-0120;Wycinek ciepły niżu to obszar:;Między frontem ciepłym a chłodnym;Przed frontem ciepłym;Przed frontem okluzji;Za frontem chłodnym
1424;PL050-0121;Wypiętrzone chmury Cu to:;Congestus;Mediocris;Humilis;Fractus
1425;PL050-0122;Wysokość izotermy 0°C jest wyznaczona z pomiarów:;Radiosondażowych;Aktynometrycznych;Radarowych;Temperatury w klatkach meteorologicznych
1426;PL050-0123;Wzrost ciśnienia oznacza zbliżanie:;Wyżu;Niżu;Siodła barycznego;Zatoki niskiego ciśnienia
1427;PL050-0124;Z okluzją ciepłą związane są układy chmur towarzyszące frontowi:;Ciepłemu;Chłodnemu I rodzaju;Chłodnemu II rodzaju;Zokludowanemu o charakterze frontu chłodnego
1428;PL050-0125;Za frontem chłodnym w okresie lata napływają masy:;PPm;PAm;PZm;PAk
1429;PL050-0126;Zbliżanie frontu ciepłego zapowiadają chmury wysokie o wyglądzie:;Haczykowatym;Poplątanych włókien;Skłębionych włókien;Nieokreślonym
1430;PL050-0127;Zjawisko „Bryza” powstaje:;W rejonie brzegu morskiego;Na obszarach górzystych i pagórkowatych;W rejonie Górnego Śląska;W rejonie Jury Częstochowskiej
1431;PL050-0128;Zjawisko halo występujące na chmurach warstwowych zapowiada zbliżanie:;Frontu ciepłego;Frontu chłodnego II rodzaju;Frontu chłodnego I rodzaju;Słonecznej pogody
1432;PL050-0129;Źródłem mas powietrza arktycznego jest:;Arktyka;Północno-wschodnia część Atlantyku;Północna Afryka;Północna Kanada
1433;PL050-0130;Ciśnienie w hPa możemy przeliczyć na mm Hg mnożąc przez:;0,75;1,33333333333333;0,666666666666667;1,25
1434;PL050-0131;Gradient sucho- adiabatyczny wynosi:;1°C/100 m;1,2°C/100 m;0,65°C/100 m;0,5°C/100 m
1435;PL050-0132;Kominy termiczne są charakterystyczne dla termiki:;Wypracowanej;Naniesionej z chmurami Cu;Naniesionej bezchmurnej;Wieczornej
1436;PL050-0133;Noszenia falowe powstają nad terenami Polski w:;Rejonie Tatr, Karkonoszy, Beskidów;Rejonie Wielkopolski;Rejonie Mazowsza;Rejonie Pomorza
1437;PL050-0134;Noszenia zboczowe powstają:;Na obszarach górzystych i pagórkowatych;Górny Śląsk;Mazowsze;Wielkopolska
1438;PL050-0135;Opady ciągłe występują z chmur:;Warstwowych;Kłębiastych;Warstwowo - kłębiastych;Pierzastych
1439;PL050-0137;Opady ciągłe występują z chmur:;St, Ns, As;Cu, Cb;Ac, Cc, Cs;Sc, Ci
1440;PL050-0138;Opady ciągłe występują z chmur:;Ns;Ac;Cb;Sc
1441;PL050-0139;Opady ciągłe występują:;Przed frontem ciepłym;Po przejściu frontu ciepłego;Przy froncie chłodnym przyspieszonych;Przed frontem chłodnym opóźnionym
1442;PL050-0141;Pionowy gradient temperatury (wilgotnoadiabatyc zny) w troposferze wynosi:;0,65°C/100 m;1°C/100 m;1,2°C/100 m;0,4°C/100 m
1443;PL050-0144;Podstawy chmur St nie przekraczają:;300 m;100 m;1000 m;2000 m
1444;PL050-0145;Przy ruchach falowych powstają chmury:;Lenticularis;Castellanus;Uncinus;Fractus
1445;PL050-0146;Równowaga chwiejna występuje, gdy:;Rzeczywisty gradient temperatury jest większy od adiabatycznego;Rzeczywisty gradient temperatury jest mniejszy od adiabatycznego;Rzeczywisty gradient jest równy adiabatycznemu;Rzeczywisty gradient temperatury wynosi 0,65% gradientu adiabatycznego
1446;PL050-0147;Ruchy falowe powstają głównie:;W górach;Nad morzem;Nad terenami równinnymi;Nad terenami pagórkowatymi
1447;PL050-0148;Ruchy falowe w Polsce powstają przy wiatrach:;Południowych;Zachodnich;Północnych;Wschodnich
1448;PL050-0149;Szlaki chmur Cu są charakterystyczne dla termiki:;Naniesionej;Wypracowanej z chmurami Cu;Wypracowanej bezchmurnej;Wieczornej
1449;PL050-0150;Średnia wartość gradientu wilgotno- adiabatycznego wynosi:;0,6°/100 m;1°/100 m;1,2°/100 m;0,3°/100 m
1450;PL050-0151;Temperatura na wysokości 500 m może być wyższa od przyziemnej, gdy występuje:;Inwersja;Izoterma;Spadek temperatury mniejszy od 0,2°C/10 0m;Spadek temperatury 0,65°/10 0m
1451;PL050-0153;Termika naniesiona powstaje przy napływie:;Powietrza arktycznego lub polarno-morskiego;Powietrza polarno- kontynentalnego;Powietrza zwrotnikowo- kontynentalnego;Powietrza równikowego
1452;PL050-0154;Termika naniesiona powstaje:;Po przejściu frontu chłodnego;Przed frontem chłodnym;Przed frontem ciepłym;Po przejściu frontu ciepłego
1453;PL050-0155;Termika wypracowana powstaje:;W wyżach;W niżach;W zatokach niżowych;W bruzdach niskiego ciśnienia
1454;PL050-0156;Ciągły opad deszczu ze śniegiem wskazuje na występowanie:;Oblodzenia;Turbulencji;Zjawiska halo;Dobrej widzialności
1455;PL050-0158;Depesza TAF zawiera:;Prognozę pogody dla lotniska;Prognozę pogody dla rejony lotniska;Prognozę pogody dla trasy lotniczej;Ostrzeżenie o zjawiskach groźnych
1456;PL050-0159;EMBD odnosi się do chmur:;Cb;Ns;Cc;Sc
1457;PL050-0160;Izohipsy są to linie:;Jednakowej wysokości powierzchni izobarycznej;Jednakowej grubości warstwy;Jednakowego ciśnienia;Jednakowej prędkości wiatru
1458;PL050-0161;JET-STREAM jest to:;Niezbyt gruba ok. 2 km i wąska strefa bardzo silnych wiatrów występująca na poziomie 9 – 12 km;Wiatr lokalny występujący na terenach gór;Wiatr wiejący z prędkością przewyższającą 120 km/h;Wiatr towarzyszący silnemu wyładowaniu atmosferycznemu
1459;PL050-0162;JET-STREAM osiąga maksymalnie:;Ok. 500 km/h;400 – 450 km/h;600 – 700 km/h;650 – 700 km/h
1460;PL050-0163;JET-STREAM występuje:;W strefie frontu polarnego;W strefie dwóch mas powietrza o dużych różnicach wilgotności;W strefie dwóch mas powietrza o małych różnicach wilgotności i temperatury;W strefie niskiego ciśnienia
1461;PL050-0164;Mapa dla FL 180 to powierzchnia izobaryczna:;500 hPa;700 hPa;850 hPa;100 hPa
1462;PL050-0165;METAR podaje:;Obserwacje regularne;Obserwacje specjalne;Prognozy pogody;Ostrzeżenia
1463;PL050-0166;NOSIG oznacza:;Nie są prognozowane żadne istotne miany;Brak depeszy TAF;Brak depeszy METAR;Brak ostrzeżenia
1464;PL050-0167;Opady ciągłe występują z chmur:;Warstwowych;Kłębiastych;Warstwowo - kłębiastych;Pierzastych
1465;PL050-0171;Opady ciągłe występują:;Przed frontem ciepłym;Po przejściu frontu ciepłego;Przy froncie chłodnym przyspieszonych;Przed frontem chłodnym opóźnionym
1466;PL050-0172;Opady ciągłe występują:;Przed frontem ciepłym;Po przejściu frontu ciepłego;Przy froncie chłodnym przyspieszonym;Za frontem chłodnym przyspieszonym
1467;PL050-0173;Pionowy gradient temperatury w troposferze wynosi:;0,65°C/100 m;1°C/100 m;1,2°C/100 m;0,4°C/100 m
1468;PL050-0175;Podczas mgły widzialność nie przekracza:;1000 m;100 m;3000 m;500 m
1469;PL050-0176;Podstawy chmur St nie przekraczają:;300 m;1000 m;2000 m;6000 m
1470;PL050-0178;Przy deszczu ciągłym umiarkowanym grupa chmurowa ma postać:;OVC010;BKN013CB;SCT100;FEW010
1471;PL050-0180;RVR należy podawać, gdy widzialność jest:;mniejsza równa 1500 m;mniejsza równa 2000 m;mniejsza równa 3000 m;mniejsza równa 1000 m
1472;PL050-0181;SIGMET należy opracowywać o następujących burzach:;FRA TS;ISOL TS;OCAL TS;RISK TS
1473;PL050-0182;SIGMET to:;Ostrzeżenie dla przestrzeni powietrznej lub trasy;Ostrzeżenie dla lotniska;Ostrzeżenie dla stacji radarowej;Ostrzeżenie dla stacji meteo
1474;PL050-0183;Temperatura na wysokości 500 m może być wyższa od przyziemnej, gdy występuje:;Inwersja;Izoterma;Spadek temperatury mniejszy od 0,2°C/100m;Spadek temperatury 0,65°/100m
1475;PL050-0185;TEMPO oznacza zmiany:;Krótkotrwałe trwające krócej niż 1 godz;Krótkotrwałe trwające krócej niż pół godz;Stopniowe;Zmiany w okresie ważności prognozy
1476;PL050-0186;W grupie OVC070 zaszyfrowane są chmury:;As;Ac;Sc;St
1477;PL050-0187;W przypadku bezchmurnego nieba z oblodzeniem można się spotkać w przypadku:;Gdy temperatura powierzchni samolotu jest niższa od temperatury powietrza otaczającego;Gdy temperatura powierzchni samolotu jest wyższa od temperatury powietrza otaczającego;Gdy temperatura powierzchni samolotu jest taka sama jak temperatura powietrza wilgotnego;Gdy temperatura powierzchni samolotu przemieszcza się w masie powietrza suchego
1478;PL050-0188;Wiatr wieje względem izohips:;Równolegle;Prostopadle;Pod kątem 30°;Pod kątem 60°
1479;PL060-0001;762 metry to po przeliczeniu:;2 500 stóp;25000 stóp;2 300 stóp;232.3 stóp
1480;PL060-0002;Ciśnienie panujące na progu drogi startowej w użyciu oznaczamy jako:;QFE;QNE;QNH;STD
1481;PL060-0003;Deklinacja magnetyczna to:;kąt zawarty między północnym kierunkiem południka geograficznego a północnym kierunkiem południka magnetycznego;kąt zawarty między kierunkiem wektora magnetycznego Ziemi a płaszczyzną styczną do jej powierzchni;kąt zawarty między południkiem magnetycznym a południkiem busoli, mierzony zgodnie z połówkowym systemem pomiaru kierunku;linia łącząca punkty o jednakowej wartości inklinacji
1482;PL060-0004;Dewiacja busoli to:;kąt zawarty pomiędzy połnocnym kierunkiem południka magnetycznego a północnym kierunkiem południka busoli, mierzony zgodnie z połówkowym systemem pomiaru kierunku;kąt zawarty między południkiem geograficznym a południkiem magnetycznym;kąt zawarty między kierunkiem wektora magnetycznego Ziemi a płaszczyzną styczną do jej powierzchni;linia łącząca punkty o jednakowej wartości deklinacji
1483;PL060-0005;Długość geograficzna to:;kąt dwuścienny, zawarty między płaszczyzną południka zerowego a płaszczyzną południka przechodzącego przez dany punkt na powierzchni Ziemi;łuk łączący oba bieguny geograficzne Ziemi, będący przecięciem powierzchni Ziemi płaszczyzną przechodzącą przez oś obrotu Ziemi;łuk powstały w wyniku przecięcia powierzchni Ziemi płaszczyzną prostopadłą do osi Ziemi przechodzącą przez jej środek;kąt zawarty między płaszczyzną równika a pionem (promieniem) danego punktu
1484;PL060-0006;Do określenia trójwymiarowej pozycji obiektu według GPS potrzeba:;odbioru sygnału czterech satelitów,;odbioru sygnału dwóch satelitów,;dwóch odbiorników,;trzech odbiorników
1485;PL060-0007;Zjawisko zmienności pola magnetycznego Ziemi jest wykorzystywane przez:;Busolę magnetyczną;Chyłomierz poprzeczny;VOR/ILS;Wariometr
1486;PL060-0008;Godzina 0100 czasu lokalnego latem w Polsce odpowiada godzinie:;2300 UTC dnia poprzedniego;2400 UTC dnia poprzedniego;0100 UTC;0200 UTC
1487;PL060-0009;Godzina 0300 czasu lokalnego latem w Polsce odpowiada godzinie:;0100 UTC;0400 UTC;0200 UTC;1500 UTC
1488;PL060-0010;Godzina 0300 czasu lokalnego zimą w Polsce odpowiada godzinie:;0200 UTC;0400 UTC;0100 UTC;1500 UTC
1489;PL060-0011;Godzina 1300 czasu lokalnego zimą w Polsce odpowiada godzinie:;1200 UTC;1400 UTC;0100 UTC;1100 UTC
1490;PL060-0012;Godzina 2300 czasu lokalnego latem w Polsce odpowiada godzinie:;2100 UTC;0100 UTC dnia następnego;2200 UTC;1100 UTC
1491;PL060-0013;Odcinek 105 km odpowiada na mapie lotniczej w skali 1:500 000:;21 cm;42 cm;25 cm;10.5 cm
1492;PL060-0014;Jaka jest wartość inklinacji na Północnym Biegunie Magnetycznym?;90 stopni;0 stopni;60 stopni;45 stopni
1493;PL060-0015;Inklinacja magnetyczna to:;Kąt zawarty pomiędzy płaszczyzną horyzontu a kierunkiem wektora natężenia pola magnetycznego Ziemi;Kąt zawarty między południkiem geograficznym a południkiem magnetycznym;Kąt zawarty między południkiem magnetycznym a południkiem busoli, mierzony zgodnie z połówkowym systemem pomiaru kierunku;Linia łącząca punkty o jednakowej wartości deklinacji
1494;PL060-0016;Izogona to:;Linia łącząca punkty o jednakowej wartości deklinacji;Kąt zawarty między południkiem geograficznym a południkiem magnetycznym;Kąt zawarty między południkiem magnetycznym a południkiem busoli, mierzony zgodnie z połówkowym systemem pomiaru kierunku;Kąt zawarty między kierunkiem wektora magnetycznego Ziemi a płaszczyzną styczną do jej powierzchni
1495;PL060-0017;Jaka jest wartość inklinacji na Południowym Biegunie Magnetycznym?;- 90 stopni;0 stopni;- 60 stopni;- 45 stopni
1496;PL060-0018;Jaki kierunek określamy jako NE?;045°;095°;135°;345°
1497;PL060-0019;Jaki kierunek określamy jako NW?;315°;295°;335°;205°
1498;PL060-0020;Jaki kierunek określamy jako SE?;135°;095°;315°;045°
1499;PL060-0021;Jaki kierunek określamy jako SW?;225°;295°;335°;205°
1500;PL060-0022;Jeden stopień łuku koła wielkiego Ziemi odpowiada odległości:;60 Mm;1 Mm;60 km;100 km
1501;PL060-0023;Jedna mila morska [1 Mm] to:;1852m;1620m;1820m;1013m
1502;PL060-0024;Jedna minuta łuku koła wielkiego Ziemi odpowiada odległości:;1 NM;1 km;60 km;2 km
1503;PL060-0025;Jest godzina 1200 UTC. Kierownik lotów na lotnisku Łódź-Lublinek patrzy prosto na południe. Widzi on tarczę słońca:;po prawej stronie;po lewej stronie;dokładnie przed sobą;w czasie letnim po prawej, w czasie zimowym - po lewej stronie
1504;PL060-0026;Jeżeli na wysokosciomierzu ustawisz ciśnienie QNH, to bedzie on wskazywał:;wysokość bezwzględną;wysokość rzeczywistą;wysokość względną;poziom lotu
1505;PL060-0027;Jeżeli deklinacja magnetyczna i dewiacja busoli jest dodatnia, to kurs busoli jest:;mniejszy od kursu rzeczywistego;większy od kursu rzeczywistego;równy kursowi magnetycznemu;równy kursowi rzeczywistemu
1506;PL060-0028;Jeżeli deklinacja magnetyczna i dewiacja busoli jest ujemna, to kurs busoli jest:;większy od kursu rzeczywistego;mniejszy od kursu rzeczywistego;równy kursowi magnetycznemu;równy kursowi rzeczywistemu
1507;PL060-0029;Jeżeli wektor wiatru jest prostopadły do nakazanej linii drogi, to kąt znoszenia jest:;maksymalny;równy zero;dodatn lub ujemny, lecz nie jest maksymalny;pomijalnie mały
1508;PL060-0030;Kąt dwuścienny, zawarty między płaszczyzną południka zerowego a płaszczyzną południka przechodzącego przez dany punkt na powierzchni Ziemi, to:;długość geograficzna;południk ziemski;równik;szerokość geograficzna
1509;PL060-0031;kąt zawarty pomiędzy płaszczyzną horyzontu a kierunkiem wektora natężenie pola magnetycznego Ziemi to:;inklinacja;deklinacja;dewiacja;izogona
1510;PL060-0032;Kąt środkowy zawarty miedzy płaszczyzną równika a prostą łaczącą środek Ziemi z rónoleżnikiem pozycji samolotu to:;szerokość geograficzna;południk ziemski;równik;długość geograficzna
1511;PL060-0033;Kąt zawarty pomiędzy północnym kierunkiem południka geograficznego a północnym kierunkiem południka magnetycznego to:;deklinacja;inklinacja;kurs geograficzny;kurs magnetyczny
1512;PL060-0034;Kąt zawarty pomiędzy północnym kierunkiem południka magnetycznego a północnym kierunkiem południka busoli, mierzony zgodnie z połówkowym systemem pomiaru kierunku to:;dewiacja;deklinacja;kurs magnetyczny;kurs busoli
1513;PL060-0035;Kąt znoszenia to:;Kąt zawarty pomiędzy nakazaną linią drogi a kursem statku powietrznego;Kąt zawarty między północnym kierunkiem południka a linią drogi;"Kąt zawarty między kierunkiem """"dokąd wieje wiatr"""" a północą magnetyczną";Kąt zawarty między podłużną osią statku powietrznego a kierunkiem „skąd wieje wiatr”
1514;PL060-0036;Kierunek 045 stopni określamy jako;NE;SE;SW;NW
1515;PL060-0037;Kierunek 135 stopni określamy jako;SE;NE;SW;NW
1516;PL060-0038;Kierunek 225 stopni określamy jako:;SW;SE;NE;NW
1517;PL060-0039;Kierunek 315 stopni określamy jako;NW;SE;SW;NE
1518;PL060-0040;Kody specjalne modu A transpondera to:;"7500 - Porwanie; 7600 - Utrata łączności; 7700 – Sytuacja awaryjna";"7500 - Sytuacje awaryjne; 7600 - Utrata łączności; 7700 - Porwanie";"7500 - Porwanie; 7600 - Stuacje awaryjne; 7700 - Utrata łączności";żadna z odpowiedzi nie jest prawdziwa
1519;PL060-0049;Krótszy łuk koła wielkiego wyznaczający najkrótszą odległość między dwoma punktami na powierzchni Ziemi to:;ortodroma;loksodroma;krzywa łącząca te punkty i składająca się z szeregu odcinków loksodromicznych;izohipsa
1520;PL060-0050;Kurs statku powietrznego to kąt mierzony w prawo od 0 do 360° zawarty między:;Północnym kierunkiem południka a podłużną osią statku powietrznego;północnym kierunkiem południka a kierunkiem nakazanej drogi statku powietrznego;północnym kierunkiem południka a poprzeczną osią statku powietrznego;północnym kierunkiem południka a kierunkiem drogi starowej
1521;PL060-0051;Latem w Polsce Uniwersalny Czas Skoordynowany (UTC) obliczymy poprzez:;odjęcie od czasu lokalnego dwóch godzin;dodanie do czasu lokalnego jednej godziny;dodanie to czasu lokalnego dwóch godzin;odjęcie od czasu lokalnego jednej godziny
1522;PL060-0052;Linia łącząca punkty o jednakowej wartości deklinacji to:;izogona;deklinacja;dewiacja;inklinacja
1523;PL060-0053;Linia na powierzchni Ziemi przecinająca południki pod tym samym kątem to:;loksodroma;ortodroma;izogona;izobara
1524;PL060-0054;Łuk koła wielkiego łączący oba bieguny geograficzne Ziemi, będący przecięciem powierzchni Ziemi płaszczyzną przechodzącą przez oś obrotu Ziemi, to:;Południk ziemski;Równik;długość geograficzna;szerokość geograficzna
1525;PL060-0055;Łuk koła wielkiego powstały w wyniku przecięcia powierzchni kuli ziemskiej płaszczyzną prostopadłą do osi Ziemi przechodzącą przez jej środek, to:;Równik;Południk ziemski;długość geograficzna;szerokość geograficzna
1526;PL060-0056;Majac dane: kurs rzeczywisty 200 stopni, deklinacja 10 stopni W, dewiacja -4 stopni, podaj kurs busoli;214 stopni;186 stopni;206 stopni;194 stopni
1527;PL060-0058;Na mapie lotniczej w skali 1:1 000 000 odcinek 20 cm odpowiada rzeczywistej odległości w terenie:;200 km;50 km;100 km;20 km
1528;PL060-0059;Na mapie lotniczej w skali 1:200 000 odcinek 20 cm odpowiada rzeczywistej odległości w terenie:;40 km;20 km;80 km;100 km
1529;PL060-0060;Na mapie lotniczej w skali 1:500 000 odcinek 20 cm odpowiada rzeczywistej odległości w terenie:;100 km;50 km;10 km;200 km
1530;PL060-0061;Na mapie lotniczej w skali 1:500 000 odległość między dwoma punktami wynosi 27 cm. Jaki jest faktyczny dystans pomiędzy nimi?;73 Mm;54 Mm;108 Mm;135 Mm
1531;PL060-0062;Nastawienie skali wysokościomierza znajdującego się na ziemi tak, aby wskazywał wzniesienie tego miejsca oznaczamy jako:;QNH;QNE;QFE;QDM
1532;PL060-0064;KDR = 259°, KDM = 255°, dewiacja = +2°. Wartości deklinacji magnetycznej i Kursu Busoli wynoszą odpowiednio:;4°E, 253°;2°W, 255°;4°W, 251°;2°E, 249°
1533;PL060-0065;KDR = 358°, deklinacja magnetyczna = 5°W, dewiacja = +4°. Wartości KDM i Kursu Busoli wynoszą odpowiednio:;003°, 359°;359°, 003°;007°, 010°;360°, 359°
1534;PL060-0066;Odległość pomiędzy 10° a 11° długości geograficznej zachodniej na równiku wynosi:;111 km;60 km;60 mil lądowych;111 mil morskich
1535;PL060-0067;Odległość pomiędzy 29° a 30° długości geograficznej wschodniej na równiku wynosi:;111 km;60 km;60 mil lądowych;111 mil morskich
1536;PL060-0068;Odległość pomiędzy 45o a 46° szerokości geograficznej północnej wynosi:;111 km;60 km;60 mil lądowych;111 mil morskich
1537;PL060-0069;Pod określeniem “węzeł” [w] rozumiemy:;NM/h;Milę lądową/h;km/h;m/h
1538;PL060-0070;Podaj przybliżoną długość równika Ziemi:;21 600 Mm;21 600 km;12 714 Mm;6 865 Mm
1539;PL060-0071;Południk ziemski to:;Łuk koła wielkiego łączący oba bieguny geograficzne Ziemi, będący przecięciem powierzchni Ziemi płaszczyzną przechodzącą przez oś obrotu Ziemi, to:;Łuk powstały w wyniku przecięcia powierzchni Ziemi płaszczyzną prostopadłą do osi Ziemi przechodzącą przez jej środek;Kąt dwuścienny, zawarty między płaszczyzną południka zerowego a płaszczyzną południka przechodzącego przez dany punkt na powierzchni Ziemi;Kąt zawarty między płaszczyzną równika a pionem (promieniem) danego punktu
1540;PL060-0072;Prędkość 15 m/s przeliczona na węzły to:;29 w;25 w;24 w;34 w
1541;PL060-0073;Prędkość 180 km/godz przeliczona na m/s to:;50 m/s;30 m/s;60 m/s;90 m/s
1542;PL060-0074;Prędkość 20 m/s przeliczona na km/godz to:;72 km/h;24 km/h;88 km/h;100 km/h
1543;PL060-0075;Prędkość podróżna to:;Prędkość przemieszczania się samolotu względem ziemi;CAS z uwzględnieniem wiatru;IAS z uwzględnieniem wiatru;liczba Macha
1544;PL060-0076;Przy pomiarze kąta drogi na mapie lotniczej ICAO najmniejszy błąd pomiaru uzyskuje się, gdy:;kątomierz przykłada się przy południku najbliższym środka odcinka trasy;kątomierz przykłada się na punkcie odlotowym trasy;kątomierz przykłada się w punkcie przecięcia przedłużenia odcinka trasy z południkiem ramki mapy;kątomierz przykłada się na punkcie docelowym trasy
1545;PL060-0078;Punkty A i B są oddalone od siebie o 15 km. Na mapie odcinek między nimi ma długość 6 cm. Jaka jest skala tej mapy?;1 : 250 000;1 : 300 000;1 : 400 000;1 : 500 000
1546;PL060-0079;Punkty A i B są oddalone od siebie o 25 km. Na mapie odcinek między nimi ma długość 10 cm. Jaka jest skala tej mapy?;1 : 250 000;1 : 300 000;1 : 400 000;1 : 500 000
1547;PL060-0080;Punkty A i B są oddalone od siebie o 45 km. Na mapie odcinek między nimi ma długość 9 cm. Jaka jest skala tej mapy?;1 : 500 000;1 : 250 000;1 : 400 000;1 : 300 000
1548;PL060-0081;QFE jest to:;ciśnienie atmosferyczne mierzone na poziomie lotniska lub na progu drogi startowej;ciśnieniemierzone na średnim poziomie morza;ciśnienie standard;fabryczna nastawa wysokościomierza
1549;PL060-0082;QNH jest to:;Nastawienie skali wysokościomierza znajdującego się na ziemi tak, aby wskazywał wzniesienie tego miejsca;ciśnienie atmosferyczne na poziomie lotniska lub na progu drogi startowej;ciśnienie standard;fabryczna nastawa wysokościomierza
1550;PL060-0083;Równik ziemski to:;Łuk koła wielkiego powstały w wyniku przecięcia powierzchni kuli ziemskiej płaszczyzną prostopadłą do osi Ziemi przechodzącą przez jej środek;łuk łączący oba bieguny geograficzne Ziemi, będący przecięciem powierzchni Ziemi płaszczyzną przechodzącą przez oś obrotu Ziemi;Kąt dwuścienny, zawarty między płaszczyzną południka zerowego a płaszczyzną południka przechodzącego przez dany punkt na powierzchni Ziemi;Kąt zawarty między płaszczyzną równika a pionem (promieniem) danego punktu
1551;PL060-0084;Równik ziemski przecina wszystkie południki pod kątem:;90°;60°;45°;180°
1552;PL060-0085;Szerokość geograficzna to:;Kąt środkowy zawarty miedzy płaszczyzną równika a prostą łaczącą środek Ziemi z rónoleżnikiem pozycji samolotu;Łuk powstały w wyniku przecięcia powierzchni Ziemi płaszczyzną prostopadłą do osi Ziemi przechodzącą przez jej środek;Kąt dwuścienny, zawarty między płaszczyzną południka zerowego a płaszczyzną południka przechodzącego przez dany punkt na powierzchni Ziemi;Łuk łączący oba bieguny geograficzne Ziemi, będący przecięciem powierzchni Ziemi płaszczyzną przechodzącą przez oś obrotu Ziemi
1553;PL060-0086;Jaką odległość pokonał samolot w czasie 18 minut przy średniej prędkości podróżnej 100 węzłów?;55 km;36 km;9 km;69 km
1554;PL060-0087;Wariometr pokazuje wartość 500 ft/min. W przeliczeniu na m/sek to:;2.5 m/s;3.5 m/s;5.0 m/s;15 m/s
1555;PL060-0088;Wariometr pokazuje wartość 750 ft/min. W przeliczeniu na m/sek to:;3.8 m/s;2.5 m/s;5.0 m/s;7.5 m/s
1556;PL060-0089;Wysokość bezwzględna to:;Wysokość mierzona od średniego poziomu morza;Wysokość mierzona od poziomu terenu, nad którym statek powietrzny w danej chwili przelatuje;Wysokość mierzona od dowolnej powierzchni (poziomu), np. od poziomu progu pasa startowego;Żadna z odpowiedzi nie jest prawdziwa
1557;PL060-0090;Rzeczywista wysokość to:;Wysokość mierzona od poziomu terenu, nad którym statek powietrzny w danej chwili przelatuje;Wysokość mierzona od poziomu morza;Wysokość mierzona od dowolnej powierzchni (poziomu), np. od poziomu progu pasa startowego;Żadna z odpowiedzi nie jest prawdziwa
1558;PL060-0091;Wysokość względna to:;Jest to wysokość względem punktu odniesienia innego niż poziom morza, np.: progu pasa startowego;Wysokość mierzona od poziomu terenu, nad którym statek powietrzny w danej chwili przelatuje;Wysokość mierzona od poziomu morza;Żadna z odpowiedzi nie jest prawdziwa
1559;PL060-0092;Z poniższej listy wybierz obiekt orientacyjny liniowy:;Tory kolejowe;Ostry zakręt rzeki;Wysoki maszt radiowy;Most
1560;PL060-0093;Z poniższej listy wybierz obiekt orientacyjny powierzchniowy:;Duże miasto;Wieś;Brzeg morza;Skrzyżowanie głównych dróg
1561;PL060-0094;Z poniższej listy wybierz obiekt orientacyjny punktowy:;Most;Duże miasto;Tory kolejowe;Masyw leśny
1562;PL060-0095;Zimą w Polsce obliczamy czas UTC poprzez:;Odjęcie od czasu lokalnego jednej godziny;Dodanie do czasu lokalnego jednej godziny;Dodanie do czasu lokalnego dwóch godzin;Odjęcie od czasu lokalnego dwóch godzin
1563;PL060-0096;Deklinacja = 2°E, Dewiacja = -3°, KB = 127°. Wartości NKDM i NKDG wynoszą odpowiednio:;124°, 126°;126°, 128°;124°, 124°;126°, 124°
1564;PL060-0097;Deklinacja = 3°E, NKDM = 188°, KB = 190°. Wartości NKDG i Dewiacji wynoszą odpowiednio;191°, -2°;185°, -2°;194°, +4°;189°, -3°
1565;PL060-0099;Wartość ciśnienia standardowego wynosi:;760 mmHg;750 mmHg;1000 mmHg;1013 mmHg
1566;PL060-0100;Wartość ciśnienia standardowego wynosi:;1013 hPa;760 hPa;1000 hPa;750 hPa
1567;PL060-0101;Aby przeliczyć odległość podaną w kilometrach na mile morskie, stosujemy następującą regułę:;(km : 2) + 10%;(km × 2) - 20%;(km : 2) - 10%;(km × 2) - 10 %
1568;PL060-0102;Aby przeliczyć odległość podaną w metrach na stopy, stosujemy następującą regułę:;(m × 3) + 10%;m × 0.3;(m : 10) × 3;(m × 3) : 10
1569;PL060-0103;ADF jest to:;radiokompas;radionamiernik VHF;pokładowe urządzenie odzewowe;transponder radaru wtórnego
1570;PL060-0109;Bezwładnościowy system nawigacyjny działa na zasadzie:;zliczania zmian położenia w przestrzeni i przyspieszeń, którym podlega statek powietrzny;pomiaru różnicy głębokości modulacji,;pomiaru różnicy odległości;porównywania prędkości IAS i TAS
1571;PL060-0110;Ciśnienie standardowe oznaczamy jako:;QNE;QFE;QNH;QDM
1572;PL060-0111;Ciśnienie standardowe wyrażone w calach słupa rtęci wynosi:;29.92 inHg;32.10 inHg;28.50 inHg;10.13 inHg
1573;PL060-0112;Czas używany w systemie GPS to:;własny czas systemu skorelowany z UTC;własny czas systemu zupełnie niezależny od UTC;Czas zegarów satelitów i systemu dokładnie odpowiada UTC;Czas zegarów satelitów i systemu dokładnie odpowiada UTC + 6.5h
1574;PL060-0115;Dokąd doleci statek powietrzny, który wystartował z lotniska EPWA z kursem 300 stopni lecąc w warunkach bezwietrznych po loksodromie:;Lotem spiralnym będzie leciał w kierunku bieguna północnego, dążąc do jego osiągnięcia;Z kursem 300 stopni będzie leciał po równoleżniku i wróci do miejsca wylotu;Korygując kurs doleci do miejsca wylotu;Będzie lecieć po południku do bieguna północnego
1575;PL060-0117;Dostrojenie pokładowego zestawu VOR/DME następuje przez:;nastawienie częstotliwości VOR;nastawienie aktualnego ciśnienia QFE,;wybranie kanału DME,;żadna z odpowiedzi nie jest prawdziwa
1576;PL060-0120;Gdzie w samolocie montuje się detektor pola magnetycznego dla busoli magnetycznej ?;w miejscu, gdzie nie ma żadnych obwodów elektrycznych powodujących dewiację;Ułatwienie dostępu do urządzenia i zwiększenie dostępności na oddziaływanie ziemskiego pola magnetycznego;Umieszczenie tego urządzenia w pozycji, gdzie nie będzie warunków do uszkodzenia tego urządzenia podczas uderzenia pioruna;Żadna z odpowiedzi nie jest prawdziwa
1577;PL060-0122;Odcinek 2 km odpowiada na mapie lotniczej w skali 1:10 000:;20 cm;40 cm;5 cm;10.5 cm
1578;PL060-0125;Jaką prędkość obserwujemy na wskaźniku DME?;podróżną;przyrządową;rzeczywistą;liczbę Macha
1579;PL060-0127;Jakich częstotliwości używa system VOR?:;108.00-117.95 MHz;107.95-117.95 MHz;108.00-117.00 kHz;112.05-118.00 MHz
1580;PL060-0128;Jakie będzie wskazanie odległości DME w kabinie pilotów w chwili przelotu statku powietrznego bezpośrednio nad radiolatarnią VOR/DME?;Wskazanie równe wysokości, na jakiej leci statek powietrzny;0 (zero);Nie będzie żadnego wskazania, gdyż statek powietrzny znajdzie się w stożku martwym urządzenia;żadna z odpowiedzi nie jest prawdziwa
1581;PL060-0129;Jedna mila morska [1 Nm] to (w zaokrągleniu):;6000 stóp;5000 stóp;4500 stóp;8000 stóp
1582;PL060-0130;Jednemu hPa zmiany ciśnienia przy ziemi odpowiada (w zaokrągleniu) zmiana wysokości:;30 stóp;40 stóp;10 stóp;50 stóp
1583;PL060-0133;Kąt zawarty pomiędzy nakazanąlinią drogi a kursem statku powietrznego, nazywamy:;kątem znoszenia;kątowym bocznym odchyleniem;kątową poprawką dopełniającą;kątem wiatru
1584;PL060-0134;Kąt zawarty między osią podłużną samolotu a kierunkiem do radiolatarni NDB to:;KKR;QDR;QDM;QFE
1585;PL060-0135;Kąt zawarty pomiędzy nakazaną linia drogi a kursem statku powietrznego, to:;kąt znoszenia;kąt wiatru;kąt drogi;kąt kursowy radiolatarni
1586;PL060-0136;Jakim skrótem określamy namiar magnetyczny:;QDR;QDM;KKR;QFE
1587;PL060-0137;Jakim skrótem określamy kurs magnetyczny:;QDM;QDR;Radial;QFE
1588;PL060-0139;Liczba Macha to stosunek:;TAS do prędkości dźwięku na danej wysokości;IAS do prędkości dźwięku na danej wysokości;prędkości dźwięku na danej wysokości do IAS;prędkości dźwięku na danej wysokości do TAS
1589;PL060-0140;Liczba możliwych kodów modu A transpondera wynosi:;4096;10 000;9999;7700
1590;PL060-0149;Model Ziemi dla systemu GPS to:;WGS84;WGPS;GPS84;NAVSTAR
1591;PL060-0151;Na mapie lotniczej w skali 1:10 000 odcinek 2 cm odpowiada rzeczywistej odległości w terenie:;200 m;50 m;100 m;20 m
1592;PL060-0152;Na mapie lotniczej w skali 1:500 000 odcinek o długości 10.8 cm pokonano w czasie lotu 20 minut. W tym przypadku prędkość podróżna wynosi:;162 km/h;200 MPH;162 kts;200 km/h
1593;PL060-0153;Na mapie w skali 1:10 000 odcinek 20 cm odpowiada rzeczywistej odległości w terenie:;2 km;5 km;10 km;20 km
1594;PL060-0155;Na wskaźniku odległości DME odczytujemy odległość od stacji naziemnej:;ukośną;pionową;poziomą;żadna z odpowiedzi nie jest prawdziwa
1595;PL060-0156;Na wskaźniku VOR pełne wychylenie CDI oznacza odchylenie co najmniej ... stopni od zadanego radialu.;10;5;2;12
1596;PL060-0158;Nadajniki VOR zorientowane są wobec:;Pólnocy Magnetycznej;Północy Geograficznej;Pólnocy Busoli;żadna z odpowiedzi nie jest prawdziwa
1597;PL060-0159;Najbardziej dokładne określenie prędkości podróżnej jest możliwe przy użyciu:;stacji DME usytuowanej na trasie lotu;stacji VOR usytuowanej poprzecznie do trasy lotu;stacji DME usytuowanej poprzecznie do trasy lotu;radiolatarni NDB usytuowanej na trasie lotu
1598;PL060-0162;O godzinie 0830 pilot odczytał KKR=315° z radiolatarni NDB. Lecąc dalej tym samym kursem południowym o 0840 był, na KKR=270°. Zakładając, że nie ma znoszenia przez wiatr oraz że jego prędkość podróżna wynosi 240 w określ odległość od NDB o godzinie 0840.;40 Mm;32 Mm;48 Mm;38 Mm
1599;PL060-0163;Objętość 20 US gal odpowiada:;76 l;92 l;20 l;53 l
1600;PL060-0164;Objętość 27 US gal odpowiada:;102 l;92 l;15 l;53 l
1601;PL060-0165;Objętość 34 l odpowiada:;9 US gal;12 US gal;18 US gal;13 US gal
1602;PL060-0166;Objętość 65 l odpowiada:;17 US gal;12 US gal;20 US gal;13 US gal
1603;PL060-0167;Odbiornik DME podaje dane w jednostkach:;Mm, w, min;km, km/h, min;w zależności od nastawy;żadna z odpowiedzi nie jest prawdziwa
1604;PL060-0168;Odczyt wskazań odległości DME w samolocie przelatującym na poziomie FL120 pionowo nad stacją VOR / DME (MSL) będzie wynosił:;około 2 NM;nie więcej niż 1 NM;zależy od typu nadajnika DME, ale nigdy więcej niż 1.2 NM;0 NM (+-0.1 NM)
1605;PL060-0169;Odnośnie radaru prawdą jest, że:;radar pierwotny działa na zasadzie odbicia fal elektromagnetycznych od samolotu, wtórny - na zasadzie odpowiedzi transpondera na pokładzie samolotu;na samolotach instaluje się wyłącznie radar pierwotny, stacje naziemne wyłącznie systemy radarów wtórnych;radar pierwotny jest zawsze mniej dokładny niż radar wtórny;na samolotach instaluje się wyłącznie radar wtórny
1606;PL060-0173;Pilot aktywuje mod IDENT w transponderze:;na polecenie kontrolera radarowego;przy zmianie częstotliwości radiowej;podczas korespondencji radiowej;zawsze po ustawieniu nowego kodu (squawk)
1607;PL060-0174;"Pilot planuje przelot z lotniska w Jeleniej Górze (N50°53""""57,8"""" E015°47"""" 7,8"""") na lotnisko w Zamościu (N50°42""""6,5"""" E023°12""""15,3"""") tak, żeby wylądować przed zachodem słońca. W czasie bezpośredniego przygotowania nawigacyjnego do lotu pilot uwzględnia:";zachód słońca w Zamościu następuje około 30 minut wcześniej;zachód słońca w Zamościu następuje około 1 godzinę wcześniej;zachód słońca na lotnisku odlotowym i dolotowym następuje w tym samym czasie;zachód słońca w Zamościu następuje około 30 minut później
1608;PL060-0175;"Pilot planuje przelot z lotniska w Zamościu (N50°42""""6,5"""" E023°12""""15,3"""") na lotnisko w Jeleniej Górze (N50°53""""57,8"""" E015°47""""7,8"""") tak, żeby wylądować przed zachodem słońca. W czasie bezpośredniego przygotowania nawigacyjnego do lotu pilot uwzględnia:";zachód słońca w Jeleniej Górze następuje około 30 minut później;zachód słońca w Jeleniej Górze następuje około 1 godzinę wcześniej;zachód słońca na lotnisku odlotowym i dolotowym następuje w tym samym czasie;zachód słońca w Jeleniej Górze następuje około 30 minut wcześniej
1609;PL060-0176;Pilot uzyskał z TWR przed startem następującą informację o wietrze przy powierzchni Ziemi: 260 stopni/34kt. Jaka jest składowa poprzeczna wiatru do pasa 30?;23 w;17 w;29 w;34 w
1610;PL060-0185;Prędkość podróżna statku powietrznego wynosi 90 węzłów. W czasie 18 minut zostanie przebyta odległość;27 Mm;18 Mm;33 Mm;45 Mm
1611;PL060-0186;Prędkość TAS (True Air Speed) z uwzględnieniem wiatru to:;prędkość podróżna;liczba Macha;prędkość wskazywana IAS;prędkość poprawiona CAS
1612;PL060-0187;Przed lądowaniem pilot uzyskał z TWR następującą informację o wietrze przy powierzchni Ziemi: 260 stopni/34kt. Jaka jest składowa poprzeczna wiatru do pasa 22?;23 w;17 w;29 w;20 w
1613;PL060-0190;Przy założeniu, że magnetyczny kąt drogi od LDZ do JED wynosi 159° a od JED do LDZ 339° to statek powietrzny, który przeleciał LDZ w kierunku JED w warunkach bezwietrznych znajduje się:;Na radialu 159° od VOR LDZ, mając kurs 159°;Na radialu 339° od VOR LDZ, mając kurs 159°;Na radialu 159° od VOR LDZ, mając kurs 339°;żadna z odpowiedzi nie jest prawdziwa
1614;PL060-0191;Przy założeniu, że magnetyczny kąt drogi od RUDKA do SIE wynosi 233° a od SIE do RUDKA 053° to statek powietrzny, który przeleciał punkt RUDKA w kierunku SIE w warunkach bezwietrznych leci:;Z kursem 233°, z magnetycznym kątem drogi 233°, na radialu 053° od VOR-a SIE;Z kursem 233°, z magnetycznym kątem drogi 053°, na radialu 053° od VOR- a SIE;Z kursem 233°, z magnetycznym kątem drogi 233°, na radialu 233° od VOR- a SIE;żadna z odpowiedzi nie jest prawdziwa
1615;PL060-0196;Punkty A i B są oddalone od siebie o 600 m. Na mapie odcinek między nimi ma długość 6 cm. Jaka jest skala tej mapy?;1 : 10 000;1 : 150 000;1 : 20 000;1 : 100 000
1616;PL060-0197;Radar pierwotny funkcjonuje najczęściej na zasadzie:;techniki impulsowej;porównywania fazy;transpondera zapytującego;ciągłej emisji fali nośnej
1617;PL060-0198;Namiar magnetyczny w kodzie Q jest określany jako:;QDR;QDM;QUJ;QTE
1618;PL060-0199;Radiokompas może odbierać częstotliwości w zakresie:;od 150 kHz do 1750 kHz;od 200 kHz do 600 kHz;od 188 MHz do 413 MHz;powyżej 500 MHz
1619;PL060-0201;Radiolatarnia NDB emituje fale radiowe:;bezkierunkowo,;w określonych sektorach;kierunkowo;co 10 stopni
1620;PL060-0204;Odpowiednikami radiolatarni w systemie GPS są:;satelity GPS;odbiorniki GPS;stacje kontrolne;radiostacje VHF
1621;PL060-0205;Radiolatarnie NDB pracują w paśmie częstotliwości:;190-1750 kHz;200-1750 MHz;200-600 kHz;200-800 kHz
1622;PL060-0206;Radionamiernik VDF jest umieszczony na:;Ziemi;pokładzie statku powietrznego;satelicie systemu GPS;żadna z odpowiedzi nie jest prawdziwa
1623;PL060-0207;Radionamierniki VDF pracują na częstotliwościach:;130 MHz i 122.7 MHz;od 108 MHz do 136.975 MHz;od 88 MHz do 108 MHz;powyżej 140 MHz
1624;PL060-0210;Samolot po przelocie 20 NM znajduje się 2 NM na prawo od zaplanowanej trasy. O ile należy zmienić kurs samolotu w celu osiągnięcia zaplanowanej linii drogi po następnych 20 NM?;12 stopni w lewo;6 stopni w prawo;12 stopni w prawo;20 stopni w lewo
1625;PL060-0211;Samolot po przelocie 25 km znajduje się 5 km na lewo od zaplanowanej trasy. O ile należy zmienić kurs samolotu w celu osiągnięcia zaplanowanej linii drogi po następnych 25 km?;25 stopni w prawo;5 stopni w lewo;12 stopni w prawo;15 stopni w lewo
1626;PL060-0212;Samolot po przelocie 30 km znajduje się 4 km na lewo od zaplanowanej trasy. O ile należy zmienić kurs samolotu w celu osiągnięcia zaplanowanej linii drogi po następnych 30 km?;16 stopni w prawo;13 stopni w lewo;12 stopni w prawo;8 stopni w lewo
1627;PL060-0213;Samolot po przelocie 30 km znajduje się 4 km na prawo od zaplanowanej trasy. O ile należy zmienić kurs samolotu w celu osiągnięcia zaplanowanej linii drogi po następnych 30 km?;16 stopni w lewo;13 stopni w prawo;12 stopni w prawo;8 stopni w lewo
1628;PL060-0214;Samolot po przelocie 40 NM znajduje się 2 NM na prawo od zaplanowanej trasy. O ile należy zmienić kurs samolotu w celu osiągnięcia zaplanowanej linii drogi po następnych 40 NM?;6 stopni w lewo;3 stopni w prawo;12 stopni w prawo;9 stopni w lewo
1629;PL060-0216;Samolot wykonuje lot w kierunku radiolatarni metodą bierną (utrzymując KKR = 0). Jeśli kurs magnetyczny samolotu maleje, to znaczy, że samolot:;jest znoszony w prawo;jest znoszony w lewo;wieje zachodni wiatr;kąt znoszenia jest zerowy
1630;PL060-0221;Skrót “RVR” oznacza:;widzialność na drodze startowej;prosimy o wektorowanie radarowe;meldunek o widzialności drogi startowej;nowe zezwolenie na przelot inną trasą
1631;PL060-0222;Skrót “SSR” oznacza:;wtórny radar dozorowania;radar poszukiwawczy i dozorujący;wytrzymałość nawierzchni drogi startowej;standardowy meldunek o opadach i zaleganiu śniegu
1632;PL060-0224;Stacja DME znajduje się na wysokości 1000 ft AMSL. QNH=1013.25 hPa. Samolot leci na poziomie FL370, 15 NM od stacji DME. Odczyt DME będzie wynosił:;16 Mm;15 Mm;18 Mm;37 Mm
1633;PL060-0229;Statek powietrzny lecący w warunkach bezwietrznych z kursem 320 przecina radial 195 od VOR-a JED. Statek powietrzny znajdzie się:;Na zachód od VOR-a JED;Na wschód od VOR-a JED;Nad VOR-em JED;żadna z odpowiedzi nie jest prawdziwa
1634;PL060-0230;Statek powietrzny leci z kursem 330 stopni w warunkach bezwietrznych i przecina radial 120 od VOR/DME LIN w odległości 30 NM DME. Statek powietrzny przeleci:;Po wschodniej stronie VOR/DME LIN;Po zachodniej stronie VOR/DME LIN;Dokładnie nad VOR/DME LIN;żadna z odpowiedzi nie jest prawdziwa
1635;PL060-0231;Statek powietrzny planuje zniżanie ze stałą prędkością podróżną. W czasie 5 minut pilot planuje zniżenie z poziomu FL 100 do poziomu FL050. Z jaka prędkością opadania na wariometrze statek powietrzny powinien się zniżać?;1000 ft/min;2000 ft/min;1500 ft/min;500 ft/min
1636;PL060-0232;Statek powietrzny porusza się z prędkością 120 km/h. Prędkość wiatru wynosi 30 km/h. Maksymalna wartość kąta znoszenia w tych warunkach wynosi:;15°;12°;30°;40°
1637;PL060-0233;Statek powietrzny porusza się z prędkością 150 km/h. Prędkość wiatru wynosi 30 km/h. Maksymalna wartość kąta znoszenia w tych warunkach wynosi:;12°;15°;30°;40°
1638;PL060-0234;Statek powietrzny porusza się z prędkością podróżną 150 km/h. W czasie 14 minut przebędzie on odległość;35 km;14 km;27 km;45 km
1639;PL060-0235;Statek powietrzny porusza się z prędkością podróżną 180 km/h. W czasie 18 minut przebędzie on odległość;54 km;36 km;18 km;68 km
1640;PL060-0236;Statek powietrzny startuje z lotniska o elewacji 1500 ft MSL i wznosi się z prędkością pionową 600 ft/min. Jego średnia prędkość podróżna wynosi 90 węzłów, a ciśnienie QNH = 1013.2 hPa. W jakiej odległości od lotniska osiągnięty zostanie FL 75?;15 Mm;18 Mm;20 Mm;12 Mm
1641;PL060-0237;Statek powietrzny startuje z lotniska o elewacji 500 ft MSL i wznosi się z prędkością pionową 500 ft/min. Jego średnia prędkość podróżna wynosi 100 węzłów, a ciśnienie QNH = 1013.2 hPa. W jakiej odległości od lotniska osiągnięty zostanie FL 80?;25 Mm;18 Mm;21 Mm;12.5 Mm
1642;PL060-0243;System GPS działa w paśmie ... na zasadzie ....;UHF, pomiaru o opóźnienia odbioru sygnału (odległości) na drodze odbiornik - satelity;SHF, podobnie do radaru wtórnego - pytanie-odzew;SHF, pomiaru o odległości do minimum 24 satelitów;HF, informacji o odległości do co najmniej 4 satelitów
1643;PL060-0244;Średnia prędkość podróżna statku powietrznego wynosi 150 km/h. W czasie 18 minut zostanie przebyta odległość;45 km;18 km;27 km;35 km
1644;PL060-0245;Tabele wschodów i zachodów słońca znajdują się w AIP Polska w rozdziale:;GEN;ENR;AD;RAC
1645;PL060-0246;Urządzeniem pokładowym współpracującym z radiolatarnią NDB jest:;radiokompas;radiostacja średniofalowa;radionamiernik VHF;transponder
1646;PL060-0247;Urządzeniem pokładowym współpracującym z radionamiernikiem VDF jest:;radiostacja komunikacyjna VHF;radar wtórny;radiodalmierz DME;radiokompas ADF
1647;PL060-0248;VOR jest radionawigacyjnym systemem:;kątowym;odległościowo- kątowym,;odległościowym,;hiperbolicznym
1648;PL060-0249;VOR podaje kąt namiaru na samolot:;względem południka magnetycznego VOR,;względem osi podłużnej statku powietrznego,;względem południka geograficznego samolotu;względem południka busoli
1649;PL060-0251;W jakim celu stosuje się mod IDENT?;jako mod służący do identyfikacji statku powietrznego;jako impuls kodu alarmowego;jako impuls służący do tłumienia zakłóceń;żadna z odpowiedzi nie jest prawdziwa
1650;PL060-0252;W jakim modzie wysyłane jest zapytanie o wysokość?;"w modzie """"C""""";"w modzie """"3/A""""";"w modzie """"D""""";w modzie ”B”
1651;PL060-0254;W sytuacji utraty łaczności pilot włącza transponder w modzie A na kod:;7600;7000;7500;7700
1652;PL060-0255;W sytuacji niebezpieczeństwa pilot włącza transponder w modzie A na kod:;7700;7000;7500;7600
1653;PL060-0256;W sytuacji uprowadzenia pilot włącza transponder w modzie A na kod:;7500;7000;7600;7700
1654;PL060-0257;Wartość ciśnienia standardowego wynosi:;760 mmHg;750 mmHg;1000 mmHg;1013 mmHg
1655;PL060-0258;Wartość ciśnienia standardowego wynosi:;1013 hPa;760 hPa;1000 hPa;750 hPa
1656;PL060-0261;Współpraca części pokładowej DME z radiolatarnią naziemną wymaga:;dwóch częstotliwości radiowych;jednej częstotliwości radiowej;trzech częstotliwości radiowych;czterech częstotliwości radiowych
1657;PL060-0265;Zakładając, że powietrze jest nieściśliwe i sposób umieszczenia nadajników ciśnienia na samolocie nie powoduje błędów wskazań prędkościomierza, to prędkość rzeczywista TAS jest równa:;prędkości wskazywanej IAS w warunkach bezwietrznych;prędkości wskazywanej IAS poprawionej o wartość poprawki na błąd gęstości powietrza;prędkości podróżnej (GS), gdy uwzględnimy wpływ wiatru;liczbie Macha (Ma)
1658;PL060-0270;Zakres częstotliwości pracy radiodalmierza DME wynosi:;od 960 MHz do 1215 MHz;od 118.0 MHz do 137.9 MHz;od 500 MHz do 1.8 GHz;od 112 MHz do 117.900 MHz
1659;PL060-0272;Zasięg, z jakiego można odbierać sygnały ze stacji naziemnej NDB jest:;większy nad morzem niż obszarami lądowymi;mniejszy nad morzem niż obszarami lądowymi;nie różni się;żadna z odpowiedzi nie jest prawdziwa
1660;PL060-0273;Zjawisko załamania fali na brzegu (morze/ląd):;można zminimalizować jego wpływ przez branie namiarów na stacje, których sygnał dochodząc do odbiornika przecina brzeg pod kątem prostym;występuje tylko w czasie wschodów i zachodów słońca;można zminimalizować przez branie namiarów na stacje położone jak najdalej w głąb lądu;występuje głównie w nocy
1661;PL060-0274;Zniżanie jest planowane z wysokości 7000 ft w ten sposób, żeby osiągnąć 1000 ft AMSL w odległości 6 NM od stacji VOR/DME. Prędkość podróżna wynosi 180kt a prędkość opadania 1000ft/min. Odległość od stacji w chwili rozpoczęcia zniżania wynosi:;24 Mm;18 Mm;60 Mm;13 Mm
1662;PL060-0275;Źródłem czasu w systemie GPS są:;własne zegary atomowe satelity;radiostacja DCF-77 we Frankfurcie,;wewnętrzny zegar kwarcowy odbiornika,;żadna z odpowiedzi nie jest prawdziwa
1663;PL070-0001;Kto w Polsce jest odpowiedzialny za podejmowanie działań w celu zapewnienia bezpieczeństwa lotów w lotnictwie cywilnym?;Prezes Urzędu Lotnictwa Cywilnego;Minister Infrastruktury;Urząd Lotnictwa Cywilnego;Komórka ds. Bezpieczeństwa Lotów ULC
1664;PL070-0002;Jaki organ w kraju prowadzi badania wypadków i incydentów lotniczych w lotnictwie cywilnym?;Państwowa Komisja Badania Wypadków Lotniczych;Główna Komisja Badania Wypadków Lotniczych;Krajowa Komisja Badania Wypadków Lotniczych;Główna Komisja Badania Wypadków i Incydentów Lotniczych
1665;PL070-0003;Pierwszą czynnością załogi statku powietrznego po lądowaniu awaryjnym w terenie przygodnym jest:;Ratowanie życia załogi i pasażerów;Ratowanie mienia i wyposażenia statku powietrznego;Powiadomienie przełożonego i/lub władzy lotniczej;Powiadomienie Policji
1666;PL070-0004;Czy użytkownik może przystąpić do badania wypadku lotniczego?;Nie;Tak;Tak, ale pod nadzorem PKBWL;Tak, ale po wyrażeniu zgody przez Prezesa ULC
1667;PL070-0005;Czy użytkownik może przystąpić do badania incydentu lotniczego?;Tak, ale po decyzji PKBWL i pod jej nadzorem;Tak;Nie;Tak, jeśli posiada do tego odpowiednie kwalifikacje
1668;PL070-0006;Kto powiadamia prokuraturę o wypadku lotniczym?;PKBWL;Prezes ULC;Użytkownik statku powietrznego;Pilot
1669;PL070-0007;Kto w kraju wydaje decyzje dotyczące wniosków wynikających z nieprzestrzegania przepisów lotniczych?;Prezes ULC;PKBWL;Minister Infrastruktury;Urząd Lotnictwa Cywilnego
1670;PL070-0008;Kto w kraju wydaje decyzje dotyczące wniosków i powypadkowych zaleceń profilaktycznych?;Prezes ULC;Minister Infrastruktury;Minister Spraw Wewnętrznych;PKBWL
1671;PL070-0009;Czy zderzenie statku powietrznego w locie z ptakiem jest incydentem lotniczym?;Tak, bez względu na konsekwencje;Nie, jeśli statek powietrzny nie został uszkodzony;Tak, jeśli statek powietrzny został uszkodzony;Tak, jeśli z tej przyczyny lot został przerwany
1672;PL070-0010;Użytkownik statku powietrznego, organ ruchu lotniczego, zarządzający lotniskiem są zobowiązani powiadomić PKBWL o zdarzeniu lotniczym w nieprzekraczalnym czasie:;72 godziny;48 godzin;24 godziny;96 godzin
1673;PL070-0011;Incydentem lotniczym jest zdarzenie związane z eksploatacją statku powietrznego inne niż wypadek lotniczy, które…;ma lub mogłoby mieć niekorzystny wpływ na bezpieczeństwo eksploatacji;zakończyło się bez konsekwencji uszczerbku na zdrowiu załogi i/lub pasażerów;zakłóciło bezpieczne wykonanie lotu;przyczyniło się do przerwania zadania
1674;PL070-0012;Poważnym incydentem lotniczym jest incydent, którego okoliczności wskazują, że…;nieomal doszło do wypadku lotniczego;uszkodzenia statku powietrznego są nieznaczne;osoby biorące udział w zdarzeniu są tylko lekko ranne;Statek powietrzny lądował w terenie przygodnym bez uszkodzeń
1675;PL070-0013;Który z wymienionych Aneksów Konwencji Chicagowskiej dotyczy badania wypadków i incydentów lotniczych;Aneks 13;Aneks 11;Aneks 12;Aneks 14
1676;PL070-0014;Pierwszą czynnością załogi statku powietrznego po lądowaniu awaryjnym w terenie przygodnym i wystąpieniu pożaru jest:;Ugaszenie pożaru;Ratowanie rannych;Telefon do straży pożarnej;Oddalenie się na bezpieczną odległość
1677;PL070-0015;Po zderzeniu z ptakiem dowódca statku powietrznego składa meldunek:;pisemny;ustny;nie składa;składa, meldunek ustny, jeśli statek powietrzny uległ jakiemukolwiek uszkodzeniu
1678;PL070-0016;Usterki techniczne statku powietrznego odnotowuje się w:;pokładowym dzienniku technicznym statku powietrznego;książce obsługi;zeszycie prac obsługowych;dokumentacji technicznej statku powietrznego
1679;PL070-0017;Załoga statku powietrznego ma obowiązek zapinania wszystkich pasów bezpieczeństwa i uprzęży:;Do startu i lądowania oraz w sytuacjach, kiedy dowódca statku powietrznego uzna to za konieczne;Na polecenie dowódcy załogi statku powietrznego;Do startu i do lądowania;Tylko do lądowania
1680;PL070-0018;Bezpośrednio przed wejściem do kabiny statku powietrznego pilot sprawdza:;Stan techniczny statku powietrznego wykonując przegląd przedlotowy;Warunki meteorologiczne do planowanego lotu;Zgodność listy pasażerów;Czy otrzymał zgodę na lot
1681;PL070-0019;W przypadku konieczności opuszczenia statku powietrznego w powietrzu (np. z przyczyn technicznych), wyposażonego w radiostację pokładową pilot jest zobowiązany:;Zameldować do najbliższego organu ruchu lotniczego lub stanowiska kierowania lotami o miejscu opuszczenia;Nadać sygnał SOS i opuścić statek powietrzny;Opuścić statek powietrzny niezwłocznie;Wszystkie pozostałe odpowiedzi są nieprawidłowe
1682;PL070-0020;Bezpośrednio po zajęciu miejsca w kabinie pilot statku powietrznego sprawdza:;Czy wszystkie przełączniki, dźwignie i urządzenia kontroli i sterowania znajdują się w położeniu określonym instrukcja użytkowania w locie;Czy wszystkie przełączniki, dźwignie i urządzenia kontroli i sterowania znajdują się w położeniu neutralnym;Czystość i porządek w kabinie;Czy wszystkie przełączniki, dźwignie i urządzenia kontroli i sterowania znajdują się w położeniu wyjściowym
1683;PL070-0022;Statek powietrzny służby poszukiwania i ratownictwa lotniczego jest oznakowany następująco:;Napisem SAR;Napisem SOS;Krzyżem maltańskim;Czerwonym krzyżem na białym tle
1684;PL070-0023;Czy można wykonywać loty na statku powietrznym z napędem nad parkami narodowymi?;Tak, ale pod warunkiem wykonywania lotu na wysokości określonej przez państwowy organ zarządzania ruchem lotniczym;Tak, ale pod warunkiem wykonywania lotu na odpowiedniej wysokości;Zabrania się;Tak, po otrzymaniu zgody od właściwego organu ruchu lotniczego
1685;PL070-0024;Dowódca statku powietrznego powiadamia o nieprawidłowości pracy urządzeń naziemnych i nawigacyjnych:;Właściwą stację naziemną, tak szybko jak to jest możliwe;Właściwą stację naziemną, telefonicznie po lądowaniu;Właściwą stację naziemną, pisemnie po lądowaniu;Przełożonego lub najbliższy organ ruchu lotniczego
1686;PL070-0025;Badanie wypadków i incydentów lotniczych ma na celu:;Wyjaśnienie okoliczności i przyczyn oraz wypracowanie zaleceń profilaktycznych;Wyjaśnienie okoliczności i przyczyn oraz wypracowanie zaleceń profilaktycznych oraz wskazanie winnych zdarzenia;Wyjaśnienie okoliczności i przyczyn oraz wypracowanie zaleceń profilaktycznych, wskazanie winnych zdarzenia oraz rozpowszechnianie informacji dotyczącej zdarzeń;Wyjaśnienie okoliczności i przyczyn zdarzenia
1687;PL070-0026;Członek załogi statku powietrznego nie może spożywać alkoholu w okresie minimum:;24 godzin przed lotem;12 godzin przed lotem;36 godzin przed lotem;48 godzin przed lotem
1688;PL070-0027;Raport o zdarzeniu w locie jest ważny jeśli złoży go:;jeden z członków załogi;Wszyscy członkowie załogi;Pilot;użytkownik bez wiedzy załogi
1689;PL070-0028;PKBWL przedstawia wyniki badania wypadku lotniczego:;Ministrowi Infrastruktury;Prezesowi Urzędu Lotnictwa Cywilnego;Opinii publicznej;Stronom zainteresowanym
1690;PL070-0029;W celu opanowania sytuacji zagrażającej bezpieczeństwu statku powietrznego:;Można naruszyć przepisy lotnicze;Nie można naruszać przepisów lotniczych;Można naruszyć przepisy lotnicze po konsultacji z członkami załogi;Wszystkie pozostałe odpowiedzi są nieprawidłowe
1691;PL070-0030;Po naruszeniu przepisów lotniczych w celu opanowania sytuacji zagrażającej bezpieczeństwu statku powietrznego dowódca statku powietrznego jest zobowiązany o tym powiadomić właściwy organ państwa, którego przepisy zostały naruszone i jeżeli przepisy tego wymagają złożyć organowi, który otrzymał zawiadomienie:;Pisemne sprawozdanie o zdarzeniu w ciągu 10 dni;Pisemne sprawozdanie o zdarzeniu w ciągu 14 dni;Ustne – telefoniczne sprawozdanie po lądowaniu w miejscu docelowym;Nie składa dodatkowych wyjaśnień
1692;PL070-0031;Osobę zatrzymaną na pokładzie statku powietrznego podejrzaną o dokonanie przestępstwa przekazuje się:;Organom Policji lub Straży Granicznej;Służbie Więziennej;Straży Ochrony Lotniska;Funkcjonariuszom ABW
1693;PL070-0032;Obowiązek bezpiecznej eksploatacji statku powietrznego nałożony jest na użytkowniku statku powietrznego w:;Prawie lotniczym;PL - 2;JAR-ach;PL - 6
1694;PL070-0033;Osoba naruszająca obowiązki w zakresie bezpiecznej eksploatacji statku powietrznego podlega karze:;grzywny;Pozbawienia wolności do lat 5;Pozbawienia wolności do roku;Grzywny, karze ograniczenia wolności lub pozbawienia wolności do roku
1695;PL070-0035;W przypadku stwierdzenia przez załogę/dowódcę statku powietrznego zagrożenia bezpieczeństwa innego statku powietrznego należy:;Udzielić poszkodowanym lub znajdującym się w niebezpieczeństwie pomocy w zakresie, w jakim może to uczynić bez narażania na niebezpieczeństwo powierzonego mu statku powietrznego, pasażerów, załogi;Użyć wszelkich środków do udzielenia pomocy naruszając nawet przepisy lotnicze;Powiadomić odpowiednie służby lotnicze;Powiadomić odpowiednie służby lotnicze i działać według ich poleceń
1696;PL070-0036;Za bezpieczeństwo lotu od startu do lądowania odpowiada:;Dowódca załogi;Załoga statku powietrznego;Kontroler Ruchu Lotniczego;Inspektor bezpieczeństwa lotów
1697;PL070-0037;O wyborze miejsca do lądowania awaryjnego w terenie decyduje:;Dowódca załogi;Załoga statku powietrznego;Służba ruchu lotniczego;Dowódca załogi w porozumieniu z załogą i kontrolerem ruchu lotniczego
1698;PL070-0038;O przerwaniu zadania w powietrzu decyduje:;Dowódca załogi;Załoga statku powietrznego;Służba ruchu lotniczego;Dowódca załogi w porozumieniu z załogą i kontrolerem ruchu lotniczego
1699;PL070-0039;Czy funkcjonariusz Policji może zażądać od pilota/załogi poddania się badaniu na obecność alkoholu we krwi po zaistnieniu wypadku lotniczego?;Tak;Nie;Tylko w obecności członków PKBWL;Tylko w obecności lekarza
1700;PL070-0040;Krajowa Konferencja Bezpieczeństwa Lotów lotnictwa Cywilnego organizowana jest:;Przez ULC;Przez PKBWL;Przez ULC wraz z PKBWL;Przez MI
1701;PL070-0041;Krajowa Konferencja Bezpieczeństwa Lotów Lotnictwa Cywilnego organizowana jest:;Raz do roku;Dwa razy w roku;Raz na dwa lata;W razie potrzeb
1702;PL070-0042;Za właściwą ilość paliwa zatankowanego do lotu odpowiada:;Dowódca załogi;Obsługa techniczna;Obsługa lotniskowa;Drugi pilot
1703;PL070-0043;Pojęcia: ALERFA, DETRESFA, INTERFA odnoszą się do:;Stanu zagrożenia dla statku powietrznego określanego przez służby SAR;Stanu zdrowia załogi;Stanu pogody;Stanu lotniska
1704;PL070-0044;Lotniskowe pojazdy pożarnicze są malowane na kolor:;zielonożółty lub czerwony;pomarańczowy;biały;wyłącznie czerwony
1705;PL070-0045;Jeżeli statek powietrzny jest wyposażony w nadajnik ratunkowy ELT, oznacza to:;że posiada lotniczy nadajnik ratowniczy SARSAT;że ma możliwość podejścia według MLS;że ma możliwość podejścia według TLS;że może korzystać z przestrzeni RVSM
1706;PL070-0046;W razie przypadkowego uruchomienia ELT należy:;niezwłocznie wyłączyć ELT i powiadomić o tym fakcie właściwe RCC lub służbę informacji lotniczej;wyłączyć ELT;zgłosić fakt mechanikowi gdy będzie to możliwe;powiadomić policję
1707;PL070-0047;Za sprawdzenie przed lotem ważności dopuszczenia do użytku wysokościomierza jest odpowiedzialny:;dowódca statku powietrznego;inspektor kontroli cywilnych statków powietrznych;właściciel statku powietrznego;kierownik obsługi startowej
1708;PL070-0048;Pilot nie może przystąpić do wykonania lotu w znanych lub spodziewanych warunkach oblodzenia, jeżeli:;samolot nie będzie certyfikowany i wyposażony do zwalczenia takich warunków;nie ustanowiono procedury odladzania i przeciwdziałania oblodzeniu samolotu na ziemi;temperatura powietrza jest niższa niż 7°C;pada deszcz
1709;PL070-0049;Przed przystąpieniem do startu dowódca statku powietrznego musi upewnić się na podstawie dostępnych mu informacji, że warunki meteorologiczne na lotnisku startu oraz stan planowanej do startu drogi startowej:;nie wpłyną ujemnie na bezpieczeństwo startu i odlotu;odpowiadają danym z AIP;są zgodne z podawanymi przez odpowiednie służby;jeśli organ kontroli ruchu lotniczego udziela zgody, dowódca statku powietrznego wykonuje start
1710;PL070-0050;Sprawdzenia obecności i kompletności środków pierwszej pomocy na pokładzie statku powietrznego dokonuje:;dowódca statku powietrznego;dowolna osoba;lekarz wojewódzki;dowolny członek personelu lotniczego
1711;PL070-0051;Za kompletność i dostępność całego pokładowego wyposażenia awaryjnego odpowiada:;dowódca statku powietrznego;przewoźnik lub dysponent statku powietrznego;obsługa techniczna w miejscu startu;pion bezpieczeństwa lotniczego ULC
1712;PL070-0052;Zestawy pierwszej pomocy powinny być umieszczone:;tak, by były łatwo dostępne dla wszystkich członków załogi i pasażerów;w kabinie załogi;w części kadłuba najmniej narażonej na uszkodzenie;w zamkniętej kasetce w dyspozycji dowódcy statku powietrznego
1713;PL070-0053;Do zestawu pierwszej pomocy powinien być dołączony:;podręcznik pierwszej pomocy i zestaw sygnałów zgodny z Aneksem 12 ICAO („ground-air visual signal code for use by survivors”);jedynie podręcznik pierwszej pomocy;podręcznik pierwszej pomocy i pełny tekst Aneksu 6 ICAO;Aneks 12 ICAO
1714;PL070-0054;Przepisy dotyczące sygnałów, stosowanych w akcjach poszukiwawczo - ratowniczych znajdują się w:;Aneksie 12 ICAO;Aneksie 6 ICAO;Aneksie 2 ICAO;AIP Polska, rozdz. ENR1 „Przepisy i Procedury Ogólne”
1715;PL070-0055;Komunikat MAYDAY nadaje się w przypadku:;bezpośredniego zagrożenia życia załogi i pasażerów;konieczności zapewnienia pomocy medycznej;ogólnego niebezpieczeństwa dla ruchu lotniczego, zaobserwowania groźnych zjawisk itp;utraty łączności
1716;PL070-0056;Potwierdzeniem przyjęcia i zrozumienia sygnału wizualnego, podawanego z miejsca wypadku, przez pilota samolotu jest:;kilkakrotne przechylenie samolotu na boki;wystrzelenie zielonej rakiety;włączenie smugaczy;zrzucenie meldunku potwierdzającego
1717;PL070-0057;Potwierdzeniem przyjęcia i zrozumienia przez pilota samolotu sygnału wizualnego, podawanego z miejsca wypadku nocą jest:;kilkakrotne włączenie i wyłączenie świateł lądowania lub nawigacyjnych;kilkakrotne przechylenie samolotu na boki;wystrzelenie zielonej rakiety;zrzucenie meldunku potwierdzającego
1718;PL070-0058;Sygnał wizualny w kształcie litery X, podawany z miejsca wypadku lotniczego, oznacza:;żądanie pomocy medycznej;żądanie udzielenia informacji o własnej pozycji;żądanie zidentyfikowania statku powietrznego;odpowiedź negatywna
1719;PL070-0060;Zabrudzenie skóry rąk płynem z instalacji hydraulicznej należy usunąć:;wodą z mydłem lub detergentem;benzyną lotniczą;alkoholem;benzyną ekstrakcyjną
1720;PL070-0061;Pożar instalacji elektrycznej statku powietrznego powinien być gaszony:;gaśnicą śniegową lub BCE;pianą gaśniczą;piaskiem;wodą
1721;PL070-0062;Gdy w czasie lotu rzeczywista ilość paliwa użytecznego w zbiornikach samolotu jest mniejsza od ostatecznej rezerwy paliwa, dowódca statku powietrznego powinien:;zgłosić sytuację awaryjną;zamówić paliwo na lotnisku lądowania;natychmiast lądować w terenie przygodnym;porozumieć się z przewoźnikiem lub dysponentem statku powietrznego
1722;PL070-0063;Paliwo lotnicze, przypadkowo rozlane przy tankowaniu, powinno zostać:;niezwłocznie zneutralizowane i usunięte;zostawione na podłożu do odparowania;zebrane, przefiltrowane i zużyte do celów gospodarczych;zlane do kanalizacji
1723;PL070-0064;Obecność materiałów promieniotwórczyc h na pokładzie cywilnego statku powietrznego jest dozwolona pod warunkiem:;że substancje te są niezbędne do działania istotnych systemów statku powietrznego;obecność substancji promieniotwórczych na pokładzie statku powietrznego jest bezwzględnie zabroniona;udzielenia stosownego zezwolenia przez Ministersto Ochrony Środowiska;właściwego opakowania i wyraźnego oznakowania substancji promieniotwórczej
1724;PL070-0065;Podczas ręcznego przekręcania śmigła należy stać:;przed płaszczyzną obrotu śmigła;z boku, w płaszczyźnie obrotu śmigła;za śmigłem;obojętnie
1725;PL070-0066;Pilot statku powietrznego może palić tytoń w czasie lotu pod warunkiem:;palenie tytoniu nie jest dozwolone;utrzymania dobrej wentylacji kabiny;może palic tylko jedna osoba na raz;załoga jest jednoosobowa
1726;PL070-0067;Przy wykonywaniu symulowanego lotu bez widoczności pilot bezpieczeństwa powinien zajmować miejsce:;przy drugim zestawie urządzeń sterowych statku powietrznego;w miejscu zapewniającym najlepszą widoczność;w miejscu zapewniającym najlepszy nadzór nad czynnościami pilota prowadzącego statek powietrzny;w zasięgu wzroku pilota prowadzącego statek powietrzny
1727;PL070-0068;W przypadku zaistnienia krytycznego niebezpieczeństwa dla życia załogi i pasażerów statku powietrznego należy w pierwszym rzędzie:;nadać wywołanie w niebezpieczeństwie wszystkimi dostępnymi środkami;poinformować pasażerów;zabezpieczyć przedmioty wartościowe;zadbać o bezpieczeństwo dowódcy statku powietrznego
1728;PL070-0069;Uprawniony do usunięcia z pokładu statku powietrznego każdej osoby lub każdej części ładunku, która w jego opinii może stwarzać potencjalne zagrożenie dla bezpieczeństwa samolotu lub osób na nim się znajdujących jest:;dowódca statku powietrznego;przedstawiciel przewoźnika;każdy członek załogi lotniczej;zarządca lotniska
1729;PL070-0070;Ostateczną decyzja co do zezwolenia na wstęp do kabiny pilotów należy do:;dowódcy statku powietrznego;inspektora ULC, odpowiedzialnego za certyfikację, licencjonowanie lub nadzór bieżący;przedstawiciela przewoźnika;zarządcy lotniska
1730;PL070-0071;W przypadku bezprawnej ingerencji na pokładzie statku powietrznego, pierwszym obowiązkiem członków załogi jest:;powiadomić o tym fakcie służby ruchu lotniczego;podjąć próbę siłowego odzyskania kontroli nad sytuacją;upewnić się czy instalacja tlenowa jest sprawna;wykonywać polecenia napastników
1731;PL070-0072;W przypadku podejrzenia bezprawnej ingerencji na pokładzie statku powietrznego służba ruchu lotniczego powiadamia o tym poprzez sieć łączności lotniczej VHF:;nie informuje o podejrzeniu za pośrednictwem łączności radiowej;powiadamia statki powietrzne znajdujące się najbliżej statku, co do którego istnieje takie podejrzenie;rządowe statki powietrzne;wszystkie statki powietrzne w sektorze odpowiedzialności danej służby ruchu lotniczego
1732;PL070-0073;Dyrektywy Operacyjne, wydawane przez Prezesa ULC, zabraniające, ograniczające lub poddające działalność lotniczą określonym warunkom w interesie bezpieczeństwa lotów, są publikowane w:;Dzienniku Urzędowym Urzędu Lotnictwa Cywilnego;Dzienniku Ustaw;miesięczniku „Przegląd Lotniczy”;na stronach internetowych organizacji lotniczych
1733;PL070-0074;Zrzut obiektów lub substancji z pokładu statku powietrznego jest dozwolony w przypadku:;podjęcia działań, zapewniających zabezpieczenie życia osób i mienia w rejonie zrzutu;tylko w niebezpieczeństwie;uzyskania pisemnej zgody władz terenowych;uzyskania zgody władz lotniczych
1734;PL070-0075;W trakcie wykonywania lotu pilot statku powietrznego powinien mieć zapięte pasy w czasie:;podczas startu i lądowania oraz zawsze, kiedy dowódca uzna to za konieczne;przez cały czas trwania lotu;w czasie startu i lądowania;występowania turbulencji
1735;PL070-0076;Jeżeli kontrola lotniska wydaje pilotowi statku powietrznego polecenie kołowania do drogi startowej np. 27, oznacza to, że:;należy kołować do najbliższego przecięcia drogi kołowania z drogą startową, zgłosić ten fakt i czekać na dalsze instrukcje;można kołować poprzez wszystkie drogi kołowania i startowe po drodze, do wjazdu na drogę startową 27;można kołować poprzez wszystkie drogi kołowania i startowe po drodze i zająć drogę startową 27;można kołować poprzez wszystkie drogi kołowania i startowe po drodze i startować z drogi startowej 27
1736;PL070-0077;napotkanych w locie potencjalnych zagrożeniach bezpieczeństwa oraz zdarzeniach takich, jak nieprawidłowa praca urządzeń naziemnych lub nawigacyjnych, niezwykłe zjawiska pogody, dowódca statku powietrznego powinien powiadomić:;właściwą stację naziemną tak szybko, jak jest to praktycznie możliwe;organ kontroli ruchu lotniczego, po wylądowaniu;władze lokalne;Urząd Lotnictwa Cywilnego
1737;PL070-0092;Eksploatacja balonu powinna być zgodna z:;Instrukcją użytkowania w locie przeznaczoną dla danego egzemplarza balonu;Instrukcją użytkowania w locie przeznaczoną dla danego typu balonu;Z dowolną instrukcją użytkowania w locie, ale przeznaczoną dla balonu o danej objętości powłoki;Z dowolną Instrukcją użytkowania w locie, ale przeznaczoną dla balonu o danej objętości powłoki i maksymalnym ciężarze startowym
1738;PL070-0093;Do dokumentów niezbędnych do eksploatacji balonu w locie należą między innymi:;Świadectwo zdatności do lotu;Świadectwo hałasu,;Dziennik podróży;Instrukcja obsługi technicznej
1739;PL070-0094;W czasie lotów nocnych balon dodatkowo powinien być wyposażony między innymi w:;Światła ostrzegawcze i reflektor do lądowania;System ostrzegania o bliskości ziemi i pokładowy rejestrator rozmów;Radiolokator meteorologiczny;Urządzenie do magazynowania i rozdzielania tlenu do oddychania
1740;PL070-0095;Wykonywanie lotu balonem w celach sportowych wymaga wyposażenia w urządzenia do magazynowania i rozdzielania tlenu do oddychania bez względu na czas lotu od wysokości gdzie:;Ciśnienie atmosferyczne na wysokości lotu jest niższe niż 620 hPa (powyżej 4000 m);Ciśnienie atmosferyczne na wysokości lotu jest niższe niż 540 hPa (powyżej 5000 m);Ciśnienie atmosferyczne na wysokości lotu jest niższe niż 376 hPa (powyżej 7600 m);Ciśnienie atmosferyczne na wysokości lotu jest niższe niż 193 hPa (powyżej 12000 m)
1741;PL070-0097;Balonem można startować i lądować:;Z lotnisk, lądowisk i innych terenów spełniających warunki niezbędne do bezpiecznego startu lub lądowania;Tylko z lotnisk użytku publicznego;Tylko z lotnisk i lądowisk;Tylko z lądowisk
1742;PL070-0098;Dowódcą statku powietrznego w odniesieniu do balonów jest:;Osoba wyznaczona przez użytkownika, posiadająca odpowiednią ważną licencję;Pilot najstarszy wiekiem znajdujący się w balonie;Jeden z pilotów znajdujących się w balonie posiadający największy nalot;Zawsze pilot najdłużej posiadający licencję pilota balonu wolnego
1743;PL070-0099;Lot balonem w celach sportowych bez urządzenia do magazynowania i rozdzielania tlenu może być wykonywany na wysokości gdzie ciśnienie jest niższe od 700 hPa lecz wyższe niż 620 hPa (3000 – 4000 m) jeśli nie jest dłuższy niż:;2 godziny;5 godzin;1 godzina;30 minut
1744;PL070-0100;Czyszczenie układu sterowania palnikiem i dysz zgodnie z instrukcją balonu może wykonać:;Pilot – właściciel jeśli posiada ważną licencję pilota odpowiedniego typu lub kategorii lub mechanik poświadczania obsługi technicznej;Tylko mechanik poświadczania obsługi technicznej;Tylko mechanik pod nadzorem inspektora Kontroli cywilnych statków powietrznych;Tylko zakład naprawczy certyfikowany przez producenta
1745;PL070-0101;Za wykonanie lotu balonem bez ważnego świadectwa rejestracji grozi:;Kara grzywny;Kara pozbawienia wolności do lat pięciu;Nie podlega karze;Kara grzywny, ograniczenia wolności lub pozbawienia wolności do roku
1746;PL070-0102;Za wykonanie lotu balonem bez ważnego świadectwa zdatności do lotu grozi:;Kara grzywny, ograniczenia wolności lub pozbawienia wolności do roku;Nie podlega karze;Kara pozbawienia wolności do lat pięciu;Kara grzywny
1747;PL070-0103;Za wykonanie lotu balonem bez ważnego ubezpieczenia odpowiedzialności cywilnej grozi:;Kara grzywny;Kara pozbawienia wolności do lat pięciu;Nie podlega karze;Kara grzywny, ograniczenia wolności lub pozbawienia wolności do roku
1748;PL070-0104;Za używanie urządzeń radiowych na częstotliwościach przeznaczonych dla radiokomunikacji ruchomej lotniczej, nie będąc do tego specjalnie upoważnionym grozi:;Kara pozbawienia wolności do lat pięciu;Nie podlega karze;Kara grzywny, ograniczenia wolności lub pozbawienia wolności do roku;Kara grzywny
1749;PL070-0105;Przekroczenie w locie balonem granicy państwowej bez wymaganego zezwolenia lub z naruszeniem warunków zezwolenia grozi:;Kara pozbawienia wolności do lat pięciu;Kara grzywny;Kara grzywny, ograniczenia wolności lub pozbawienia wolności do roku;Nie podlega karze
1750;PL070-0106;Wykonywanie lotu próbnego balonem nad osiedlem lub innym skupiskiem ludności grozi:;Kara grzywny, ograniczenia wolności lub pozbawienia wolności do roku;Kara pozbawienia wolności do lat pięciu;Nie podlega karze;Kara grzywny
1751;PL070-0107;Żaden członek załogi nie może przystąpić do pełnienia czynności lotniczych, jeśli stężenie alkoholu we krwi przekracza:;0,2 promila;0,5 promila;0,8 promila;1,2 promila
1752;PL070-0108;Symulowanie sytuacji niebezpiecznych w locie nie jest dopuszczalne gdy:;Przewożeni są podróżni;Pilot dowódca nie posiada uprawnień pilota doświadczalnego;Pilot dowódca ma nalot mniejszy niż 50 godzin;Nie ma zatwierdzonego dla danego balonu programu prób w locie
1753;PL070-0109;Za ocenę gotowości balonu i załogi do lotu odpowiedzialny jest:;Pilot - dowódca;Kontroler ruchu lotniczego;Mechanik poświadczania obsługi technicznej;Kierownik lotów
1754;PL070-0110;Do przeprowadzenia instruktażu podróżnych przed lotem zobowiązany jest:;Dowódca statku powietrznego lub wyznaczony przez niego członek załogi lotniczej;Nie ma obowiązku przeprowadzania instruktażu podróżnych przed lotem;Podróżni zobowiązani są sami przeprowadzić sobie instruktaż;Kierownik lotów
1755;PL070-0111;Na pokładzie balonu w czasie lotu musi znajdować się mapa lotnicza zawierająca rejon planowanego lotu w podziałce:;1:500 000;1:25 000;1: 50 000;1:200 000
1756;PL070-0112;Do przedłużenia ważności świadectwa zdatności do lotu konieczne jest wykonanie lotu:;Próbnego kontrolnego;Próbnego doświadczalnego;treningowego;instruktorskiego
1757;PL070-0113;Za lot nocny uznaje się lot lub jego część wykonaną w czasie:;Między zachodem a wschodem słońca;Między zmierzchem a świtem;Od godziny po zachodzie słońca do godziny przed wschodem słońca;Od godziny przed zachodem słońca do godziny po wschodzie słońca
1758;PL070-0114;Starty i lądowania balonów poza lotniskami i lądowiskami odbywają się:;Zgodnie z przepisami, za zachowanie bezpiecznej separacji od przeszkód terenowych odpowiedzialny jest pilot balonu;Wbrew obowiązującym przepisom, które pozwalają startować i lądować balonem tylko na lotniskach użytku publicznego;Zgodnie z przepisami, za zachowanie bezpiecznej separacji od przeszkód terenowych odpowiedzialny jest właściciel terenu;Wbrew obowiązującym przepisom, które pozwalają startować i lądować balonem tylko na lotniskach lub lądowiskach wpisanych do AIP Polska
1759;PL070-0115;Palnika cichego używa się w celu:;Zmniejszenia hałasu powodowanego przez palnik podczas lotu na niskiej wysokości nad hodowlami;Zmniejszenia zużycia paliwa;Zwiększenia prędkości lotu;Zwiększenia hałasu powodowanego przez palnik, co pomaga rozpędzić zwierzynę znajdującą się w miejscu lądowania
1760;PL070-0116;Podczas lotu nocnego zapas energii elektrycznej musi wystarczyć na świecenie reflektorów do lądowania przez:;30 minut;15 minut;1 godzinę;10 godzin
1761;PL070-0117;Za wybór miejsca startu balonu odpowiedzialny jest:;pilot - dowódca;Szef ekipy naziemnej;Kierowca pojazdu, którym transportowany jest balon;Właściciel tego terenu
1762;PL070-0118;W skład obowiązkowego wyposażenia balonu wchodzi:;gaśnica;tachometr;higrometr;areometr
1763;PL070-0119;Pilot – właściciel może dokonać ograniczonej obsługi technicznej jeśli:;Posiada ważną licencję pilota odpowiedniego typu lub kategorii;Jest właścicielem balonu dłużej niż rok;Nigdy nie może dokonywać ograniczonej obsługi technicznej;Może dokonywać ograniczonej obsługi technicznej w każdym przypadku
1764;PL070-0120;Pilot-właściciel może wykonywać drobne naprawy powłoki (zgodnie z opisem w instrukcjach producenta balonu oraz zgodnie z tymi instrukcjami), z wyjątkiem:;Naprawy lub wymiany taśmy nośnej;Naprawy lub wymiany wiatrochronu (Nomexu);Naprawy materiału powłoki;Nie może wykonywać żadnych napraw powłoki
1765;PL070-0121;Pilot-właściciel może wykonać wymiany:;Prefabrykowanych przewodów paliwowych;Taśm nośnych;Wężownicy palnika;Nie może wykonywać wymiany żadnych części
1766;PL080-0001;Czy profile klasyczne są dużo bardziej „wrażliwe” na zabrudzenia od profili laminarnych?;nie;tak;nie, ale tylko na małych kątach natarcia;tak, ale tylko na dużych kątach natarcia
1767;PL080-0002;Aby szybowiec znalazł się w fazie lotu nazwanym autorotacją skrzydła musi powstać zaburzenie, które spowoduje, że oba skrzydła opływane będą:;pod różnym kątem natarcia, przy czym co najmniej jedno pod kątem nadkrytycznym;pod różnym kątem natarcia, przy oba muszą być opływane pod kątem nadkrytycznym;pod takim samym kątem natarcia, przy czym musi to być kąt nadkrytyczny;pod różnym kątem natarcia, przy czym co najmniej jedno pod krytycznym kątem natarcia
1768;PL080-0003;Aby zapobiec zjawisku flatteru giętno-lotkowemu należy:;"- zwiększyć sztywność giętną skrzydła; - zastosować wyważenia masowe lotek";"- zastosować kompensację aerodynamiczną; - przesunąć środek ciężkości skrzydła jak najbliżej osi skrętnej";"- zastosować klapkę odciążającą; - zwiększyć sztywność skrętną skrzydła";"- zastosować klapkę dociążającą; - zastosować wyważenia masowe lotek"
1769;PL080-0004;Aby zapobiec zjawisku flatteru giętno-skrętnemu należy:;"- zwiększyć sztywność skrętną skrzydła; - przesunąć środek ciężkości skrzydła jak najbliżej osi skrętnej";"- zastosować kompensację aerodynamiczną; - przesunąć środek ciężkości skrzydła jak najbliżej osi skrętnej";"- zastosować klapkę odciążającą; - zwiększyć sztywność skrętną skrzydła";"- zastosować klapkę dociążającą; - zastosować wyważenia masowe lotek"
1770;PL080-0005;Aby zapobiec zjawisku odwrotnego działania lotek należy;zwiększyć sztywność skrętną skrzydła;zastosować kompensację aerodynamiczną;zastosować klapkę odciążającą;zastosować klapkę dociążającą
1771;PL080-0006;Aby zapobiec zjawisku trzepotania usterzeń należy:;"- zastosować usterzenia typu T; - starannie opracować przejście skrzydło-kadłub";"- zastosować usterzenia typu T; - zastosować klapkę wyważającą";"- zastosować klapkę wyważającą; - starannie opracować przejście skrzydło- kadłub";"- zwiększyć sztywność giętną usterzenia; - zwiększyć sztywność skrętną usterzenia"
1772;PL080-0007;Aerodynamiczna krawędź natarcia to linia łącząca punkty płata lotniczego w których:;prędkość strumienia jest równa zeru, a ciśnienie – ciśnieniu spiętrzenia;prędkość strumienia jest równa zeru;ciśnienie jest większe od ciśnienia spiętrzenia;prędkość strumienia jest równa zeru, a ciśnienie osiąga wartość minimalną
1773;PL080-0008;Brak wyważenia masowego lotek na dużych prędkościach lotu jest bezpośrednią przyczyną występowania:;flatteru lotkowego;flatteru giętno- skrętnego;odwrotnego działania lotek;dywergencji skrętnej skrzydła
1774;PL080-0009;Buffeting to inaczej:;trzepotanie usterzeń;drgania giętno- skrętne;flatter lotkowy;flatter usterzenia
1775;PL080-0010;Ciało porusza się po okręgu z prędkością ‘υ’. Jeżeli zwiększymy dwukrotnie prędkość ciała to:;"-prędkość kątowa ‘ω’ wzrośnie dwukrotnie - przyśpieszenie dośrodkowe ""ar"" wzrośnie czterokrotnie";"-prędkość kątowa ‘ω’ wzrośnie dwukrotnie - przyśpieszenie dośrodkowe ""ar"" wzrośnie dwukrotnie";"-prędkość kątowa ‘ω’ wzrośnie czterokrotnie - przyśpieszenie dośrodkowe ""ar"" wzrośnie czterokrotnie";"-prędkość kątowa ‘ω’ wzrośnie czterokrotnie - przyśpieszenie dośrodkowe ""ar"" wzrośnie dwukrotnie"
1776;PL080-0011;Ciało porusza się po okręgu z prędkością ‘υ’. Jeżeli zwiększymy dwukrotnie promień okręgu to:;-prędkość kątowa ‘ω’ zmaleje dwukrotnie -droga przebyta przez ciało w czasie okresu ‘T’ wzrośnie dwukrotnie - przyśpieszenie dośrodkowe ‘ar’ zmaleje dwukrotnie;-prędkość kątowa ‘ω’ zmaleje dwukrotnie -droga przebyta przez ciało w czasie okresu ‘T’ zmaleje dwukrotnie - przyśpieszenie dośrodkowe ‘ar’ zmaleje dwukrotnie;-prędkość kątowa ‘ω’ zmaleje dwukrotnie -droga przebyta przez ciało w czasie okresu ‘T’ wzrośnie dwukrotnie -przyśpieszenie dośrodkowe ‘ar’ wzrośnie dwukrotnie;"-prędkość kątowa ‘ω’ zmaleje dwukrotnie -droga przebyta przez ciało w czasie okresu ""T"" wzrośnie dwukrotnie -przyśpieszenie dośrodkowe ‘ar’ nie zmieni się"
1777;PL080-0012;Ciało porusza się ze stałą prędkością ‘υ’ po okręgu o promieniu ‘R’. Wypadkowy wektor przyśpieszenia działającego na to ciało jest zawsze skierowany:;w stronę środka okręgu;na zewnątrz okręgu;skoro prędkość ‘υ’ jest stała, to na ciało nie działa żadne przyśpieszenie;stycznie do okręgu
1778;PL080-0014;Ciśnienie statyczne w punkcie przejścia z opływu laminarnego w turbulentny jest:;minimalne na górnej powierzchni i maksymalne na dolnej powierzchni;maksymalne na górnej powierzchni i minimalne na dolnej powierzchni;minimalne na górnej powierzchni i minimalne na dolnej powierzchni;maksymalne na górnej powierzchni i maksymalne na dolnej powierzchni
1779;PL080-0015;Co jest „równanie stanu powietrza” ?;Związek między ciśnieniem statycznym, gęstością, temperaturą i stałą gazową powietrza p = ρ.g.R.T [Pa];Związek istniejący pomiędzy ciśnieniem powietrza i jego temperaturą;Równanie określające równowagę między ciśnieniem powietrza i jego wilgotnością;Równanie określające równowagę między ciśnieniem powietrza i przyspieszeniem ziemskim
1780;PL080-0016;Co się rozumie pod pojęciem „sterowności” obiektu latającego (samolotu, śmigłowca, szybowca, lotni etc) ?;Zdolność do „odpowiadania” przez obiekt na zadawane przez pilota impulsy sterujące;Zapewnianie możliwości wykonywania manewrów akrobatycznych;Zapewnianie uzyskiwania osiągów przewidzianych projektem obiektu;Zapewnienie, że obiekt jest stateczny statycznie i dynamicznie
1781;PL080-0017;Co to jest „ciśnienie spiętrzeniowe”?;różnica ciśnienia dynamicznego i ciśnienia statycznego;najwyższe zmierzone ciśnienie;najniższe zmierzone ciśnienie;suma ciśnienia dynamicznego i statycznego
1782;PL080-0018;Co to jest „opływ laminarny”?;niezaburzony opływ od krawędzi natarcia do punktu przejściowego;opływ niezaburzony wzdłuż całej cięciwy, ze strugami powietrza przylegającymi do profilu;opływ zaburzony (turbulentny) wzdłuż całej cięciwy profilu;opływ zaburzony (turbulentny) wzdłuż całej cięciwy profilu, ale z zachowaniem przylegania strug do profilu
1783;PL080-0019;Co to jest „pułap teoretyczny” statku powietrznego (śmigłowca, samolotu, szybowca etc)?;Największa wysokość na którą teoretycznie statek powietrzny może się wznieść;Pułap obliczony w projekcie konstrukcyjnym statku powietrznego;Wysokość, na której statek powietrzny dysponuje jeszcze prędkością wznoszenia 0,5 m/s;Wysokość granicy atmosfery otaczającej Ziemię
1784;PL080-0020;Co to jest „stateczność statyczna” obiektu (samolotu, śmigłowca, szybowca, lotni etc)?;Istnienie tendencji (w postaci działania siły lub momentu) do powrotu do równowagi po wytrąceniu z niej;Stan równowagi spoczynkowej;Brak reakcji na zakłócenia równowagi;Wykonywanie przez obiekt statecznych wahań wokół osi poprzecznej
1785;PL080-0021;Co to jest „środek parcia profilu” ?;Wyobrażalny punkt na cięciwie profilu, w którym działa wypadkowa wszystkich sił aerodynamicznych występujących na profilu;Punkt przyłożenia oporu;Punkt, w którym wielkość ciśnienia jest średnia;Środek długości cięciwy profilu
1786;PL080-0022;Co to jest „warstwa przyścienna”?;Warstwa powietrza opływającego dowolny element statku powietrznego, w której prędkość zmienia się od zera do prędkości opływu;Obszar zawirowań powstających w okolicy mocowania elementów struktury statku powietrznego do ściany kadłuba;Część strumienia powietrza opływającego tę część statku powietrznego, na której występuje cyrkulacja;Część strumienia powietrza, która zmienia charakter z laminarnego na turbulentny
1787;PL080-0023;Co to jest „wydłużenie” skrzydła samolotu lub szybowca albo łopaty nośnej?;Stosunek rozpiętości do średniej cięciwy geometrycznej;Stosunek długości skrzydła lub łopaty do cięciwy u nasady;Stosunek rozpiętości skrzydeł (średnicy wirnika) do długości samolotu (śmigłowca);Stosunek średniej cięciwy aerodynamicznej do długości skrzydła lub łopaty
1788;PL080-0024;Co to jest elewacja lotniska?;Fizyczne wzniesienie (wysokość) płyty lotniska nad umowny poziom morza wg. ISA;Fasada budynku portowego lotniska;Nawierzchnia płyty lotniska;Kątowe pochylenie nawierzchni głównej drogi startowej
1789;PL080-0025;Co to jest gęstość powietrza?;Ilość masy powietrza zawartej w 1 m? objętości;Przeciwieństwo lepkości atmosferycznej;Liczba molekuł tlenu i azotu w 1 cm? objętości;Ciężar 1 m? powietrza
1790;PL080-0026;Co to jest Międzynarodowa Atmosfera Wzorcowa ISA (International Standard Atmosphere)?;Zbiór uznawanych za wzorcowe wielkości ciśnienia statycznego p, temperatur t i T oraz gęstości powietrza ρ na różnych wysokościach;Zbiór intormacji o parametrach atmosfery w siedzibie ONZ w Nowym Jorku;Zbiór intormacji o parametrach atmosfery w siedzibie ICAO w Montrealu;Zestaw składu chemicznego powietrza na różnych wysokościach
1791;PL080-0027;Co to jest wysokość ciśnieniowa nad poziomem lotniska?;Wysokość odczytywana na wysokościomierzu ciśnieniowym stawionym na aktualne ciśnienie na poziomie lotniska QFE;Wysokość odczytywana na wysokościomierzu ciśnieniowym ustawionym na aktualne ciśnienie na poziomie morza QNH;Wysokość wskazywana radiowysokościomier zem;Wysokość elewacji lotniska
1792;PL080-0028;Co to jest wysokość ciśnieniowa nad poziomem morza?.;Wysokość odczytywana na wysokościomierzu ciśnieniowym ustawionym na aktualne ciśnienie na poziomie morza QNH;Wysokość elewacji lotniska;Wysokość odczytywana na wysokościomierzu ciśnieniowym ustawionym na aktualne ciśnienie na poziomie lotniska QFE;Wysokość wskazywana radiowysokościomier zem
1793;PL080-0029;Co to jest wysokość gęstościowa?;Wysokość pozorna, na której gęstość powietrza jest równa wartości standardowej wg. atmosfery ISA;Wysokość zgodna z Międzynarodową Atmosferą Wzorcową ISA (International Standard Atmosphere);Wysokość elewacji lotniska z poprawką na aktualną gęstość powietrza;Wysokość ciśnieniowa z poprawką na wilgotność powietrza
1794;PL080-0030;Co to jest wysokość standardowa?;Wysokość odczytywana na wysokościomierzu ciśnieniowym ustawionym na standardową wartość na poziomie morza (QNH), tj. po = 1013,25 hPa = 760 mm Hg;Wysokość odczytywana na standardowym wysokościomierzu radiowym;Wysokość elewacji lotniska;Wysokość gęstościowa skorygowana o wpływ temperatury otoczenia
1795;PL080-0031;Czy między ciśnieniem statycznym powietrza p, jego temperaturą bezwzględną T i gęstością ρ istnieje jakiś związek?;Tak, wyrażony tzw. równaniem stanu p = ρ.g.R.T [Pa], w którym g oznacza przyspieszenie ziemskie g = 9,81 m/s? zaś R stałą gazową powietrza R = 29,2746 m/K;Tak, związek ma postać Prawa Pałki p = ƒR.g. ρ?.dT [Pa], gdzie g oznacza przyspieszenie ziemskie g = 9,81 m/s? zaś R stałą gazową powietrza R = 29,2746 m/K;Związek ma postać krakowiana f [Å, g, p, ρ, T];Nie ma takiego związku
1796;PL080-0032;Czy obiekt (samolot, śmigłowiec, szybowiec, lotnia etc) niestateczny statycznie może być stateczny dynamicznie?;Nie;Tak;Stateczność statyczna dla stateczności dynamicznej nie ma znaczenia;Obiekt-stałopłat – tak, obiekt-wiropłat – nie
1797;PL080-0034;Czy wzrost stateczności powoduje zmianę sterowności?;tak, sterowność maleje;tak, sterowność rośnie;nie, zamiany stateczności nie powodują zmian sterowności;tak, na dużych kątach natarcia sterowność rośnie, a na małych maleje
1798;PL080-0035;Czym się różnią stateczność statyczna i stateczność dynamiczna obiektu (samolotu, śmigłowca, szybowca, lotni etc)?;Stateczność statyczna uwzględnia tylko tendencję do powrotu do równowagi, stateczność dynamiczna uwzględnia charakter ruchu obiektu;Nie ma żadnej różnicy, zjawisko jest to samo, tylko inne nazwy;Wymienione stateczności różnią się ważnością, ważniejsza jest stateczność dynamiczna;Stateczność statyczna dotyczy równowagi na ziemi, stateczność dynamiczna – równowagi w locie
1799;PL080-0036;Czym się wyraża „niestateczność statyczna” obiektu (samolotu, śmigłowca, szybowca, lotni etc)?;Istnieniem tendencji (w postaci działania siły lub momentu) do pogłębiania odejścia od stanu równowagi po wytrąceniu z niej;Brakiem jakiejkolwiek reakcji obiektu na wytrącenie go z równowagi;Wykonywaniem przez obiekt statecznych wahań wokół osi poprzecznej;Stanem równowagi spoczynkowej
1800;PL080-0037;Czym się wyraża „stateczność statyczna obojętna” obiektu (samolotu, śmigłowca, szybowca, lotni etc)?;Brakiem jakiejkolwiek reakcji obiektu na wytrącenie go z równowagi;Istnieniem tendencji (w postaci działania siły lub momentu) do powrotu do równowagi po wytrąceniu z niej;Wykonywaniem przez obiekt statecznych wahań wokół osi poprzecznej;Stanem równowagi spoczynkowej
1801;PL080-0038;Dla płata o jakim profilu nie powstaje opór indukowany na zerowym kącie natarcia?;dwuwypukłym symetrycznym;płasko-wypukłym;wklęsło-wypukłym;dwuwypukłym niesymetrycznym
1802;PL080-0039;Dla ruchu jednostajnie przyśpieszonego dwukrotne zwiększenie czasu przy stałym przyspieszeniu powoduje:;czterokrotne zwiększenie przebytej drogi;dwukrotne zwiększenie przebytej drogi;dwukrotne zmniejszenie przebytej drogi;czterokrotne zmniejszenie przebytej drogi
1803;PL080-0040;Dla ruchu jednostajnie przyśpieszonego dwukrotne zwiększenie przyśpieszenia w stałym czasie t powoduje:;dwukrotne zwiększenie przebytej drogi;czterokrotne zwiększenie przebytej drogi;dwukrotne zmniejszenie przebytej drogi;czterokrotne zmniejszenie przebytej drogi
1804;PL080-0041;Dla skrzydła o obrysie prostokątnym prawdą jest, że:;cięciwa geometryczna nie zmienia się wzdłuż rozpiętości;cięciwa geometryczna maleje wzdłuż rozpiętości;cięciwa geometryczna zwiększa się wzdłuż rozpiętości;cięciwa geometryczna wzdłuż rozpiętości najpierw rośnie, potem maleje
1805;PL080-0042;Dla trzech skrzydeł o tej samej powierzchni i tej samej rozpiętości, ale różnym obrysie (prostokątnym, trapezowym i eliptycznym), wydłużenie jest:;takie same dla wszystkich skrzydeł;największe dla obrysu eliptycznego, a najmniejsze dla prostokątnego;największe dla obrysu prostokątnego, a najmniejsze dla eliptycznego;największe dla obrysu eliptycznego, a najmniejsze dla trapezowego
1806;PL080-0043;Dla ustalonego lotu nurkowego prawdziwe jest równanie:;Px=Q;Pz=Q;Q=Q;Pz=Px
1807;PL080-0044;Do jakiego wykresu odnosi się potoczna nazwa „Krzywa Lilienthala”?;Do krzywej biegunowej pokazującej zależność siły nośnej od oporu;Do biegunowej autorotacji;Do wykresu mocy potrzebnej;Do wykresu zwanego w Polsce „krzywą Tytusa Hubera”
1808;PL080-0046;Do urządzeń powiększających powierzchnię skrzydła możemy zaliczyć:;poszerzasz i klapę przednią;winglet i klapę wysklepiającą;sloty (skrzela) i klapę krokodylową;klapę wysklepiającą i klapę krokodylową
1809;PL080-0047;Do urządzeń przeszkadzających odrywaniu się strug powietrza na grzbiecie skrzydła możemy zaliczyć:;sloty (skrzela);klapę wysklepiająca;klapę krokodylową;poszerzacz
1810;PL080-0048;Do urządzeń wysklepiających profil mało wysklepiony na mocno wysklepiony możemy zaliczyć:;klapę przednią;winglet;sloty (skrzela);poszerzacz
1811;PL080-0049;Dodatni skos skrzydła powoduje:;zwiększenie stateczności statycznej podłużnej;zmniejszenie stateczności statycznej podłużnej;zmniejszenie stateczności statycznej podłużnej na dodatnich kątach natarcia, a zwiększenie na ujemnych;zwiększenie stateczności statycznej podłużnej na dodatnich kątach natarcia, a zmniejszenie na ujemnych
1812;PL080-0050;Doskonałość profilu:;zmienia się w zależności od kąta natarcia;jest stałą charakterystyczną dla profilu i odpowiada wartości (Cz/Cx)max;zawsze rośnie przy zwiększaniu kąta natarcia;zawsze rośnie przy zmniejszaniu kąta natarcia
1813;PL080-0051;Dwukrotne zwiększenie prędkości przepływu w zamkniętym tunelu spowoduje:;czterokrotny spadek ciśnienia statycznego;czterokrotny wzrost ciśnienia statycznego;dwukrotny wzrost ciśnienia statycznego;dwukrotny spadek ciśnienia statycznego
1814;PL080-0052;Flatter jest to nazwa zjawiska związanego z:;powstawaniem drgań samowzbudnych;powstawaniem siły nośnej;powstawaniem siły oporu;odwrotnym działaniem usterzeń
1815;PL080-0053;Gdy powietrze wpada z prędkością V do kanału o zmiennej powierzchni przekroju, zmianie ulega tej prędkości. Jak?;przy maleniu powierzchni przekroju prędkość V zwiększa się;prędkość V zmienia się tak samo jak ciśnienie statyczne;prędkość V nie zmienia się wcale;przy maleniu powierzchni przekroju prędkość V maleje a przy zwiększaniu powierzchni rośnie
1816;PL080-0054;Grubość profilu to:;największa odległość między górnym i dolnym obrysem profilu, prostopadła do jego cięciwy;średnia odległość pomiędzy górnym i dolnym obrysem profilu;odległość pomiędzy górnym i dolnym obrysem profilu w 50% cięciwy aerodynamicznej;największa odległość między górnym obrysem profilu i cięciwą aerodynamiczną
1817;PL080-0055;Im większa lepkość powietrza tym:;opór tarcia większy, a warstwa przyścienna grubsza;opór tarcia mniejszy, a warstwa przyścienna cieńsza;opór tarcia większy, a warstwa przyścienna cieńsza;opór tarcia mniejszy, a warstwa przyścienna grubsza
1818;PL080-0056;Istnienie na płatowcu niezbędnych powierzchni sterowych powoduje powstawanie głównie:;oporu szczelinowego;oporu indukcyjnego;oporu falowego;oporu tarcia
1819;PL080-0057;Jak inaczej nazywamy flettner?;klapka odciążająca;klapka dociążająca;klapka wyważająca;trymer
1820;PL080-0058;Jak musi zmienić się prędkość lotu w zakręcie prawidłowym, aby przy tym samym przechyleniu promień zakrętu wzrósł czterokrotnie?;zwiększyć dwukrotnie;zwiększyć czterokrotnie;zwiększyć ośmiokrotnie;zmniejszyć czterokrotnie
1821;PL080-0059;Jak nazywa się klapka wyważająca, której położenie można zmieniać podczas lotu niezależnie?;trymer;flettner;klapka dociążająca;klapka odciążająca
1822;PL080-0060;Jak nazywa się punkt, w którym przepływ powietrza zmienia charakter z laminarnego na turbulentny?;punkt przejściowy;punkt oderwania strug;punkt ciśnieniowy;punkt turbulencyjny
1823;PL080-0061;Jak nazywa się wykres przedstawiający zależność współczynnika siły nośnej Cz od współczynnika oporu Cx statku powietrznego?;Biegunowa;Krzywa doskonałości;Biegunowa prędkości;Wykres sprawności
1824;PL080-0062;Jak się nazywa prędkość statku powietrznego (śmigłowca, samolotu, szybowca etc) oznaczana V<sub>NE</sub>?;Maksymalna prędkość dopuszczalna;Prędkość przelotowa;Prędkość ekonomiczna;Prędkość optymalna
1825;PL080-0063;Jak się nazywają i jakie w układzie SI mają symbole jednostki masy, długości i czasu?;Kilogram (kg), metr (m) i sekunda (sec);Kilogram (kg), kilometr (km) i sekunda (sec);Kilogram (kg), mila morska (nm) i godzina (h);Tona (t), metr (m) i minuta (min)
1826;PL080-0064;Jak się nazywają i jakie w układzie SI mają symbole jednostki siły, ciśnienia i temperatury?;Niuton (N), Paskal (Pa), Kelwin (K);Dyna (D), Bar (b), stopień Celsiusza (°C);Pond (Po), atmosfera (at), stopień Fahrenheita (°F);Kilogram-siła (kG), atmosfera (at), Kelwin (K)
1827;PL080-0065;Jak w jednostkach podstawowych układu SI można zapisać wielkość ciśnienia 1000 hPa ?;100000 N/m?;1000000 N/m?;1000 N/m?;10000 N/m?
1828;PL080-0066;Jak zmieni się promień zakrętu prawidłowego, jeżeli przy stałym przechyleniu zwiększymy prędkość dwukrotnie?;wzrośnie czterokrotnie;wzrośnie dwukrotnie;wzrośnie ośmiokrotnie;nie zmieni się
1829;PL080-0067;"Jak zmienia się doskonałość szybowca ""d"" w krążeniu z przechyleniem ""j"", jeżeli lot odbywa się na stałym kącie natarcia?";maleje ze wzrostem przechylenia;rośnie ze wzrostem przechylenia;maleje tym bardziej, im szybciej opadamy;wzrasta tym bardziej, im szybciej się wznosimy
1830;PL080-0068;Jak zmienia się wysokość gęstościowa w sytuacji, gdy temperatura powietrza jest wyższa od standardowej wartości ISA?;Wzrasta;Nieznacznie maleje;Nie zmienia się;Maleje w proporcji do odwrotności gęstości względnej σ
1831;PL080-0069;Jaka jest różnica pomiędzy korkociągiem płaskim i stromym?;większa kątowa zmiana kierunku w korkociągu płaskim;większa kątowa zmiana kierunku w korkociągu stromym;większa prędkość opadania w korkociągu płaskim;w czasie lotu pilot nie widzi żadnej różnicy
1832;PL080-0072;Jaka wzorcowa wielkość ciśnienia powietrza na poziomie morza wyrażona w starych jednostkach „milimetrów słupa rtęci” odpowiada po = 1013,25 hPa?.;760 mm Hg;800 mm Hg;750 mm Hg;860 mm Hg
1833;PL080-0073;Jaką nazwę nosi stosunek ciśnienia statycznego na dowolnej wysokości do wzorcowego ciśnienia na poziomie morza δ = p/ po ?;ciśnienie względne;ciśnienie standardowe;ciśnienie modułowe;liczba Hipokryta
1834;PL080-0074;Jaką nazwę nosi stosunek gęstości powietrza na dowolnej wysokości do wzorcowej (standardowej) gęstości na poziomie morza σ = ρ/ ρo?;Gęstość powietrza względna;Stała Laplace’a;Współczynnik M&S;Współczynnik Piccarda
1835;PL080-0075;Jaką nazwę nosi stosunek temperatury powietrza na dowolnej wysokości, wyrażonej w Kelwinach (K), do wzorcowej temperatury na poziomie morza, również wyrażonej w Kelwinach (K) Θ = T/To?;Bezwymiarowa temperatura względna;Temperatura absolutna;Stała don Pedra;Współczynnik d’Amore’a
1836;PL080-0076;Jaką wielkość ma wzorcowe (standardowe) ciśnienie statyczne na poziomie morza?;po = 101325 N/m? = 1013,25 hPa;po = 100000 N/m? = 1000,00 hPa;po = 111325 N/m? = 1113,25 hPa;po = 100025 N/m? = 1000,25 hPa
1837;PL080-0077;Jaką wielkość, wyrażoną w Kelwinach (K) ma wzorcowa (standardowa) temperatura powietrza na poziomie morza?;To = 288 K;To = 258 K;To = 277 K;To = 301 K
1838;PL080-0078;Jaką wielkość, wyrażoną w kg/m?, ma wzorcowa (standardowa) gęstość powietrza ρo na poziomie morza?;ρo = 1,2255 kg/m?;ρo = 1,0000 kg/m?;ρo = 1,0255 kg/m?;ρo = 1,2000 kg/m?
1839;PL080-0079;Jaką wielkość, wyrażoną w stopniach Celsiusza (°C) ma wzorcowa (standardowa) temperatura powietrza na poziomie morza?;t = +15 °C C;t = +10 °C C;t = +20 °C C;t = +16,5 °C C
1840;PL080-0080;Jaki istnieje związek między wielkością temperatury powietrza t wyrażonej w stopniach Celsiusza (°C) i temperatury T wyrażonej w Kelwinach (K)?;T = t + 273;T = t + 233;T = t + 283;T = t + 373
1841;PL080-0082;Jakie główne cechy ma gruby profil w porównaniu z cieńszym przy takiej samej prędkości opływu?;większy opór i większy współczynnik siły nośnej;większy opór i mniejszy współczynnik siły nośnej;większy opór i taki sam współczynnik siły nośnej;taki sam opór i większy współczynnik siły nośnej
1842;PL080-0083;Jakie parametry służą określeniu fizycznego stanu powietrza?;Ciśnienie statyczne, temperatura i gęstość;Wilgotność i ciśnienie dynamiczne;Temperatura, gęstość i kinematyczna lepkość;Proporcje zawartości azotu i tlenu
1843;PL080-0084;Jakie przedrostki w symbolach jednostek miar SI oznaczają zwielokrotnienie o 10, 100 i 1000?;Deka- (da), hekto- (h), kilo- (k);Kilo- (k), mega- (m), deka- (da);Decy- (dc), hekto- (h), mega- (M);Mega- (M), giga- (G), piko- (p)
1844;PL080-0085;"Jakie wielkości musimy znać w celu obliczenia przeciążenia ""n"" w prawidłowym zakręcie?";wystarczy znać przechylenie;musimy znać prędkość i przechylenie;musimy znać promień zakrętu i przechylenie;musimy znać prędkość, promień zakrętu i przechylenie
1845;PL080-0086;Jakiemu celowi służy tzw. „mechanizacja skrzydła” (klapy, sloty, interceptory etc)?;Celem jest zmienianie współczynników aerodynamicznych w celu wywierania wpływu na osiągi (np. prędkość podejścia do lądowania);Celem jest zwiększanie udźwigu statku powietrznego;Celem jest zwiększanie prędkości statku powietrznego;Celem jest zwiększanie osiągów przelotowych i przez to ekonomii użytkowania statku powietrznego
1846;PL080-0087;Jakim przyrządem mierzona jest wysokość rzeczywista, czyli oddalenie statku powietrznego od powierzchni ziemi?;Wysokościomierzem radiowym (radarowym);Wysokościomierzem ciśnieniowym;Dalmierzem optycznym;Przyrządem DME
1847;PL080-0088;Jedną z miar stateczności dynamicznej obiektu (samolotu, śmigłowca, szybowca, lotni etc) jest „czas połówkowy”. Co to jest za wielkość?;Czas jaki upływa od odchylenia od równowagi o jakąś wielkość do chwili zmalenia tego odchylenia do połowy (50%);Czas połowy okresu wahań fugoidalnych wywołanych odchyleniem;Czas połowy okresu drgań flatterowych wywołanych wytrąceniem z równowagi;Czas połowy okresu własnych drgań konstrukcji (struktury) obiektu
1848;PL080-0089;Jeżeli ciało wytrącone ze stanu równowagi krótkotrwałym impulsem zewnętrznym porusza się ruchem jednostajnym, to mamy do czynienia z:;równowagą obojętną;równowagą dynamiczną;równowagą stałą;równowagą chwiejną
1849;PL080-0090;Jeżeli ciało wytrącone ze stanu równowagi krótkotrwałym impulsem zewnętrznym porusza się ruchem przyśpieszonym zwiększając odchylenie, to mamy do czynienia z:;równowagą chwiejną;równowagą obojętną;równowagą dynamiczną;równowagą stałą
1850;PL080-0091;Jeżeli dodamy do siebie opory wszystkich części płatowca (tj. skrzydeł, kadłuba, usterzenia, itd.), to otrzymana suma ta będzie:;mniejsza od oporu płatowca zmontowanego z tych części;większa od oporu płatowca zmontowanego z tych części;równa oporowi płatowca zmontowanego z tych części;do prawidłowej odpowiedzi potrzebne są dodatkowe dane z tunelu aerodynamicznego
1851;PL080-0092;Jeżeli dwukrotnie zwiększymy prędkość przepływu, to siła nośna:;wzrośnie czterokrotnie;wzrośnie dwukrotnie;zmaleje dwukrotnie;zmaleje czterokrotnie
1852;PL080-0093;Jeżeli dwukrotnie zwiększymy prędkość przepływu, to siła oporu:;wzrośnie czterokrotnie;wzrośnie dwukrotnie;zmaleje czterokrotnie;zmaleje dwukrotnie
1853;PL080-0094;Jeżeli zmniejszymy temperaturę przepływającego powietrza, nie zmieniając kąta natarcia, powierzchni skrzydła i prędkości przepływu to:;siły aerodynamiczne na skrzydle wzrosną;siły aerodynamiczne na skrzydle zmaleją;siły aerodynamiczne na skrzydle nie zmienią się, bo nie zależą od temperatury;doskonałość skrzydła wzrośnie
1854;PL080-0095;Jeżeli zwiększymy powierzchnię statecznika poziomego to:;stateczność statyczna podłużna wzrośnie;stateczność statyczna podłużna zmaleje;sterowność podłużna wzrośnie;sterowność podłużna nie zmieni się
1855;PL080-0096;Każde ciało ma swój własny, stały i niezmienny współczynnik oporu kształtu cx<sub>kszt</sub>;fałsz, współczynnik oporu kształtu zależy również od ustawienia ciała;zawsze prawda;fałsz, współczynnik oporu kształtu nie zależy od kształtu ciała;prawda tylko dla profili lotniczych
1856;PL080-0098;Kąt natarcia płata o profilu wklęsło- wypukłym, dla którego nie powstaje opór indukowany ma wartość:;ujemną;dodatnią;zerową;krytyczną
1857;PL080-0099;Kąt natarcia profilu to kąt zawarty między:;cięciwą geometryczną profilu i kierunkiem napływu strumienia niezaburzonego;cięciwą aerodynamiczną profilu i kierunkiem wektora prędkości lotu;cięciwą geometryczną profilu i kierunkiem wektora opadania;szkieletową profilu i kierunkiem wektora prędkości lotu
1858;PL080-0100;Kąt zawarty między cięciwą geometryczną profilu i kierunkiem napływu strumienia niezaburzonego to:;kąt natarcia profilu;kąt zbieżności profilu;kąt wzniosu profilu;kąt skosu płata
1859;PL080-0101;Kiedy wysokość wskazywana na ziemi przez wysokościomierz ciśnieniowy jest wysokością standardową równą elewacji lotniska?;W warunkach zgodnych z podanymi w tabeli Międzynarodowej Atmosfery Wzorcowej ISA;W warunkach tropikalnych;Gdy wysokościomierz radiowy wskazuje 0;W warunkach arktycznych
1860;PL080-0102;Klapy stosuje się w celu:;zwiększenia CZmax;zmniejszenia siły oporu na małych prędkościach;poprawienia sterowności w pełnym zakresie kątów natarcia;poprawienia stateczności w pełnym zakresie kątów natarcia
1861;PL080-0103;Kompensacja aerodynamiczna steru ma za zadanie:;zmniejszenie sił używanych przez pilota;wyważenie powierzchni sterowej w pozycji neutralnej;wyważenie masowe powierzchni sterowej;zwiększenie sił używanych przez pilota
1862;PL080-0104;Kompensacja aerodynamiczna steru nazywa się również wyważeniem aerodynamicznym steru.;prawda;fałsz;prawda, ale tylko wtedy, jeżeli nie zastosowano wyważenia masowego steru;prawda, ale tylko wtedy, jeżeli nie zastosowano klapki wyważającej
1863;PL080-0105;Korkociąg płaski jest:;bardziej niebezpieczny od stromego;nieznacznie mniej niebezpieczny od stromego;tak samo niebezpieczny jak korkociąg stromy;dużo mniej niebezpieczny od stromego
1864;PL080-0106;Krytyczna prędkość flatteru jest to prędkość, dla której:;siły wzbudzające drgania są równe siłom tłumiącym;siły wzbudzające drgania są większe od sił tłumiących;siły wzbudzające drgania są mniejsze od sił tłumiących;zanikają siły tłumiące drgania samowzbudne
1865;PL080-0107;Którą oś układu współrzędnych nazywamy osią pionową?;oś OZ?;oś OX?;oś OY?;takiej nazwy nie używa się
1866;PL080-0108;Którą oś układu współrzędnych nazywamy osią podłużną?;oś OX?;oś OY?;oś OZ?;takiej nazwy nie używa się
1867;PL080-0109;Którą oś układu współrzędnych nazywamy osią poprzeczną?;oś OY?;oś OZ?;oś OX?;takiej nazwy nie używa się
1868;PL080-0110;Które urządzenia nie są zaliczane do mechanizacji skrzydła?;zwiększające CZmax poprzez zmniejszenie przepływu indukowanego, np. winglety;przeszkadzające odrywaniu się strug powietrza na grzbiecie skrzydła na małych kątach natarcia;wysklepiające profil mało wysklepiony na mocno wysklepiony;powiększające powierzchnię skrzydła
1869;PL080-0112;Który opis wielkości fizycznej charakteryzuje energię potencjalną?;- iloczyn ciężaru i wysokości ciała- jednostka dżul [J];- iloczyn masy i wysokości ciała- jednostka dżul [J];- iloczyn ciężaru i wysokości ciała- jednostka wat [W];- iloczyn masy i wysokości ciała- jednostka wat [W]
1870;PL080-0116;Linia krzywa przedstawiająca kształt skrzydeł widzianych z góry to:;obrys skrzydła;obrys profilu;szkieletowa skrzydła;szkieletowa profilu
1871;PL080-0117;Linia łącząca noski profili płata lotniczego to:;geometryczna krawędź natarcia;geometryczna krawędź spływu;geometryczna cięciwa aerodynamiczna;szkieletowa płata
1872;PL080-0118;Linia łącząca ostrza (spływy) profili płata lotniczego to:;geometryczna krawędź spływu;geometryczna krawędź natarcia;geometryczna cięciwa aerodynamiczna;szkieletowa płata
1873;PL080-0119;Linia łącząca środki okręgów wpisanych w obrys profilu lotniczego nosi nazwę:;szkieletowa;strzałka ugięcia;cięciwa profilu;grubość profilu
1874;PL080-0121;Lot odbywa się na kącie natarcia, dla którego współczynnik siły oporu ‘Cx’ ma wartość minimalną: α=αCx min. W wyniku niewielkiego zwiększenia kąta natarcia:;"procentowe zwiększenie ""Cz"" będzie większe od procentowego zwiększenia ""Cx""";"procentowe zwiększenie ""Cx"" będzie większe od procentowego zwiększenia ""Cz""";"procentowe zwiększenie ""Cx"" będzie takie same jak procentowe zwiększenia ""Cz""";doskonałość płatowca nie zmieni się
1875;PL080-0122;Lotki typu „Fryze” stosuje się w celu:;zniwelowania momentu oporowego lotek;zwiększenia momentu przechylającego;zmniejszenia oporu szczelinowego;zmniejszenia oporu kształtu podczas wychylania lotek
1876;PL080-0123;Lotki zaprojektowane są w celu obracania płatowca względem:;ośi OX›;ośi OY›;ośi OZ›;ośi OZ› i ośi OY›
1877;PL080-0124;Maksymalna dopuszczalna prędkość lotu ‘VNE’ to:;największa prędkość, z jaką można wykonywać lot w powietrzu spokojnym;prędkość, do jakiej nie przewiduje się ograniczeń użytkowania statku powietrznego zgodnie z jego przeznaczeniem;maksymalna prędkość, przy której można jeszcze użyć pełnych wychyleń sterów bez przekroczenia maksymalnego przeciążenia;maksymalna prędkość lotu w atmosferze, w której dochodzi do gwałtownych zmian prędkości pionowej otaczającego powietrza
1878;PL080-0125;Maksymalna doskonałość profilu:;jest stałą charakterystyczną dla profilu i odpowiada wartości (Cz/Cx)max;zmienia się w zależności od kąta natarcia;zawsze rośnie przy zwiększaniu kąta natarcia;zawsze rośnie przy zmniejszaniu kąta natarcia
1879;PL080-0126;Maksymalna prędkość lotu w atmosferze, w której dochodzi do gwałtownych zmian prędkości pionowej otaczającego powietrza oznaczana jest:;V <sub>RA</sub>;V <sub>NE</sub>;V <sub>NO</sub>;V <sub>A</sub>
1880;PL080-0127;Maksymalna prędkość, przy której można jeszcze użyć pełnych wychyleń sterów bez przekroczenia maksymalnego przeciążenia oznaczana jest:;V<sub>A</sub>;V<sub>RA</sub>;V <sub>NE</sub>;V <sub>NO</sub>
1881;PL080-0128;Mechanizację skrzydła stosuje się w celu:;zwiększenia CZmax;zmniejszenia siły oporu na małych prędkościach;poprawienia sterowności w pełnym zakresie kątów natarcia;poprawienia stateczności w pełnym zakresie kątów natarcia
1882;PL080-0129;Minimalną wartość współczynnika siły oporu Cx otrzymujemy dla kąta natarcia α = 0°;prawda tylko dla profili symetrycznych;zawsze prawda;zawsze fałsz;prawda tylko dla profili niesymetrycznych
1883;PL080-0130;Moment aerodynamiczny mierzony względem środka aerodynamicznego w zakresie prędkości użytkowych:;prawie nie zależy od kata natarcia, ale jest proporcjonalny do kwadratu prędkości lotu;jest proporcjonalny do kata natarcia i kwadratu prędkości lotu;prawie nie zależy od kata natarcia i prędkości lotu;jest stały i nie zależy od kata natarcia i prędkości lotu
1884;PL080-0132;Moment oporowy lotek powstaje ponieważ:;siła oporu na lotce wychylonej w dół jest większa od siły oporu na lotce wychylonej w górę;siła oporu na lotce wychylonej w dół jest mniejsza od siły oporu na lotce wychylonej w górę;wychyleniom lotek towarzyszy powstanie momentu zawiasowego, który powoduje moment oporowy lotek;wychyleniom lotek towarzyszy na obu skrzydłach zwiększenie oporu indukowanego
1885;PL080-0133;Na dolnej powierzchni płata o skończonym wydłużeniu strugi powietrza opływające go odchylają się w stronę końca płata o kąt, którego wartość jest:;tym większa im bliżej końca płata;tym większa im bliżej środka płata;stała w każdym punkcie rozpiętości, ale zależy od kąta natarcia;stała w każdym punkcie rozpiętości, ale zależy od prędkości lotu
1886;PL080-0134;Na górnej powierzchni płata o skończonym wydłużeniu strugi powietrza opływające go odchylają się w stronę środka płata o kąt, którego wartość jest:;tym większą im większy kąt natarcia;tym mniejszą im większy kąt natarcia;stałą, nie zależną od kąta natarcia;stałą, ale zależną od prędkości lotu
1887;PL080-0135;Na jakiej wysokości nad poziomem morza względna gęstość powietrza jest w atmosferze wzorcowej równa jednej czwartej gęstości na poziomie morza, tj. σ = 0,25?;12200 m;11000 m;10000 m;13330 m
1888;PL080-0136;Na jakiej wysokości nad poziomem morza względna gęstość powietrza jest w atmosferze wzorcowej równa σ = 1?;0 m;100 m;-10 m;17,5 m
1889;PL080-0137;Na jakiej wysokości nad poziomem morza względna gęstość powietrza w atmosferze wzorcowej jest połówkowa, tj. równa σ = 0,5?;6700 m;10000 m;5500 m;6000 m
1890;PL080-0138;Na jakiej wysokości statyczne ciśnienie względne jest równe połowie ciśnienia statycznego na poziomie morza (δ = 0,5)?;5500 m;4000 m;4500 m;3600 m
1891;PL080-0139;Na płacie o skończonym wydłużeniu strugi powietrza opływające go:;- odchylają się w stronę środka płata na górnej powierzchni - odchylają się w stronę końca płata na dolnej powierzchni;- odchylają się w stronę środka płata na dolnej powierzchni - odchylają się w stronę końca płata na górnej powierzchni;- odchylają się w stronę środka płata na górnej i dolnej powierzchni;- odchylają się w stronę końca płata na górnej i dolnej powierzchni
1892;PL080-0141;Największa odległość między górnym i dolnym obrysem profilu (prostopadła do cięciwy) to:;grubość profilu;wysokość profilu;grubość względna profilu;wysokość względna profilu
1893;PL080-0142;Największa prędkość, z jaką można wykonywać lot w powietrzu spokojnym oznaczana jest:;V<sub>NE</sub>;V<sub>NO</sub>;V<sub>A</sub>;V<sub>RA</sub>
1894;PL080-0143;Niekorzystny moment obrotowy względem osi OZ›, który powstaje w wyniku wychylenia lotek o ten sam kąt w przeciwne strony nazywamy:;momentem oporowym lotek;moment przechylającym lotek;momentem holendrowania;momentem zawiasowym lotek
1895;PL080-0144;Niestateczność holendrowania to jeden z rodzajów niestateczności:;dynamicznej bocznej;statycznej kierunkowej;dynamicznej poprzecznej;dynamicznej kierunkowej
1896;PL080-0145;Niestateczność spiralna to jeden z rodzajów niestateczności:;dynamicznej bocznej;statycznej podłużnej;dynamicznej poprzecznej;dynamicznej kierunkowej
1897;PL080-0146;Niewielkie zwiększanie kąta natarcia α=α optymalne powoduje:;zwiększanie ‘C<sub>x</sub>’ oraz ‘C<sub>z</sub>’;zmniejszanie ‘C<sub>x</sub>’ oraz ‘C<sub>z</sub>’;zwiększanie ‘C<sub>x</sub>’ oraz zmniejszanie ‘C<sub>z</sub>’;zwiększanie ‘C<sub>z</sub>’ oraz zmniejszanie ‘C<sub>x</sub>’
1898;PL080-0147;Oblodzenie powierzchni nośnych powoduje:;zwiększenie prędkości minimalnej;zwiększenie siły nośnej;zmniejszenie prędkości opadania;zmniejszenie siły oporu
1899;PL080-0148;Obrót płatowca względem osi OX realizowany jest za pomocą:;lotek;usterzenia wysokości;usterzenia kierunku;klap
1900;PL080-0149;Obrót płatowca względem osi OY realizowany jest za pomocą:;usterzenia wysokości;usterzenia kierunku;klap;lotek
1901;PL080-0150;Obrót płatowca względem osi OZ realizowany jest za pomocą:;usterzenia kierunku;klap;lotek;usterzenia wysokości
1902;PL080-0151;Odległość pomiędzy położeniem środka ciężkości szybowca i środkiem równowagi obojętnej to:;zapas stateczności statycznej podłużnej;zapas sterowności statycznej podłużnej;zapas stateczności dynamicznej podłużnej;zapas sterowności dynamicznej podłużnej
1903;PL080-0152;Opór ciała poruszającego się w powietrzu zależy od:;współczynnika oporu, powierzchni odniesienia, gęstości powietrza kwadratu prędkości lotu;współczynnika siły nośnej, oporu kształtu i powierzchni nośnej;współczynnika oporu i ciśnienia całkowitego;mocy silnika i prędkości lotu
1904;PL080-0153;Opór indukowany wzrasta, gdy:;maleje wydłużenie płata;wzrasta rozpiętość skrzydła;maleje cięciwa profilu;maleje grubość profilu
1905;PL080-0154;Opór interferencyjny powstaje w wyniku:;wzajemnego zaburzania opływu przez części sąsiadujące ze sobą;wzajemnego interferowania oporów szczelinowych powstających na płatowcu;powstawania wirów na końcach skrzydeł;interferencji falowej w przepływach poddźwiękowych
1906;PL080-0155;Opór kształtu zależy tylko od kształtu opływanego ciała.;fałsz, opór kształtu zależy również od ustawienia ciała;zawsze prawda;fałsz, opór kształtu nie zależy od kształtu ciała;prawda tylko dla profili lotniczych
1907;PL080-0156;Opór powstały w wyniku wzajemnego oddziaływania na siebie poszczególnych części szybowca nazywamy oporem:;interferencyjnym;indukowanym;kształtu;szczelinowym
1908;PL080-0157;Opór tarci profilu lotniczego na użytkowych kątach natarcia jest najmniejszy w przypadku opływu:;laminarnego;burzliwego;turbulentnego;Lilienthala
1909;PL080-0158;Opór tarcia przepływu laminarnego w stosunku do oporu tarcia w przepływie turbulentnym jest:;mniejszy;zawsze większy;taki sam dla idealnie czystych powierzchni, w innych przypadkach większy;zawsze taki sam
1910;PL080-0159;Opór, który jest wynikiem zawirowań na końcach płata lotniczego spowodowanych wyrównywaniem ciśnienia na górnej i dolnej powierzchni nosi nazwę:;oporu indukowanego;oporu interferencyjnego;oporu falowego;oporu wirowego
1911;PL080-0160;Płytowe usterzenie wysokości jednocześnie spełnia rolę statecznika poziomego i steru wysokości.;prawda;fałsz;prawda, ale tylko w przypadku, gdy płatowiec jest niestateczny statycznie;prawda, ale tylko w przypadku, gdy płatowiec jest niestateczny dynamicznie
1912;PL080-0161;Po przekroczeniu krytycznej prędkości rozbieżności skrętnej skrzydła następuje:;ukręcenie skrzydła;flatter;buffeting;odwrotne działanie lotek
1913;PL080-0162;Po wychyleniu lotki w górę podczas lotu z dużą prędkością powstaje:;moment skręcający skrzydło, który powoduje wzrost kąta natarcia skrzydła;moment skręcający skrzydło, który powoduje zmniejszenie kąta natarcia skrzydła;dodatkowa siła nośna, która powoduje tylko ugięcie skrzydła, bez wpływu na skręcenie;dodatkowa siła nośna, która powoduje tylko przechylenie, bez wpływu na skręcenie i ugięcie skrzydła
1914;PL080-0163;Podczas zjawiska autorotacji, skrzydło, które opływane jest pod większym kątem natarcia:;wytwarza mniejszą siłę nośną od skrzydła na mniejszym kącie natarcia;wytwarza większą siłę nośną od skrzydła na mniejszym kącie natarcia;wytwarza taką samą siłę nośną jak skrzydło na mniejszym kącie natarcia;nie wytwarza siły nośnej, tylko siłę oporu
1915;PL080-0164;Położenie środka parcia na profilu klasycznym niesymetrycznym wraz ze wzrostem kąta natarcia:;przesuwa się do przodu;przesuwa się do tyłu;jest stałe i nie zależy od prędkości lotu;jest stałe, ale zależy od prędkości lotu
1916;PL080-0165;Położenie środka parcia na profilu samostatecznym wraz ze wzrostem kąta natarcia:;przesuwa się do tyłu;jest stałe;przesuwa się do przodu;jest stałe, ale zależy od prędkości lotu
1917;PL080-0166;Poszerzacze stosuje się w celu:;zmniejszenia V<sub>min</sub>;zmniejszenia siły oporu na małych prędkościach;poprawienia sterowności w pełnym zakresie kątów natarcia;poprawienia stateczności w pełnym zakresie kątów natarcia
1918;PL080-0167;Powierzchnia nośna skrzydła to:;powierzchnia ograniczona obrysem skrzydła;powierzchnia dolnej płaszczyzny skrzydła;iloczyn rozpiętości skrzydła i szerokości profilu S=b c;iloczyn średniej cięciwy geometrycznej i wydłużenia skrzydła S=l Cśr
1919;PL080-0168;Powodem wyślizgu w zakręcie może być:;za małe przechylenie lub za duża prędkość kątowa zakrętu;za duże przechylenie lub za mała prędkość kątowa zakrętu;za duże przechylenie lub za duża prędkość kątowa zakrętu;za małe przechylenie lub za mała prędkość kątowa zakrętu
1920;PL080-0169;Powodem ześlizgu w zakręcie może być:;za duże przechylenie lub za mała prędkość kątowa zakrętu;za duże przechylenie lub za duża prędkość kątowa zakrętu;za małe przechylenie lub za mała prędkość kątowa zakrętu;za małe przechylenie lub za duża prędkość kątowa zakrętu
1921;PL080-0170;Prędkość brutalnego sterowania ‘V<sub>A</sub>’ to:;maksymalna prędkość, przy której można jeszcze użyć pełnych wychyleń sterów bez przekroczenia maksymalnego przeciążenia;maksymalna prędkość lotu w atmosferze, w której dochodzi do gwałtownych zmian prędkości pionowej otaczającego powietrza;największa prędkość, z jaką można wykonywać lot w powietrzu spokojnym;prędkość, do jakiej nie przewiduje się ograniczeń użytkowania szybowca zgodnie z jego przeznaczeniem
1922;PL080-0172;Prędkość lotu w burzliwej atmosferze ‘V<sub>RA</sub>’ to:;maksymalna prędkość lotu w atmosferze, w której dochodzi do gwałtownych zmian prędkości pionowej otaczającego powietrza;największa prędkość, z jaką można wykonywać lot w powietrzu spokojnym;prędkość, do jakiej nie przewiduje się ograniczeń użytkowania szybowca zgodnie z jego przeznaczeniem;maksymalna prędkość, przy której można jeszcze użyć pełnych wychyleń sterów bez przekroczenia maksymalnego przeciążenia
1923;PL080-0173;Prędkość normalnego użytkowania ‘V<sub>NO</sub>’ to:;prędkość, do jakiej nie przewiduje się ograniczeń użytkowania szybowca zgodnie z jego przeznaczeniem;maksymalna prędkość, przy której można jeszcze użyć pełnych wychyleń sterów bez przekroczenia maksymalnego przeciążenia;maksymalna prędkość lotu w atmosferze, w której dochodzi do gwałtownych zmian prędkości pionowej otaczającego powietrza;największa prędkość, z jaką można wykonywać lot w powietrzu spokojnym
1924;PL080-0174;Prędkość, do jakiej nie przewiduje się ograniczeń użytkowania szybowca zgodnie z jego przeznaczeniem oznaczana jest:;V<sub>NO</sub>;V<sub>A</sub>;V<sub>RA</sub>;V<sub>NE</sub>
1925;PL080-0176;Profile laminarne to profile, w których:;maksymalna grubość profilu znajduje się w przedziale 50%-70% cięciwy;maksymalna grubość profilu znajduje się w przedziale 20%-40% cięciwy;dla średnich i dużych prędkości nie następuje przejście z opływu laminarnego w turbulentny;punkt przejścia z opływu turbulentnego w laminarny następuje w tylnej części profilu
1926;PL080-0177;Prosta łącząca środek krzywizny noska profilu z ostrzem (spływem) profilu to:;cięciwa geometryczna profilu;cięciwa aerodynamiczna profilu;średnia cięciwa aerodynamiczna;średnia grubość profilu
1927;PL080-0178;Przeciągnięcie dynamiczne różni się od statycznego tym, że podczas przeciągnięcia dynamicznego:;następuje szybka zmiana kąta natarcia skrzydła;następuje powolna zmiana kąta natarcia skrzydła;szybowiec pozostaje stateczny dynamicznie;szybowiec pozostaje stateczny statycznie
1928;PL080-0179;Przeciągnięcie statyczne charakteryzuje się:;powolną zmianą kąta natarcia skrzydła;gwałtowną zmianą kąta natarcia skrzydła;zachowywaniem statyczności statycznej;zwiększeniem statyczności statycznej
1929;PL080-0181;Przepływ powietrza wokół końcówek skrzydła spowodowany wyrównywaniem ciśnienia na górnej i dolnej powierzchni wytwarza wiry, które:;są tym większe im większa jest siła nośna na skrzydle;są tym większe im większa jest prędkość lotu;są tym większe im mniejsza jest siła nośna na skrzydle;są tym większe im mniejszy jest kąt natarcia skrzydła
1930;PL080-0182;Przesunięcie środka ciężkości do przodu:;zmniejsza szansę korkociągu płaskiego;zwiększa szansę korkociągu płaskiego;ułatwia wprowadzenie w korkociąg;utrudnia wyprowadzenie z korkociągu
1931;PL080-0183;Przesunięcie środka ciężkości do tyłu:;ułatwia wprowadzenie w korkociąg;utrudnia wprowadzenie w korkociąg;zmniejsza szansę korkociągu płaskiego;ułatwia wyprowadzenie z korkociągu
1932;PL080-0184;Przy wzroście kąta wzniosu skrzydeł:;wzrasta różnica sił nośnych wytwarzanych na obu skrzydłach podczas ślizgu;sterowność poprzeczna rośnie;stateczność statyczna poprzeczna maleje;prędkość minimalna maleje
1933;PL080-0185;Przy wzroście przechylenia w zakręcie prawidłowym przeciążenie:;wzrasta;maleje;nie zmienia się;przeciążenie nie zależy od przechylenia, tylko od prędkości
1934;PL080-0186;Przyczyną zjawiska trzepotania usterzeń jest wystąpienie:;rezonansu pomiędzy drganiami zaburzonych strug zaskrzydłowych z drganiami własnymi powierzchni sterowych;drgań giętno- skrętnych usterzenia;flatteru usterzenia;zjawiska zwanego dywergencją skrętną usterzenia
1935;PL080-0187;Przyrost siły nośnej na usterzeniu wysokości ‘ΔPZH’ wywołany wychyleniem drążka ma wartość:;dodatnią gdy oddamy drążek „od siebie”;ujemną gdy oddamy drążek „od siebie”;zawsze dodatnią;zawsze ujemną
1936;PL080-0188;Punkt na obrysie profilu, który jest położony najdalej w kierunku przeciwnym do kierunku lotu to:;ostrze (spływ) profilu;nosek profilu;tył profilu;czoło profilu
1937;PL080-0189;Punkt na obrysie profilu, który jest wysunięty najdalej w stronę napływających strug powietrza to:;nosek profilu;ostrze (spływ) profilu;strzałka profilu;czoło profilu
1938;PL080-0190;Punkt styczności biegunowej szybowca i prostej poprowadzonej ze środka układu współrzędnych odpowiada kątowi natarcia dla:;prędkości optymalnej;prędkości ekonomicznej;Cz maksymalnego;Cx minimalnego
1939;PL080-0191;Punkt, w którym linia działania wypadkowej siły aerodynamicznej przecina cięciwę profilu to:;środek parcia;środek aerodynamiczny;środek profilu;środek geometryczny
1940;PL080-0192;Punkt, względem którego moment aerodynamiczny nie zależy od kąta natarcia (w dużym przedziale zmian kąta natarcia) to:;środek aerodynamiczny;środek parcia;środek profilu;środek geometryczny
1941;PL080-0193;Różnica przyrostów sił oporu powstałych w wyniku wychylenia lotek o ten sam kąt, ale w przeciwne strony powoduje powstanie:;niekorzystnego momentu odchylającego;korzystnego momentu wychylającego;niekorzystnego momentu przechylającego;korzystnego momentu odchylającego
1942;PL080-0194;Różnicowe wychylenie lotek stosuje się w celu:;zniwelowania momentu oporowego lotek;zwiększenia momentu przechylającego;zmniejszenia momentu zawiasowego lotek;zmniejszenia sił niezbędnych do wychylenia lotek
1943;PL080-0195;Ruch statku powietrznego podczas lotu opisywany jest za pomocą:;trzech osi współrzędnych OX›, OY›, OZ›;dwóch osi współrzędnych OX› oraz OY›;jednej osi współrzędnych OX›;czterech osi współrzędnych OW›, OX›, OY›, OZ›
1944;PL080-0196;Siła oporu skrzydła przemieszczającego się w fazie autorotacji w dół jest:;większa od siły oporu na skrzydle przeciwnym;dużo mniejsza od siły oporu na skrzydle przeciwnym;taka sama jak siła oporu na skrzydle przeciwnym;nieznacznie mniejsza od siły oporu na skrzydle przeciwnym
1945;PL080-0197;Siła wytworzona w wyniku różnicy ciśnień przed i za opływanym przez powietrze ciałem nosi nazwę:;siła oporu kształtu;siła oporu tarcia;siła oporu indukowanego;siła oporu interferencyjnego
1946;PL080-0201;Siły aerodynamiczne zależą od gęstości powietrza. Jak się zmieniają, gdy gęstość maleje?;maleją proporcjonalnie do malejącej gęstości;rosną odwrotnie proporcjonalnie do malejącej gęstości;pozostają takie same, niezależnie od gęstości powietrza;zmieniają się proporcjonalnie do kwadratu wielkości gęstości
1947;PL080-0202;Sloty stosuje się w celu:;zwiększenia CZmax;zmniejszenia siły oporu na małych prędkościach;poprawienia sterowności w pełnym zakresie kątów natarcia;poprawienia stateczności w pełnym zakresie kątów natarcia
1948;PL080-0203;Statecznik pionowy odpowiada głównie za stateczność:;kierunkową;podłużną;poprzeczną;pionową
1949;PL080-0204;Statecznik poziomy odpowiada głównie za stateczność:;podłużną;poprzeczną;poziomą;kierunkową
1950;PL080-0205;Stateczność dynamiczna boczna dotyczy:;odchylania i przechylania;tylko pochylania;tylko przechylania;tylko odchylania
1951;PL080-0206;Stateczność dynamiczna podłużna dotyczy:;pochylania;przechylania;odchylania;odchylania i przechylania
1952;PL080-0207;Stateczność dynamiczną boczną można nazwać inaczej:;statecznością holendrowania;statecznością kierunkową;statecznością poprzeczną;statecznością dynamiczną podłużną
1953;PL080-0208;Stateczność statyczna kierunkowa dotyczy:;odchylania;odchylania i przechylania;pochylania;przechylania
1954;PL080-0209;Stateczność statyczna podłużna dotyczy:;pochylania;przechylania;odchylania;odchylania i przechylania
1955;PL080-0210;Stateczność statyczna poprzeczna dotyczy:;przechylania;odchylania;odchylania i przechylania;pochylania
1956;PL080-0211;Stosunek drogi S przebytej w czasie t do czasu t to:;prędkość średnia;przyspieszenie średnie;prędkość chwilowa;przyspieszenie chwilowe
1957;PL080-0212;Stosunek powierzchni nośnej skrzydła do jego rozpiętości S/b, jest to:;średnia cięciwa geometryczna;wydłużenie skrzydła;zbieżność skrzydła;skos skrzydła
1958;PL080-0213;Stosunek zmiany wartości prędkości w czasie t do czasu t to:;przyspieszenie średnie;droga przebyta przez ciało w czasie t;zmiana energii kinetycznej ciała;przyspieszenie chwilowe
1959;PL080-0214;Strzałka profilu to:;największa odległość między linią szkieletową i cięciwą profilu;najmniejsza odległość między linią szkieletową i cięciwą profilu;największa odległość między górnym i dolnym obrysem profilu;największa odległość między górnym obrysem profilu i cięciwą aerodynamiczną
1960;PL080-0215;Szkieletowa profilu to:;linia łącząca środki okręgów wpisanych w obrys profilu lotniczego;linia prosta łącząca nosek profilu z ostrzem (spływem) profilu lotniczego;linia łącząca noski profili płata lotniczego;linia łącząca ostrza profili płata lotniczego
1961;PL080-0216;Średnie przyśpieszenie kątowe ‘εśr’ w ruchu obrotowym jest:;-wprost proporcjonalne do przyrostu prędkości kątowej w czasie pomiaru -odwrotnie proporcjonalne do czasu pomiaru;-wprost proporcjonalne do przyrostu prędkości kątowej w czasie pomiaru -wprost proporcjonalne do czasu pomiaru;-odwrotnie proporcjonalne do przyrostu prędkości kątowej w czasie pomiaru -odwrotnie proporcjonalna do czasu pomiaru;-odwrotnie proporcjonalne do przyrostu prędkości kątowej w czasie pomiaru -wprost proporcjonalne do czasu pomiaru
1962;PL080-0217;Środek aerodynamiczny to punkt:;względem którego moment aerodynamiczny nie zależy od kąta natarcia (w dużym przedziale zmian kąta natarcia);w którym linia działania wypadkowej siły aerodynamicznej przecina cięciwę profilu;równoodległy od noska i ostrza (spływu) profilu;który w dużym przedziale zmian kąta natarcia pokrywa się z geometrycznym środkiem profilu
1963;PL080-0218;Środek aerodynamiczny wraz ze wzrostem kąta natarcia:;w dużym zakresie zmian kąta natarcia nie zmienia swojego położenia;przesuwa się do przodu;przesuwa się do tyłu;nie zmienia swojego położenia w pełnym zakresie zmian kąta natarcia
1964;PL080-0219;Środek parcia to punkt:;w którym linia działania wypadkowej siły aerodynamicznej przecina cięciwę profilu;względem którego moment aerodynamiczny nie zależy od kąta natarcia (w dużym przedziale zmian kąta natarcia);równoodległy od noska i ostrza (spływu) profilu;który w dużym przedziale zmian kąta natarcia pokrywa się z geometrycznym środkiem profilu
1965;PL080-0220;Tłumienie zmian parametrów lotu ma wpływ na:;równowagę dynamiczną;równowagę statyczną stałą;równowagą statyczną chwiejną;równowagą statyczną obojętną
1966;PL080-0221;Trzepotanie usterzeń to inaczej:;buffeting;drgania giętno- skrętne;flatter lotkowy;flatter usterzenia
1967;PL080-0222;Ujemny skos skrzydła powoduje:;zmniejszenie stateczności statycznej podłużnej;zwiększenie stateczności statycznej podłużnej;zmniejszenie stateczności statycznej podłużnej na dodatnich kątach natarcia, a zwiększenie na ujemnych;zwiększenie stateczności statycznej podłużnej na dodatnich kątach natarcia, a zmniejszenie na ujemnych
1968;PL080-0223;Usterzenie kierunku zaprojektowane jest w celu obracania płatowca względem:;ośi OZ›;ośi OX›;ośi OY›;ośi OX› i ośi OY›
1969;PL080-0224;Usterzenie wysokości zaprojektowane jest w celu obracania płatowca względem:;ośi OY›;ośi OZ›;ośi OX›;ośi OZ› i ośi OX›
1970;PL080-0225;W celu zlikwidowania momentu oporowego lotek z reguły stosuje się:;różnicowe wychylenie lotek;dodatkowe wychylenia klapo- lotek;wychylenie lotek o dokładnie ten sam kąt;jak najmniejsze wychylenia lotek
1971;PL080-0226;W codziennym życiu spotykamy się ze stanem równowagi:;"- stałej ; - obojętnej; - chwiejnej";"- stałej ; - chwiejnej; - ruchomej";"- stałej ; - obojętnej; - ruchomej";"- nieobojętnej; - obojętnej; - chwiejnej"
1972;PL080-0227;W jakich warunkach wysokość gęstościowa jest równa wysokości standardowej wg atmosfery ISA?;W warunkach zgodnych z tabelą Międzynarodowej Atmosfery Wzorcowej ISA;W warunkach tropikalnych;W warunkach arktycznych;Gdy wysokość standardowa jest równa wysokości elewacji lotniska
1973;PL080-0228;W jakiej proporcji do gęstości powietrza są zależne siły aerodynamiczne na profilu lotniczym?;Wprost proporcjonalnie;Odwrotnie proporcjonalnie;W proporcji do kwadratu gęstości;Są od gęstości powietrza niezależne
1974;PL080-0229;W której grupie znajduje się urządzenie, które nie służy do zmniejszania sił, jakie pilot musi wywierać na drążek sterowy?;"- wyważenie masowe; - klapka wyważająca";"- fletner; - trymer";"- wyważenie aerodynamiczne; - wyważenie sprężynowe";"- wzmacniacz hydrauliczny; - klapka odciążająca"
1975;PL080-0230;W normalnych warunkach lotu siły na sterownicach są :;zawsze odpowiednio proporcjonalne do zmian ruchu lub zmian stanu lotu;zawsze odpowiednio proporcjonalne do wysokości i prędkości lotu;niezależne od prędkości lotu;niezależne od wywoływanych zmian ruchu lub zmian stanu lotu
1976;PL080-0231;W profilach o normalnym, łukowatym kształcie linii szkieletowej, przy wzroście kąta natarcia wypadkowa siła aerodynamiczna:;przesuwa się wzdłuż cięciwy do przodu;przesuwa się wzdłuż cięciwy do tyłu;dla α<0 przesuwa się wzdłuż cięciwy do przodu, a dla α>0 przesuwa się wzdłuż cięciwy do tyłu;nie przesuwa się wzdłuż cięciwy
1977;PL080-0232;W profilach samostatecznych, przy wzroście kąta natarcia wypadkowa siła aerodynamiczna:;przesuwa się wzdłuż cięciwy do tyłu;dla α<0 przesuwa się wzdłuż cięciwy do przodu, a dla α>0 przesuwa się wzdłuż cięciwy do tyłu;nie przesuwa się wzdłuż cięciwy;przesuwa się wzdłuż cięciwy do przodu
1978;PL080-0233;W profilach symetrycznych dla kąta natarcia α=0°:;cięciwa geometryczna profilu pokrywa się z cięciwą aerodynamiczną profilu;cięciwa geometryczna profilu nie pokrywa się z cięciwą aerodynamiczną profilu;cięciwa geometryczna profilu pokrywa się ze średnią cięciwą aerodynamiczną profilu;cięciwa geometryczna profilu nie pokrywa się ze średnią cięciwą aerodynamiczną profilu
1979;PL080-0234;W profilach symetrycznych, przy wzroście kąta natarcia wypadkowa siła aerodynamiczna:;nie przesuwa się wzdłuż cięciwy;przesuwa się wzdłuż cięciwy do przodu;przesuwa się wzdłuż cięciwy do tyłu;dla α<0 przesuwa się wzdłuż cięciwy do przodu, a dla α>0 przesuwa się wzdłuż cięciwy do tyłu
1980;PL080-0235;W rozwiązaniu konwencjonalnym usterzenie pionowe składa się ze:;-statecznika pionowego stanowiącego przednią, nieruchomą część-steru kierunku stanowiącego tylną ruchomą część;-statecznika pionowego stanowiącego przednią, nieruchomą część- steru wysokości stanowiącego tylną ruchomą część;-statecznika pionowego stanowiącego tylną, nieruchomą część- steru kierunku stanowiącego przednią ruchomą część;-statecznika pionowego stanowiącego przednią, ruchomą część-steru kierunku stanowiącego tylną nieruchomą część
1981;PL080-0237;W układzie współrzędnych opisującym ruch statku powietrznego podczas lotu oś OX? nazywamy:;osią podłużną;osią poprzeczną;osią pionową;osią poziomą
1982;PL080-0238;W układzie współrzędnych opisującym ruch statku powietrznego podczas lotu oś OY? nazywamy:;osią poprzeczną;osią pionową;osią poziomą;osią podłużną
1983;PL080-0239;W układzie współrzędnych opisującym ruch statku powietrznego podczas lotu oś OZ? nazywamy:;osią pionową;osią poziomą;osią podłużną;osią poprzeczną
1984;PL080-0240;W ustalonym locie pilot wychyla drążek sterowy w prawo. Zakładając, że lotki wychylą się o ten sam kąt, prawdziwe będzie stwierdzenie:;siła oporu na lotce wychylonej w dół będzie większa od siły oporu na drugiej lotce;siła oporu na lotce wychylonej w dół będzie mniejsza od siły oporu na drugiej lotce;siły oporu na obu lotkach wzrosną o tą samą wartość;siły oporu na obu lotkach zmaleją o tą samą wartość
1985;PL080-0241;W wyniku wychylenia lotek w górę i w dół o ten sam kąt powstaje:;niekorzystny moment oporowy lotek;korzystny moment oporowy lotek;niekorzystny moment przechylający;korzystny moment odchylający
1986;PL080-0242;W wyniku zastosowania na końcówkach skrzydeł tak zwanych wingletów maleje opór:;indukowany;interferencyjny;kształtu;szczelinowy
1987;PL080-0243;Warstwa przyścienna profilu lotniczego to warstwa w której:;prędkość cząsteczek powietrza jest mniejsza od prędkości przepływu;zachodzi przejście z opływu turbulentnego w laminarny;przepływ ma charakter laminarny;przepływ ma charakter turbulentny
1988;PL080-0245;Wartość współczynnika siły nośnej Cz dla krytycznego kąta natarcia ‘α kr’ przyjmuje wartość maksymalną.;zawsze prawda;zawsze fałsz;prawda tylko dla profili symetrycznych;fałsz tylko dla profili symetrycznych
1989;PL080-0246;Wartość współczynnika siły oporu Cx dla krytycznego kąta natarcia ‘α kr’ przyjmuje wartość maksymalną.;zawsze fałsz;zawsze prawda;prawda tylko dla profili symetrycznych;fałsz tylko dla profili symetrycznych
1990;PL080-0248;Wewnętrzna kompensacja aerodynamiczna steru odbywa się poprzez zastosowanie:;przepony, która jednocześnie zmniejsza opór szczelinowy;dodatkowej powierzchni sterowej przed osią obrotu steru;klapki dociążającej;klapki odciążającej
1991;PL080-0250;Wraz ze wzrostem wysokości gęstość powietrza:;zawsze maleje;zawsze rośnie;nie zmienia się;maleje - jeżeli temperatura maleje, a rośnie – jeżeli temperatura wzrasta
1992;PL080-0251;"Współczynnik przeciążenia ""n"" w locie nurkowym wynosi:";n=0;n<0;n>0;n=1
1993;PL080-0252;Współczynnik przeciążenia w zakręcie zależy od:;Kąta przechylenia i prędkości lotu;Prędkości lotu;Wielkości oporu;Oporu indukowanego
1994;PL080-0253;Wychylenie którego urządzenia nie jest sprzężone mechanicznie z wychyleniami powierzchni sterowej?;klapki wyważającej;flettnera;klapki dociążającej;klapka odciążającej
1995;PL080-0255;Wykres zależności Cx = f(α) dla profilu symetrycznego jest:;"symetryczny względem osi ""Cx""";symetryczny względem osi ‘α’;symetryczny względem środka układu współrzędnych;nie posiada żadnej symetrii
1996;PL080-0256;Wykres zależności Cz = f(Cx) dla profilu symetrycznego jest:;"symetryczny względem osi ""Cx""";"symetryczny względem osi ""Cz""";symetryczny względem środka układu współrzędnych;nie posiada żadnej symetrii
1997;PL080-0257;Wykres zależności Cz = f(Cx) wykonany na podstawie pomiarów w czasie lotu nazywamy:;biegunową szybowca;biegunową prędkości szybowca;biegunową profilu;biegunową skrzydła
1998;PL080-0258;Wykres zależności Cz = f(α) dla profilu symetrycznego jest:;symetryczny względem środka układu współrzędnych;symetryczny względem osi ‘α’;"symetryczny względem osi ""Cz""";nie posiada żadnej symetrii
1999;PL080-0259;Wykresy jakich zależności dla profilu symetrycznego przechodzą przez środek układu współrzędnych?;Cz = f(α), Cm = f(α);Cz = f(α), Cx = f(α);Cx = f(α), Cm = f(α);Cz = f(α), Cz = f(Cx)
2000;PL080-0260;Wykresy jakich zależności dla profilu symetrycznego są osiowosymetryczne ?;Cx = f(α), Cz = f(Cx);tylko Cx = f(α);Cz = f(α), Cx = f(α);tylko Cz = f(Cx)
2001;PL080-0261;Wznios skrzydeł stosowany jest w celu:;zwiększenia stateczności poprzecznej szybowca;zwiększenia doskonałości szybowca;poprawienia sterowności poprzecznej szybowca;zmniejszenia oporu indukowanego szybowca
2002;PL080-0262;Wzrost temperatury powietrza na stałej wysokości powoduje:;zmniejszenie gęstości powietrza;wzrost gęstości powietrza;nie powoduje zmian gęstości i wilgotności względnej powietrza;wzrost wilgotności względnej powietrza
2003;PL080-0263;Z jakich głównych elementów powstaje opór statku powietrznego zwany „szkodliwym”?;Z „oporu kształtu” bryły statku powietrznego i z „oporu tarcia” powietrza o powierzchnię tej bryły;Z lepkości powietrza i z oporów wirów powstających na bryle statku;Z „oporu kształtu” bryły statku powietrznego i z „oporu indukowanego” powstającego na powierzchni bryły statku;Z „oporu tarcia” powietrza o powierzchnię bryły statku powietrznego i z „oporu interferencyjnego”
2004;PL080-0265;Zasada ciągłości ruchu powietrza przepływającego przez tunel o zmiennym przekroju mówi, że:;jeżeli przekrój poprzeczny tunelu dwukrotnie się zwiększy, to prędkość powietrza zmaleje dwukrotnie;jeżeli przekrój poprzeczny tunelu dwukrotnie się zwiększy, to prędkość powietrza wzrośnie dwukrotnie;jeżeli przekrój poprzeczny tunelu dwukrotnie się zwiększy, to prędkość powietrza zmaleje czterokrotnie;jeżeli przekrój poprzeczny tunelu dwukrotnie się zwiększy, to prędkość powietrza wzrośnie czterokrotnie
2005;PL080-0266;Zastosowanie kompensacji aerodynamicznej steru ma za zadanie:;zmniejszenie momentu zawiasowego;zwiększenie momentu zawiasowego;wyważenie powierzchni sterowej w pozycji neutralnej;wyważenie masowe powierzchni sterowej
2006;PL080-0269;Zdolność do zmiany stanu ustalonego lotu pod wpływem wychylenia odpowiedniego steru nazywamy;sterownością;statecznością statyczną;statecznością dynamiczną;stabilnością
2007;PL080-0270;Zewnętrzna kompensacja aerodynamiczna steru odbywa się poprzez zastosowanie:;dodatkowej powierzchni sterowej przed osią obrotu steru;klapki dociążającej;klapki odciążającej;flettnera
2008;PL080-0271;Zjawisko odwrotnego działania lotek polega na:;skręceniu skrzydła spowodowanym wychyleniem lotki;powstawaniu drgań samowzbudnych;powstawaniu buffetingu;krzyżowym połączeniu napędu lotek
2009;PL080-0272;Zwężenie przekroju strugi powietrza oznacza:;Malenie statycznego ciśnienia w strudze i wzrost prędkości (+);wzrost statycznego ciśnienia w strudze i malenie prędkości;wyhamowanie prędkości strugi;wzrastanie w strudze ciśnienia spiętrzeniowego
2010;PL080-0273;Zwichrzenie aerodynamiczne skrzydła charakteryzuje się tym, że:;na końcówkach skrzydeł stosuje się profile, na których oderwanie strug dla αkryt jest mniej intensywne;cięciwy profilów geometrycznych w kolejnych przekrojach nie leżą w jednej płaszczyźnie;skrzydła wygięte są w dół podczas postoju szybowca na ziemi;skrzydła wygięte są w górę podczas lotu
2011;PL080-0274;Zwichrzenie geometryczne skrzydła charakteryzuje się tym, że:;cięciwy profili geometrycznych w kolejnych przekrojach nie leżą w jednej płaszczyźnie;skrzydła wygięte są w dół podczas postoju szybowca na ziemi;skrzydła wygięte są w górę podczas lotu;na końcówkach skrzydeł stosuje się profile, na których oderwanie strug dla αkryt jest mniej intensywne
2012;PL080-0275;Zwiększająca się siła nośna na skrzydle powoduje zmianę oporu indukowanego na:;większy;mniejszy;nie ma wpływu na opór indukowany;mniejszy lub większy w zależności od prędkości lotu
2013;PL080-0276;Zwiększanie kąta natarcia α > α kr powoduje:;"zwiększanie ""Cx"" oraz zmniejszanie ""Cz""";"zwiększanie ""Cz"" oraz zmniejszanie ""Cx""";"zwiększanie ""Cx"" oraz ""Cz""";"zmniejszanie ""Cx"" oraz ""Cz"""
2014;PL080-0277;"Aby obliczyć moment ""M"" działający na ciało ""D"", wywołany działaniem siły ""P"" należy skorzystać ze wzoru:";M=P*l*sinα;M=P*l*cosα;M=P*l*tgα;M=P*l
2015;PL080-0278;Aby wyprowadzić szybowiec z wyślizgu w zakręcie i wykonać zakręt prawidłowy należy:;zwiększyć przechylenie lub zmniejszyć prędkość kątową zakrętu;zmniejszyć przechylenie lub zwiększyć prędkość kątową zakrętu;zwiększyć przechylenie lub zwiększyć prędkość kątową zakrętu;zmniejszyć przechylenie lub zmniejszyć prędkość kątową zakrętu
2016;PL080-0279;Aby wyprowadzić szybowiec z ześlizgu w zakręcie i wykonać zakręt prawidłowy należy:;zmniejszyć przechylenie lub zwiększyć prędkość kątową zakrętu;zwiększyć przechylenie lub zwiększyć prędkość kątową zakrętu;zmniejszyć przechylenie lub zmniejszyć prędkość kątową zakrętu;zwiększyć przechylenie lub zmniejszyć prędkość kątową zakrętu
2017;PL080-0280;Biegunowa prędkości szybowca to wykres zależności:;opadania od prędkości w=f(u);wsp. siły nośnej od wsp. siły oporuCz= f(Cx);wsp. siły nośnej od kąta natarcia Cz=f(a);opadania od prędkości w=f(a)
2018;PL080-0282;"Co to za zasada?: „W tunelu przez który przepływa powietrze iloczyn pola przekroju i prędkości powietrza jest stały S*v=const""";zasada ciągłości ruchu;zasada Bernouli’ego;prawo Bernouli’ego;zasada zachowania pędu
2019;PL080-0283;Co to za zasada?: „W tunelu, przez który przepływa powietrze, suma ciśnienia statycznego i dynamicznego jest stała w każdym punkcie tego przepływu”;prawo Bernouli’ego;zasada ciągłości ruchu;zasada zachowania energii przepływu;zasada zachowania ciśnienia przepływu zamkniętego
2020;PL080-0285;Dla opisania ruchów statku powietrznego (samolotu, śmigłowca, szybowca etc) w przestrzeni stosowany jest układ osi współrzędnych x-y- z. Jakie oznaczenie nosi oś pionowa?;z;x;y;dowolne
2021;PL080-0286;Dla opisania ruchów statku powietrznego (samolotu, śmigłowca, szybowca etc) w przestrzeni stosowany jest układ osi współrzędnych x-y- z. Jakie oznaczenie nosi oś podłużna?;x;y;z;nie ma oznaczenia
2022;PL080-0287;Dla opisania ruchów statku powietrznego (samolotu, śmigłowca, szybowca etc) w przestrzeni stosowany jest układ osi współrzędnych x-y- z. Jakie oznaczenie nosi oś poprzeczna?;y;x;z;dowolne
2023;PL080-0288;Doskonałość szybowca jest równa:;zasięgowi szybowca z wysokości 1000m w spokojnym powietrzu, wyrażonym w kilometrach;zasięgowi szybowca w spokojnym powietrzu, wyrażonym w kilometrach;"zasięgowi szybowca z wysokości ""H"" w spokojnym powietrzu, wyrażonym w kilometrach";"zasięgowi szybowca z wysokości ""H"" w spokojnym powietrzu"
2024;PL080-0289;Gdy powietrze przepływa przez kanał o zmiennej powierzchni przekroju zmienia się w nim ciśnienie statyczne. Jak?;zmniejsza się przy zmniejszaniu powierzchni przekroju;zmniejsza się przy zwiększaniu powierzchni przekroju;nie zmienia się wcale;zwiększa się przy maleniu powierzchni przekroju
2025;PL080-0290;Jak się zachowuje obiekt (samolot, śmigłowiec, szybowiec, lotnia etc) niestateczny dynamicznie po wytrąceniu z równowagi?;Obiekt wykonuje ruch, najczęściej harmoniczny, o rosnącej amplitudzie;Obiekt wykonuje ruch, najczęściej harmoniczny, o malejącej amplitudzie;Obiekt zachowuje położenie po wytrąceniu z równowagi;Obiekt przyjmuje pozycję coraz bardziej odległą od położenia równowagi
2026;PL080-0291;Jak się zachowuje obiekt (samolot, śmigłowiec, szybowiec, lotnia etc) stateczny dynamicznie po wytrąceniu z równowagi?;Obiekt wykonuje ruch, najczęściej harmoniczny, o malejącej amplitudzie;Obiekt zachowuje położenie, do którego doszedł po wytrąceniu z równowagi;Wykonuje ruch, najczęściej harmoniczny, o rosnącej amplitudzie;Natychmiast po ustaniu impulsu wytrącającego powraca do pozycji równowagi
2027;PL080-0292;Jak zachowuje się szkodliwy opór przy wzroście prędkości lotu?;Wzrasta z kwadratem prędkości;Pozostaje stały;Maleje proporconalnie do odwrotności prędkości;Waha się
2028;PL080-0293;Jak zachowuje się szkodliwy opór przy wzroście prędkości lotu?;Opór wzrasta z kwadratem prędkości;Opór pozostaje stały;Opór maleje proporcjonalnie do odwrotności prędkości;Opór waha się
2029;PL080-0294;Jak zmieni się siła odśrodkowa przy tej samej prędkości lotu w zakręcie jeśli zmniejszy się jego promień?;Zwiększy się;Zmniejszy się;Pozostanie bez zmiany;Zmaleje do zera
2030;PL080-0295;Jak zmieni się siła odśrodkowa przy tej samej prędkości lotu w zakręcie jeśli zmniejszy się jego promień?;Siła odśrodkowa zwiększy się;Siła odśrodkowa zmniejszy się;Siła odśrodkowa pozostanie bez zmiany;Siła odśrodkowa zmaleje do zera
2031;PL080-0301;Jeżeli autorotacja skrzydła nie zostanie zahamowana przez pilota, to:;szybowiec samoczynnie przejdzie w fazę lotu zwaną korkociągiem;szybowiec samoczynnie przejdzie w fazę lotu zwaną przeciągnięciem statycznym;szybowiec samoczynnie przejdzie w fazę lotu zwaną przeciągnięciem dynamicznym;szybowiec samoczynnie przejdzie w fazę ustalonego lotu nurkowego
2032;PL080-0303;Jeżeli środek ciężkości szybowca pokrywa się ze środkiem równowagi obojętnej to:;szybowiec nie jest stateczny i nie jest niestateczny;szybowiec jest stateczny;szybowiec jest niestateczny;szybowiec jest niesterowny
2033;PL080-0304;Jeżeli środek ciężkości szybowca z profilem klasycznym znajduje się przed środkiem równowagi obojętnej to:;szybowiec jest stateczny;szybowiec jest niestateczny;szybowiec jest statycznie obojętny;szybowiec nie jest stateczny i nie jest niestateczny
2034;PL080-0305;Jeżeli środek ciężkości szybowca z profilem klasycznym znajduje się za środkiem równowagi obojętnej to:;szybowiec jest niestateczny;szybowiec jest niesterowny;szybowiec jest stateczny;szybowiec nie jest stateczny i nie jest niestateczny
2035;PL080-0306;Kąt toru lotu na stałym kącie natarcia ‘α’ podczas wzrostu wysokości:;pozostaje niezmieniony;wzrasta;maleje;zmienia się i można go odczytać wykreślając biegunową szybowca
2036;PL080-0307;Lot odbywa się na kącie natarcia, dla którego współczynnik siły oporu Cx ma wartość minimalną: α=αCx min. W wyniku niewielkiego zwiększenia kąta natarcia:;stosunek Cz/Cx wzrośnie;stosunek Cz/Cx zmaleje;stosunek Cz/Cx nie zmieni się;doskonałość płatowca nie zmieni się
2037;PL080-0308;Lot odbywa się na kącie natarcia, dla którego współczynnik siły oporu Cx ma wartość minimalną: α=αCx min. W wyniku niewielkiego zwiększenia kąta natarcia:;doskonałość płatowca wzrośnie;doskonałość płatowca zmaleje;doskonałość płatowca nie zmieni się;stosunek Cz/Cx zmaleje
2038;PL080-0309;Na rodzaj korkociągu główny wpływ mają następujące czynniki:;"-położenie środka ciężkości szybowca; - rozłożenie mas na szybowcu; -usytuowanie i wielkość usterzeń";"-położenie środka ciężkości szybowca; - rozłożenie mas na szybowcu; - ustawienie klapki wyważającej";"-rozłożenie mas na szybowcu; - ustawienie klapki wyważającej ; - usytuowanie i wielkość usterzeń";"-ustawienie klapki wyważającej ; - położenie środka ciężkości szybowca; - usytuowanie i wielkość usterzeń"
2039;PL080-0310;Najmniejsze opadanie ma szybowiec lecący z prędkością:;ekonomiczną;optymalną;minimalną;"różna, zależną od tego, czy leci „z wiatrem” czy „pod wiatr"""
2040;PL080-0311;Największa odległość między linią szkieletową i cięciwą profilu to:;strzałka profilu;grubość profilu;wysokość profilu;cięciwa profilu
2041;PL080-0312;Największą doskonałość w powietrzu spokojnym ma szybowiec lecący z prędkością:;optymalną;minimalną;Mc Credy’ego;ekonomiczną
2042;PL080-0314;Objawem lotu szybowca w fazie przeciągnięcia jest zazwyczaj:;"-występowanie drgań szybowca lub sterów; - samoczynne zwiększanie pochylenia";"-występowanie drgań szybowca lub sterów; -samoczynne zwiększanie prędkości postępowej";"-zmniejszanie prędkości opadania; - samoczynne zwiększanie prędkości postępowej";"-samoczynne zwiększanie pochylenia; - zmniejszanie prędkości opadania"
2043;PL080-0315;Otworzenie hamulców aerodynamicznych podczas lotu ze stałym wychyleniem drążka sterowego powoduje:;znaczące zwiększenie opadania i nieznaczny spadek prędkości postępowej szybowca;znaczące zmniejszenie prędkości postępowej z niewielkim wpływem na opadanie szybowca;tylko zmniejszenie prędkości postępowej szybowca;silny moment zadzierający szybowiec
2044;PL080-0316;Pociągnięcie drążka na siebie powoduje:;"wzrost współczynnika obciążenia szybowca ""n""";"zmniejszenie współczynnika obciążenia szybowca ""n""";"wzrost współczynnika ‘CZ’ , co powoduje spadek współczynnika obciążenia ""n""";"zmianę wartości współczynnika obciążenia ""n"" z dodatniego na ujemny"
2045;PL080-0317;Podczas analizy stateczności szybowca niezbędne jest uwzględnienie:;równowagi sił i momentów działających na szybowiec;równowagi sił działających na szybowiec;równowagi momentów działających na szybowiec;tylko rozkładu mas na szybowcu
2046;PL080-0318;Podczas rozbiegu szybowca na holu za samolotem wiatr wieje z prawej strony. Jak będzie się zachowywać szybowiec?;będzie unosił lewe skrzydło i skręcał w prawą stronę;będzie unosił prawe skrzydło i skręcał w prawą stronę;będzie unosił lewe skrzydło i skręcał w lewą stronę;będzie unosił prawe skrzydło i skręcał w lewą stronę
2047;PL080-0319;Podczas rozbiegu szybowca na holu za samolotem wiatr wieje z prawej strony. Jak należy wychylić stery w pierwszej fazie rozbiegu, aby bezpiecznie wystartować?;należy drążek sterowy przechylić w lewo i wcisnąć lewy pedał steru kierunku;należy drążek sterowy przechylić w prawo i wcisnąć lewy pedał steru kierunku;należy drążek sterowy przechylić w lewo i wcisnąć prawy pedał steru kierunku;należy drążek sterowy przechylić w prawo i wcisnąć prawy pedał steru kierunku
2048;PL080-0320;Podczas rozbiegu szybowca przy starcie za wyciągarką wieje silny wiatr z prawej strony. Jak będzie się zachowywać szybowiec?;będzie unosił prawe skrzydło i skręcał w prawą stronę;będzie unosił lewe skrzydło i skręcał w prawą stronę;będzie unosił lewe skrzydło i skręcał w lewą stronę;będzie unosił prawe skrzydło i skręcał w lewą stronę
2049;PL080-0321;Podczas rozbiegu szybowca przy starcie za wyciągarką wieje silny wiatr z prawej strony. Jak należy wychylić stery w pierwszej fazie rozbiegu, aby bezpiecznie wystartować?;należy drążek sterowy przechylić w prawo i wcisnąć lewy pedał steru kierunku;należy drążek sterowy przechylić w lewo i wcisnąć prawy pedał steru kierunku;należy drążek sterowy przechylić w prawo i wcisnąć prawy pedał steru kierunku;należy drążek sterowy przechylić w lewo i wcisnąć lewy pedał steru kierunku
2050;PL080-0322;Przeciągnięciem szybowca nazywamy stan w którym:;lot odbywa się na nadkrytycznym kącie natarcia;lot odbywa się na krytycznym kącie natarcia;lot odbywa się na podkrytycznym kącie natarcia;szybowiec nie reaguje na wychylenia sterów z powodu zbyt małej prędkości
2051;PL080-0325;Przyrost momentu pochylającego szybowiec ‘ΔM’ powstały w wyniku wychylenia drążka wynosi ΔM = ΔPzh*1h, gdzie:;lH – odległość między środkiem ciężkości szybowca i środkiem aerodynamicznym usterzenia poziomego ΔPZH – przyrost siły nośnej na usterzeniu wysokości;lH – odległość między środkiem aerodynamicznym skrzydła i środkiem aerodynamicznym usterzenia poziomego ΔPZH – przyrost siły nośnej na usterzeniu wysokości;lH – odległość między środkiem aerodynamicznym skrzydła i środkiem aerodynamicznym usterzenia poziomego ΔPZH – przyrost siły aerodynamicznej na usterzeniu wysokości;lH – odległość między środkiem ciężkości szybowca i środkiem aerodynamicznym usterzenia poziomego ΔPZH – przyrost siły aerodynamicznej na usterzeniu wysokości
2052;PL080-0326;Rozpatrując stateczność szybowca w układzie współrzędnych OXYZ zakładamy, że wszystkie trzy osie układu przechodzą przez:;środek ciężkości szybowca;środek aerodynamiczny płata;środek aerodynamiczny szybowca;środek równowagi obojętnej szybowca
2053;PL080-0329;Stan równowagi, w której ciało się zwykle znajduje i do której powraca zawsze po wytrąceniu go ze stanu równowagi nazywamy:;równowagą stałą;równowagą chwiejną;równowagą obojętną;równowagą dynamiczną
2054;PL080-0330;Stateczność dynamiczna boczna zależy głównie od:;"- kąta wzniosu skrzydeł; - powierzchni usterzenia pionowego; - odległości środka aerodynamicznego usterzenia pionowego od środka ciężkości szybowca";"- kąta wzniosu skrzydeł; - powierzchni usterzenia pionowego; - wielkości usterzenia poziomego";"- powierzchni usterzenia pionowego; - wielkości usterzenia poziomego; - odległości środka aerodynamicznego usterzenia pionowego od środka ciężkości szybowca";"- wielkości usterzenia poziomego; - odległości środka aerodynamicznego usterzenia pionowego od środka ciężkości szybowca; - kąta wzniosu skrzydeł"
2055;PL080-0331;Stateczność dynamiczna podłużna zależy głównie od:;"- rozkładu mas na szybowcu; - wielkości statecznika poziomego; - odległości środka aerodynamicznego usterzenia poziomego od środka ciężkości szybowca";"- rozkładu mas na szybowcu; -wielkości statecznika poziomego; - wielkości usterzenia pionowego";"- wielkości statecznika poziomego; - wielkości usterzenia pionowego; - odległości środka aerodynamicznego usterzenia poziomego od środka ciężkości szybowca";"- wielkości usterzenia pionowego; - odległości środka aerodynamicznego usterzenia poziomego od środka ciężkości szybowca; - rozkładu mas na szybowcu"
2056;PL080-0332;Stateczność dynamiczna to:;zdolność do samoczynnego powrotu szybowca do położenia równowagi, gdy przestaną działać zakłócenia;zdolność do zachowania stanu równowagi i przeciwdziałania jego zmianom;zdolność do zmiany stanu ustalonego lotu pod wpływem wychylenia odpowiedniego steru;zdolność do utrzymania kontroli nad szybowcem na który działają zewnętrzne obciążenia dynamiczne
2057;PL080-0333;Stateczność statyczna kierunkowa zależy głównie od:;"- wielkości usterzenia pionowego; - odległości usterzenia od środka ciężkości";"- wielkości usterzenia pionowego; - powierzchni skrzydła";"- odległości usterzenia od środka ciężkości; - ciężaru szybowca";"- powierzchni skrzydła; - ciężaru szybowca"
2058;PL080-0334;Stateczność statyczna podłużna zależy głównie od:;"- położenia środka ciężkości szybowca; - wielkości statecznika poziomego; - odległości środka aerodynamicznego usterzenia poziomego od środka ciężkości szybowca";"- położenia środka ciężkości szybowca; - wielkości statecznika poziomego; - wielkości usterzenia pionowego";"- wielkości statecznika poziomego; - wielkość usterzenia pionowego; - odległości środka aerodynamicznego usterzenia poziomego od środka ciężkości szybowca";"- wielkość usterzenia pionowego; - odległości środka aerodynamicznego usterzenia poziomego od środka ciężkości szybowca; - położenia środka ciężkości szybowca"
2059;PL080-0335;Stateczność statyczna poprzeczna zależy głównie od:;"- kąta wzniosu skrzydła; - wielkości usterzenia pionowego; - układu grzbietopłata lub dolnopłata";"- kąta wzniosu skrzydła; - wielkości usterzenia pionowego; - położenia środka ciężkości szybowca";"- wielkości usterzenia pionowego; - położenia środka ciężkości szybowca; - układu grzbietopłata lub dolnopłata";"- położenia środka ciężkości szybowca; - układu grzbietopłata lub dolnopłata; - kąta wzniosu skrzydła"
2060;PL080-0336;Stateczność statyczna to:;zdolność do zachowania stanu równowagi i przeciwdziałania jego zmianom;zdolność do zmiany stanu ustalonego lotu pod wpływem wychylenia odpowiedniego steru;zdolność do utrzymania kontroli nad szybowcem na który działają zewnętrzne obciążenia dynamiczne;zdolność do samoczynnego powrotu szybowca do położenia równowagi, gdy przestaną działać zakłócenia
2061;PL080-0337;Sterowność to:;zdolność do zmiany stanu ustalonego lotu pod wpływem wychylenia odpowiedniego steru;zdolność do wykonywania obszernych ruchów drążkiem sterowym i orczykami;zdolność do samoczynnego powrotu szybowca do położenia równowagi, gdy przestaną działać zakłócenia;zdolność do zachowania stanu równowagi i przeciwdziałania jego zmianom
2062;PL080-0338;Szybowce stosowane w lotnictwie sportowym są zazwyczaj konstruowane tak, aby:;po wejściu w korkociąg, był to korkociąg stromy;po wejściu w korkociąg, był to korkociąg płaski;nie dało się ich wprowadzić w korkociąg;momentalnie, samoczynnie następowało wyprowadzenie z korkociągu
2063;PL080-0339;Szybowiec podczas lotu w fazie przeciągnięcia jest:;niestateczny statycznie poprzecznie i podłużnie;tylko niestateczny statycznie podłużnie;tylko niestateczny statycznie poprzecznie;stateczny statycznie poprzecznie i podłużnie
2064;PL080-0340;Szybowiec w fazie autorotacji charakteryzuje się:;niestatecznością statyczną poprzeczną;zwiększoną statecznością statyczną poprzeczną;zmniejszoną statecznością statyczną poprzeczną;statecznością statyczną poprzeczną obojętną
2065;PL080-0341;W celu wyprowadzenia szybowca z fazy autorotacji należy w kolejności:;"-wychylić ster kierunku w stronę przeciwną do kierunku przechylania; - odepchnąć drążek sterowy";"-wychylić ster kierunku w stronę przeciwną do kierunku przechylania; - pociągnąć drążek sterowy";"-wychylić lotki w stronę przeciwną do kierunku przechylania; - pociągnąć drążek sterowy";"-wychylić lotki w stronę przeciwną do kierunku przechylania; - odepchnąć drążek sterowy"
2066;PL080-0342;W celu wyprowadzenia szybowca z fazy przeciągnięcia do lotu ustalonego należy:;zwiększyć siłę nośną na skrzydle poprzez oddanie drążka sterowego;zwiększyć siłę nośną na skrzydle poprzez pociągnięcie drążka sterowego;zmniejszyć siłę nośną na skrzydle poprzez pociągnięcie drążka sterowego;zmniejszyć siłę nośną na skrzydle poprzez oddanie drążka sterowego
2067;PL080-0343;W celu wyprowadzenia szybowca z korkociągu należy w kolejności:;"-wychylić ster kierunku w stronę przeciwną do kierunku przechylania; - odepchnąć drążek sterowy; -po ustaniu obrotów rozpędzić szybowiec i wyprowadzić z lotu nurkowego";"-wychylić ster kierunku w stronę przeciwną do kierunku przechylania; - pociągnąć drążek sterowy; -po ustaniu obrotów rozpędzić szybowiec i wyprowadzić z lotu nurkowego";"-wychylić lotki w stronę przeciwną do kierunku przechylania; - pociągnąć drążek sterowy; -po ustaniu obrotów rozpędzić szybowiec i wyprowadzić z lotu nurkowego";"-wychylić lotki w stronę przeciwną do kierunku przechylania; - odepchnąć drążek sterowy; -po ustaniu obrotów rozpędzić szybowiec i wyprowadzić z lotu nurkowego"
2068;PL080-0344;W celu zmniejszenia pochylenia szybowca:;należy wychylić drążek sterowy na siebie;należy wychylić ster wysokości w dół;wektor przyrostu siły nośnej na usterzeniu poziomym musi mieć zwrot „w górę”;przyrost momentu pochylającego szybowiec musi mieć wartość dodatnią
2069;PL080-0345;W celu zmniejszenia pochylenia szybowca:;przyrost momentu pochylającego szybowiec musi mieć wartość do ujemną;należy wychylić ster wysokości w dół;wektor przyrostu siły nośnej na usterzeniu poziomym musi mieć zwrot „w górę”;należy wychylić drążek sterowy od siebie
2070;PL080-0346;W celu zmniejszenia pochylenia szybowca:;wektor przyrostu siły nośnej na usterzeniu poziomym musi mieć zwrot „w dół”;należy wychylić ster wysokości w dół;przyrost momentu pochylającego szybowiec musi mieć wartość dodatnią;należy wychylić drążek sterowy od siebie
2071;PL080-0347;W celu zmniejszenia pochylenia szybowca:;należy wychylić ster wysokości w górę;przyrost momentu pochylającego szybowiec musi mieć wartość dodatnią;wektor przyrostu siły nośnej na usterzeniu poziomym musi mieć zwrot „w górę”;należy wychylić drążek sterowy od siebie
2072;PL080-0348;W celu zwiększenia pochylenia szybowca:;należy wychylić drążek sterowy od siebie;przyrost momentu pochylającego szybowiec musi mieć wartość do ujemną;należy wychylić ster wysokości do góry;wektor przyrostu siły nośnej na usterzeniu poziomym musi mieć zwrot „w dół”
2073;PL080-0349;W celu zwiększenia pochylenia szybowca:;należy wychylić ster wysokości w dół;należy wychylić drążek sterowy na siebie;przyrost momentu pochylającego szybowiec musi mieć wartość do ujemną;wektor przyrostu siły nośnej na usterzeniu poziomym musi mieć zwrot „w dół”
2074;PL080-0350;W celu zwiększenia pochylenia szybowca:;wektor przyrostu siły nośnej na usterzeniu poziomym musi mieć zwrot „w górę”;należy wychylić drążek sterowy na siebie;należy wychylić ster wysokości do góry;przyrost momentu pochylającego szybowiec musi mieć wartość do ujemną
2075;PL080-0352;W jakim dokumencie zawarte są informacje o osiągach statku powietrznego (śmigłowca, samolotu, szybowca etc)?;W instrukcji użytkowania w locie;W technicznym opisie obsługi;W biuletynach bezpieczeństwa IKCSP;W rozporządzeniach Urzędu Lotnictwa Cywilnego
2076;PL080-0353;W jakim profilu wywoływana zmianami kąta natarcia wędrówka środka parcia jest najmniejsza ?;w profilu symetrycznym;w profilu laminarnym;w profilu niesymetrycznym;w profilu wklęsło- wypukłym
2077;PL080-0354;W spokojnym powietrzu, optymalny kąt toru lotu ‘ϒ’, podczas wzrostu ciężaru szybowca:;pozostaje niezmieniony;wzrasta;maleje;zmienia się i można go odczytać wykreślając biegunową szybowca
2078;PL080-0355;W ustalonym locie poziomym prostoliniowym współczynnik obciążenia szybowca ‘n’ wynosi:;n=1;n=0;0<n<1;n>1
2079;PL080-0356;W ustalonym zakręcie współczynnik obciążenia szybowca ‘n’ wynosi:;n>1;n=1;n=0;0<n<1
2080;PL080-0357;W wyniku niewielkiego zwiększania kąta natarcia α=α optymalne :;"procentowe zwiększenie ""Cx"" będzie większe od procentowego zwiększenia ""Cz""";"procentowe zwiększenie ""Cz"" będzie większe od procentowego zwiększenia ""Cx""";"procentowe zwiększenie ""Cx"" będzie takie same jak procentowe zwiększenia ""Cz""";doskonałość profilu nieznacznie wzrośnie
2081;PL080-0358;W wyniku niewielkiego zwiększania kąta natarcia α=α optymalne :;stosunek Cz/Cx zmaleje;stosunek Cz/Cx wzrośnie;stosunek Cz/Cx nie zmieni się;doskonałość profilu nieznacznie wzrośnie
2082;PL080-0359;W wyniku niewielkiego zwiększania kąta natarcia α=α optymalne :;doskonałość profilu zmaleje;doskonałość profilu wzrośnie;doskonałość profilu nie zmieni się;stosunek Cz/Cx wzrośnie
2083;PL080-0362;Wychylenie lotek o jednakowy kąt w lewo podczas lotu w fazie przeciągnięcia najczęściej spowoduje:;przechylenie się szybowca w prawo i rozpoczęcie autorotacji;przechylenie się szybowca w lewo;przechylanie się szybowca w prawo do chwili powrotu drążka do neutrum;"przechylenie się szybowca w lewo; do chwili powrotu drążka do neutrum"
2084;PL080-0363;Wychyleniu klap towarzyszy zwykle:;"- wzrost Cz; - wzrost Cx; - spadek doskonałości szybowca";"- wzrost Cz; - wzrost Cx; - wzrost doskonałości szybowca";"- wzrost Cz; - wzrost Cx; - nie zmieniona doskonałość szybowca";- tylko wzrost Cz i doskonałości szybowca
2085;PL080-0364;Wykres zależności prędkości opadania szybowca w funkcji promienia zakrętu w = f(R) nazywamy:;biegunową krążenia szybowca;biegunową prędkości szybowca;biegunową szybowca;biegunową wyrwania szybowca
2086;PL080-0365;Wysunięcie płyt hamulców aerodynamicznych powoduje:;spadek siły nośnej na skrzydle i wzrost siły oporu;spadek siły nośnej na skrzydle, a siła oporu nie zmienia się;wzrost siły oporu, a siła nośna nie zmienia się;silny moment zadzierający szybowiec
2087;PL080-0369;Z jaką właściwością związany jest spadek prędkości powietrza w warstwie przyściennej profilu lotniczego;lepkością powietrza;gęstością powietrza;bezwładnością powietrza;chwiejnością powietrza
2088;PL080-0371;Zapas stateczności statycznej podłużnej szybowca to:;odległość pomiędzy środkiem ciężkości szybowca i środkiem równowagi obojętnej;odległość pomiędzy środkiem ciężkości szybowca i środkiem aerodynamicznym płata;odległość pomiędzy środkiem równowagi obojętnej i środkiem aerodynamicznym płata;odległość pomiędzy środkiem aerodynamicznym usterzenia i środkiem aerodynamicznym płata
2089;PL080-0372;Zdolność do samoczynnego powrotu szybowca do położenia równowagi, gdy przestaną działać zakłócenia, które tę równowagę naruszyły nazywamy:;statecznością dynamiczną;statecznością statyczną;stabilnością statyczną;sterownością dynamiczną
2090;PL080-0373;Aby wyprowadzić samolot z wyślizgu w zakręcie i wykonać zakręt prawidłowy należy:;zwiększyć przechylenie lub zmniejszyć prędkość kątową zakrętu;zmniejszyć przechylenie lub zwiększyć prędkość kątową zakrętu;zwiększyć przechylenie lub zwiększyć prędkość kątową zakrętu;zmniejszyć przechylenie lub zmniejszyć prędkość kątową zakrętu
2091;PL080-0374;Aby wyprowadzić samolot z ześlizgu w zakręcie i wykonać zakręt prawidłowy należy:;zmniejszyć przechylenie lub zwiększyć prędkość kątową zakrętu;zwiększyć przechylenie lub zwiększyć prędkość kątową zakrętu;zmniejszyć przechylenie lub zmniejszyć prędkość kątową zakrętu;zwiększyć przechylenie lub zmniejszyć prędkość kątową zakrętu
2092;PL080-0377;Co to za zasada?:„W tunelu przez który przepływa powietrze iloczyn pola przekroju i prędkości powietrza jest stały S*v=const;zasada ciągłości ruchu;zasada Bernouli’ego;prawo Bernouli’ego;zasada zachowania pędu
2093;PL080-0378;Co to za zasada?:„W tunelu, przez który przepływa powietrze, suma ciśnienia statycznego i dynamicznego jest stała w każdym punkcie tego przepływu”;prawo Bernouli’ego;zasada ciągłości ruchu;zasada zachowania energii przepływu;zasada zachowania ciśnienia przepływu zamkniętego
2094;PL080-0380;Czy między sterownością i statecznością obiektu latającego (samolotu, śmigłowca, lotni etc) istnieją jakieś wzajemne relacje ?;Działają przeciw sobie;Współdziałają;Nie ma między nimi żadnych relacji;Stateczność wspomaga sterowność podłużną
2095;PL080-0381;"Czy sprawność ""h"" śmigła nieprzestawialnego może przyjmować wartość zerową? Jeżeli tak, to w jakim przypadku?";"- śmigło się obraca, a samolot ma prędkość ν=0; - na prędkości lotu ν tak dużej, że śmigło nie daje już ciągu";tylko wtedy, gdy śmigło się obraca, a samolot ma prędkość ν=0;tylko na prędkości lotu ν tak dużej, że śmigło nie daje już ciągu;h nie może przyjmować wartości zerowej
2096;PL080-0386;Gdy powietrze przepływa przez kanał o zmiennej powierzchni przekroju zmienia się w nim ciśnienie statyczne. Jak?;zmniejsza się przy maleniu powierzchni przekroju;zmniejsza się przy wzroście powierzchni przekroju;nie zmienia się wcale;zwiększa się przy maleniu powierzchni przekroju
2097;PL080-0388;Jak się zachowuje obiekt (samolot, śmigłowiec, lotnia etc) niestateczny dynamicznie po wytrąceniu z równowagi?;Obiekt wykonuje ruch, najczęściej harmoniczny, o rosnącej amplitudzie;Obiekt wykonuje ruch, najczęściej harmoniczny, o malejącej amplitudzie;Obiekt zachowuje położenie po wytrąceniu z równowagi;Obiekt przyjmuje pozycję coraz bardziej odległą od położenia równowagi
2098;PL080-0389;Jak się zachowuje obiekt (samolot, śmigłowiec, lotnia etc) stateczny dynamicznie po wytrąceniu z równowagi?;Obiekt wykonuje ruch, najczęściej harmoniczny, o malejącej amplitudzie;Obiekt zachowuje położenie, do którego doszedł po wytrąceniu z równowagi;Wykonuje ruch, najczęściej harmoniczny, o rosnącej amplitudzie;Natychmiast po ustaniu impulsu wytrącającego powraca do pozycji równowagi
2099;PL080-0390;Jak zachowuje się szkodliwy opór przy wzroście prędkości lotu?;Wzrasta z kwadratem prędkości;Pozostaje stały;Maleje proporconalnie do odwrotności prędkości;Waha się
2100;PL080-0391;Jak zachowuje się szkodliwy opór przy wzroście prędkości lotu?;Opór wzrasta z kwadratem prędkości;Opór pozostaje stały;Opór maleje proporcjonalnie do odwrotności prędkości;Opór waha się
2101;PL080-0392;Jak zmieni się siła odśrodkowa przy tej samej prędkości lotu w zakręcie jeśli zmniejszy się jego promień?;Zwiększy się;Zmniejszy się;Pozostanie bez zmiany;Zmaleje do zera
2102;PL080-0393;Jak zmieni się siła odśrodkowa przy tej samej prędkości lotu w zakręcie jeśli zmniejszy się jego promień?;Siła odśrodkowa zwiększy się;Siła odśrodkowa zmniejszy się;Siła odśrodkowa pozostanie bez zmiany;Siła odśrodkowa zmaleje do zera
2103;PL080-0396;Jak zmienia się prędkość minimalna i prędkość maksymalna lotu poziomego wraz ze wzrostem wysokości lotu?;υmin rośnieυmax maleje;υmin rośnieυmax rośnie;υmin malejeυmax maleje;υmin malejeυmax rośnie
2104;PL080-0402;Jakie zmiany położenia będą odpowiedzialne za wywoływanie momentu giroskopowego zespołu napędowego?;"- pochylanie; - odchylanie";"- pochylanie; - przechylanie";"- odchylanie; - przechylanie";"- rozpędzanie; - hamowanie"
2105;PL080-0403;Jeżeli autorotacja skrzydła nie zostanie zahamowana przez pilota, to:;samolot samoczynnie przejdzie w fazę lotu zwaną korkociągiem;samolot samoczynnie przejdzie w fazę lotu zwaną przeciągnięciem statycznym;samolot samoczynnie przejdzie w fazę lotu zwaną przeciągnięciem dynamicznym;samolot samoczynnie przejdzie w fazę ustalonego lotu nurkowego
2106;PL080-0404;Jeżeli posuw wzrasta to:;kąty natarcia poszczególnych przekrojów śmigła maleją;kąty natarcia poszczególnych przekrojów śmigła rosną;kąty natarcia poszczególnych przekrojów śmigła nie zmieniają się;kąty natarcia poszczególnych przekrojów śmigła osiągają wartości krytyczne
2107;PL080-0405;Jeżeli środek ciężkości samolotu pokrywa się ze środkiem równowagi obojętnej to:;samolot nie jest stateczny i nie jest niestateczny;samolot jest stateczny;samolot jest niestateczny;samolot jest niesterowny
2108;PL080-0406;Jeżeli środek ciężkości samolotu z profilem klasycznym znajduje się przed środkiem równowagi obojętnej to:;samolot jest stateczny;samolot jest niestateczny;samolot jest statycznie obojętny;samolot nie jest stateczny i nie jest niestateczny
2109;PL080-0407;Jeżeli środek ciężkości samolotu z profilem klasycznym znajduje się za środkiem równowagi obojętnej to:;samolot jest niestateczny;samolot jest niesterowny;samolot jest stateczny;samolot nie jest stateczny i nie jest niestateczny
2110;PL080-0408;Jeżeli znacznie zwiększymy prędkość lotu przy stałej prędkości obrotowej śmigła nieprzestawialnego , to:;kąt natarcia łopat śmigła zmaleje;kąt natarcia łopat śmigła nieznacznie wzrośnie;kąt natarcia łopat śmigła nie zmieni się;kąt natarcia łopat śmigła znacznie wzrośnie
2111;PL080-0409;Jeżeli znacznie zwiększymy prędkość obrotową śmigła nieprzestawialnego , przy stałej prędkości lotu, to:;kąt natarcia łopat śmigła wzrośnie;kąt natarcia łopat śmigła nieznacznie zmaleje;kąt natarcia łopat śmigła nie zmieni się;kąt natarcia łopat śmigła znacznie zmaleje
2112;PL080-0410;Kąty natarcia poszczególnych przekrojów śmigła osiągną wartość ujemną:;jeżeli posuw będzie odpowiednio duży;jeżeli posuw będzie ujemny;jeżeli posuw będzie równy zero;jeżeli posuw będzie równy jeden
2113;PL080-0411;Kiedy kąt natarcia śmigła α=0° ?;wtedy, kiedy poślizg śmigła S=0;wtedy, kiedy prędkość samolotu ν=0;wtedy, kiedy skok rzeczywisty śmigła Hrz=0;nigdy
2114;PL080-0412;Kiedy poślizg śmigła nieprzestawialnego w samolocie turystycznym jest równy skokowi geometrycznemu?;wtedy, kiedy prędkość samolotu ν=0;wtedy, kiedy kąt natarcia śmigła α=0°;nigdy;wtedy, kiedy posuw λ=1
2115;PL080-0413;Kiedy poślizg śmigła nieprzestawialnego w samolocie turystycznym wynosi zero?;wtedy, kiedy kąt natarcia śmigła α=0°;nigdy;wtedy, kiedy posuw λ=0;wtedy, kiedy prędkość samolotu ν=0
2116;PL080-0414;Kiedy skok geometryczny śmigła nieprzestawialnego w samolocie turystycznym jest równy skokowi rzeczywistemu?;wtedy, kiedy kąt natarcia śmigła α=0°;wtedy, kiedy prędkość samolotu ν=0;nigdy;wtedy, kiedy posuw λ=0
2117;PL080-0415;Kiedy skok geometryczny śmigła nieprzestawialnego w samolocie turystycznym wynosi zero?;nigdy;wtedy, kiedy posuw λ=0;wtedy, kiedy prędkość samolotu ν=0;wtedy, kiedy kąt natarcia śmigła α=0°
2118;PL080-0416;Kiedy skok rzeczywisty śmigła nieprzestawialnego w samolocie turystycznym wynosi zero?;wtedy, kiedy prędkość samolotu ν=0;wtedy, kiedy kąt natarcia śmigła α=0°;nigdy;wtedy, kiedy posuw λ=1
2119;PL080-0423;Która z wymienionych zmian nie jest spowodowana zwiększeniem siły ciągu silnika?;zmiana momentu zawiasowego lotek;zmiana wypadkowego momentu pochylającego samolot;zmiana kąta natarcia na usterzeniu poziomym;gwałtowna zmiana prędkości strug opływających usterzenie poziome
2120;PL080-0424;Które rozwiązanie konstrukcyjne nie służy do kompensacji zaśmigłowego momentu kierunkowego?;kompensacja aerodynamiczna steru kierunku;stała klapka wyważająca na sterze kierunku;odchylenie płaszczyzny usterzenia kierunku z płaszczyzny samolotu;zastosowanie profilu niesymetrycznego na usterzeniu kierunku
2121;PL080-0425;Który opis wielkości fizycznej charakteryzuje moc, którą dysponujemy?;- stosunek ilości wykonanej pracy do czasu jej wykonywania- jednostka wat [W];- iloczyn ilości wykonanej pracy i czasu jej wykonywania- jednostka wat [W];- stosunek ilości wykonanej pracy do czasu jej wykonywania- jednostka dżul [J];- iloczyn ilości wykonanej pracy i czasu jej wykonywania- jednostka dżul [J]
2122;PL080-0426;Który opis wielkości fizycznej charakteryzuje wykonaną pracę?;- iloczyn siły i drogi- jednostka dżul [J];- iloraz siły i drogi- jednostka dżul [J];- iloczyn siły i drogi- jednostka wat [W];- iloraz siły i drogi- jednostka wat [W]
2123;PL080-0427;Lot odbywa się na kącie natarcia, dla którego współczynnik siły oporu Cx ma wartość minimalną: α=αCx min. W wyniku niewielkiego zwiększenia kąta natarcia:;stosunek Cz/Cx wzrośnie;stosunek Cz/Cx zmaleje;stosunek Cz/Cx nie zmieni się;doskonałość płatowca nie zmieni się
2124;PL080-0428;Lot odbywa się na kącie natarcia, dla którego współczynnik siły oporu Cx ma wartość minimalną: α=αCx min. W wyniku niewielkiego zwiększenia kąta natarcia:;doskonałość płatowca wzrośnie;doskonałość płatowca zmaleje;doskonałość płatowca nie zmieni się;stosunek Cz/Cx zmaleje
2125;PL080-0429;Miarą stateczności statycznej jest pochodna Mx = dM/dx, zwana „pochodną momentu M względem zmiennej x”. Jaki znak pochodnej określa niestateczność?;Dodatni (+);Ujemny (-);Znak nie ma znaczenia;Zależy od zmiennej x
2126;PL080-0430;Mimośrodowość (decentracja) ciągu śmigła polega na tym, że:;oś wektora ciągu śmigła nie przechodzi przez środek ciężkości samolotu;oś wektora ciągu śmigła nie przechodzi przez środek wału napędowego silnika;oś wektora ciągu śmigła nie przechodzi przez środek aerodynamiczny samolotu;oś wektora ciągu śmigła nie przechodzi przez środek geometryczny samolotu
2127;PL080-0431;Mimośrodowość (decentracja) ciągu śmigła:;powoduje zmiany momentów odchylających i/lub pochylających samolot;powoduje zmiany momentów przechylających samolot;powoduje zmiany wyważenia poprzecznego samolotu;nie powoduje istotnych zmian wpływających na właściwości pilotażowe samolotu
2128;PL080-0433;Moment giroskopowy od zespołu napędowego zanika, gdy ustaje:;prędkość kątowa zmian;przyśpieszenie kątowe zmian;przyśpieszenie dośrodkowe zmian;przyśpieszenie odśrodkowe zmian
2129;PL080-0434;Moment odchylający samolot wywołany działaniem na usterzeniu siły aerodynamicznej wytworzonej przez niesymetryczny opływ zaśmigłowy nazywamy:;kierunkowym momentem zaśmigłowym;momentem oporowym;momentem giroskopowym;momentem mimośrodowym
2130;PL080-0435;Na małych prędkościach lotu największą sprawność uzyska śmigło:;o małym skoku geometrycznym;o dużym skoku geometrycznym;o małym skoku rzeczywistym;o dużym skoku rzeczywistym
2131;PL080-0436;Na rodzaj korkociągu główny wpływ mają następujące czynniki:;"-położenie środka ciężkości samolotu; - rozłożenie mas na samolocie; -usytuowanie i wielkość usterzeń";"-położenie środka ciężkości samolotu; - rozłożenie mas na samolocie; - ustawienie klapki wyważającej";"-rozłożenie mas na samolocie; - ustawienie klapki wyważającej ; - usytuowanie i wielkość usterzeń";"-ustawienie klapki wyważającej ; - położenie środka ciężkości samolotu; - usytuowanie i wielkość usterzeń"
2132;PL080-0438;Najmniejsze opadanie w locie ślizgowym ma samolot lecący z prędkością:;ekonomiczną;optymalną;minimalną;"różna, zależną od tego, czy leci „z wiatrem” czy „pod wiatr"""
2133;PL080-0439;Największą doskonałość podczas lotu ślizgowego w powietrzu spokojnym ma samolot lecący z prędkością:;optymalną;minimalną;Mc Credy’ego;ekonomiczną
2134;PL080-0444;Obciążeniem mocy nazywamy:;stosunek mocy silnika do ciężaru samolotu;stosunek mocy niezbędnej do ciężaru samolotu;stosunek ciężaru samolotu do mocy silnika;stosunek ciężaru samolotu do mocy niezbędnej
2135;PL080-0445;Objawem przejścia samolotu do lotu w fazie przeciągnięcia jest zazwyczaj:;"-występowanie drgań samolotu lub sterów; - samoczynne zwiększanie pochylenia";"-występowanie drgań samolotu lub sterów; -samoczynne zwiększanie prędkości postępowej";"-zmniejszanie prędkości opadania; - samoczynne zwiększanie prędkości postępowej";"-samoczynne zwiększanie pochylenia; - zmniejszanie prędkości opadania"
2136;PL080-0446;Opór interferencyjny powstaje w wyniku:;wzajemnego zaburzania opływu przez części sąsiadujące ze sobą;wzajemnego interferowania oporów szczelinowych powstających na płacie;powstawania wirów na końcach płata;interferencji falowej w przepływach poddźwiękowych
2137;PL080-0453;Pociągnięcie drążka na siebie powoduje:;"wzrost współczynnika obciążenia samolotu ""n""";"zmniejszenie współczynnika obciążenia samolotu ""n""";"wzrost współczynnika CZ , co powoduje spadek współczynnika obciążenia ""n""";zmianę wartości współczynnika obciążenia ‘n’ z dodatniego na ujemny
2138;PL080-0454;Podczas analizy stateczności samolotu niezbędne jest uwzględnienie:;równowagi sił i momentów działających na samolot;równowagi sił działających na samolot;równowagi momentów działających na samolot;tylko rozkładu mas na samolocie
2139;PL080-0455;Podczas odchylania samolotu moment giroskopowy zespołu napędowego:;powoduje pochylanie;powoduje dodatkowe odchylanie;nie powoduje istotnych zmian;powoduje przechylanie
2140;PL080-0456;Podczas pochylania samolotu moment giroskopowy zespołu napędowego:;powoduje odchylanie;powoduje przechylanie;powoduje dodatkowe pochylanie;nie powoduje dodatkowych zmian
2141;PL080-0457;Podczas podchodzenia do lądowania na samolocie z przestawianym skokiem śmigła:;po zmniejszeniu ciśnienia ładowania należy przestawić śmigło na mały skok;po zmniejszeniu ciśnienia ładowania należy przestawić śmigło na duży skok;po przestawieniu śmigła na mały skok należy zmniejszyć ciśnienie ładowania;po przestawieniu śmigła na mały skok należy zwiększyć ciśnienie ładowania
2142;PL080-0458;Podczas próby silnika przed startem (ν=0) posuw jest:;równy zero;większy od zera;mniejszy od zera;równy Y
2143;PL080-0459;Podczas przechylania samolotu moment giroskopowy zespołu napędowego:;nie powoduje istotnych zmian;powoduje odchylanie;powoduje pochylanie;powoduje dodatkowe przechylanie
2144;PL080-0460;Podczas ustalonego lotu prostoliniowego, obracające się śmigło stara się obrócić samolot w kierunku przeciwnym do kierunku obrotu śmigła momentem, który nazywamy:;momentem oporowym;momentem giroskopowym;momentem mimośrodowym;momentem napędowym
2145;PL080-0461;Podczas wykonywania manewrów pilot funkcjonuje w pętli sprzężenia zwrotnego, reagując na otrzymywane sygnały. Jakie to są główne sygnały?;Sygnały toru lotu i sygnały położenia;Drgania sterownic;Wrażenia akustyczne;Przeciążenia
2146;PL080-0462;Położenie środka parcia na profilu symetrycznym wraz ze wzrostem kąta natarcia:;jest stałe;przesuwa się do tyłu;przesuwa się do przodu;nie jest stałe i zależy od prędkości lotu
2147;PL080-0464;Poślizg śmigła jest to:;różnica między skokiem geometrycznym i rzeczywistym;różnica między skokiem rzeczywistym i geometrycznym;różnica między skokiem geometrycznym i posuwem śmigła;różnica między skokiem rzeczywistym i posuwem śmigła
2148;PL080-0467;Przeciągnięcie dynamiczne różni się od statycznego tym, że podczas przeciągnięcia dynamicznego:;następuje szybka zmiana kąta natarcia skrzydła;następuje powolna zmiana kąta natarcia skrzydła;samolot jest stateczny dynamicznie;samolot jest stateczny statycznie
2149;PL080-0468;Przeciągnięciem samolotu nazywamy stan w którym:;lot odbywa się na nadkrytycznym kącie natarcia;lot odbywa się na krytycznym kącie natarcia;lot odbywa się na podkrytycznym kącie natarcia;samolot nie reaguje na wychylenia sterów z powodu zbyt małej prędkości
2150;PL080-0470;Przyrost momentu pochylającego samolot ‘ΔM’ powstały w wyniku wychylenia drążka wynosi ΔM = ΔPzh * 1h, gdzie:;"lH – odległość między środkiem ciężkości samolotu i środkiem aerodynamicznym usterzenia poziomego; ΔPZH – przyrost siły nośnej na usterzeniu wysokości";"lH – odległość między środkiem aerodynamicznym skrzydła i środkiem aerodynamicznym usterzenia poziomego; ΔPZH – przyrost siły nośnej na usterzeniu wysokości";"lH – odległość między środkiem aerodynamicznym skrzydła i środkiem aerodynamicznym usterzenia poziomego; ΔPZH – przyrost siły aerodynamicznej na usterzeniu wysokości";"lH – odległość między środkiem ciężkości samolotu i środkiem aerodynamicznym usterzenia poziomego; ΔPZH – przyrost siły aerodynamicznej na usterzeniu wysokości"
2151;PL080-0471;Rozpatrując stateczność samolotu w układzie współrzędnych OXYZ zakładamy, że wszystkie trzy osie układu przechodzą przez:;środek ciężkości samolotu;środek aerodynamiczny płata;środek aerodynamiczny samolotu;środek równowagi obojętnej samolotu
2152;PL080-0472;Samolot leci w poziomie na prędkości ekonomicznej. W celu ustaleniu lotu poziomego z prędkością minimalną należy:;-zwiększyć kąt natarcia- zwiększyć moc silnika;-zwiększyć kąt natarcia-nie zmieniać mocy silnika;-zwiększyć kąt natarcia-zmniejszyć moc silnika;-nie zmieniać kąta natarcia-zmniejszyć moc silnika
2153;PL080-0473;Samolot podczas lotu w fazie przeciągnięcia jest:;niestateczny statycznie poprzecznie i podłużnie;niestateczny statycznie tylko podłużnie;niestateczny statycznie tylko poprzecznie;stateczny statycznie poprzecznie i podłużnie
2154;PL080-0474;Samolot w fazie autorotacji charakteryzuje się:;niestatecznością statyczną poprzeczną;zwiększoną statecznością statyczną poprzeczną;zmniejszoną statecznością statyczną poprzeczną;statecznością statyczną poprzeczną obojętną
2155;PL080-0475;Samoloty stosowane w lotnictwie sportowym są zazwyczaj konstruowane tak, aby:;po wejściu w korkociąg, był to korkociąg stromy;po wejściu w korkociąg, był to korkociąg płaski;nie dało się ich wprowadzić w korkociąg;momentalnie, samoczynnie następowało wyprowadzenie z korkociągu
2156;PL080-0477;Skok geometryczny śmigła to:;odległość jaką przebędzie samolot podczas jednego obrotu śmigła ustawionego na kącie natarcia α=0°;odległość jaką przebędzie samolot podczas jednego obrotu śmigła ustawionego na kącie natarcia α<0°;odległość jaką przebędzie samolot podczas jednego obrotu śmigła ustawionego na kącie natarcia α>0°;odległość jaką przebędzie samolot podczas jednego obrotu śmigła ustawionego na kącie natarcia równym kącie nastawienia α=ß
2157;PL080-0478;Skok rzeczywisty śmigła to:;odległość jaką przebędzie samolot podczas jednego obrotu śmigła;odległość jaką przebędzie samolot podczas jednego obrotu śmigła ustawionego na kącie natarcia α=0°, jeśli poślizg jest różny od zera;odległość jaką przebędzie samolot podczas jednego obrotu śmigła ustawionego na kącie natarcia równym kącie nastawienia α=ß;droga jaką przebędzie wybrany punkt na jednym z profili śmigła podczas jednego pełnego obrotu śmigła
2158;PL080-0481;Sprawność śmigła jest równa zeru tylko wtedy, kiedy:;ciąg śmigła T=0 lub posuw śmigła λ=0;ciąg śmigła T=0 i posuw śmigła λ=0;ciąg śmigła T=0;posuw śmigła λ=0
2159;PL080-0482;Stan równowagi , w której ciało się zwykle znajduje i do której powraca zawsze po wytrąceniu go ze stanu równowagi nazywamy:;równowagą stałą;równowagą chwiejną;równowagą obojętną;równowagą dynamiczną
2160;PL080-0483;Stateczność dynamiczna boczna zależy głównie od:;"- kąta wzniosu skrzydeł; - powierzchni usterzenia pionowego; - odległości środka aerodynamicznego usterzenia pionowego od środka ciężkości samolotu";"- kąta wzniosu skrzydeł; - powierzchni usterzenia pionowego; - wielkości usterzenia poziomego";"- powierzchni usterzenia pionowego; - wielkości usterzenia poziomego; - odległości środka aerodynamicznego usterzenia pionowego od środka ciężkości samolotu";"- wielkości usterzenia poziomego; - odległości środka aerodynamicznego usterzenia pionowego od środka ciężkości samolotu; - kąta wzniosu skrzydeł"
2161;PL080-0484;Stateczność dynamiczna podłużna zależy głównie od:;"- rozkładu mas na samolocie;- wielkości statecznika poziomego;- odległości środka aerodynamicznego usterzenia poziomego od środka ciężkości samolotu";"- rozkładu mas na samolocie; -wielkości statecznika poziomego; - wielkości usterzenia pionowego";"- wielkości statecznika poziomego; - wielkości usterzenia pionowego; - odległości środka aerodynamicznego usterzenia poziomego od środka ciężkości samolotu";"- wielkości usterzenia pionowego; - odległości środka aerodynamicznego usterzenia poziomego od środka ciężkości samolotu; - rozkładu mas na samolocie"
2162;PL080-0485;Stateczność dynamiczna to:;zdolność do samoczynnego powrotu samolotu do położenia równowagi, gdy przestaną działać zakłócenia;zdolność do zachowania stanu równowagi i przeciwdziałania jego zmianom;zdolność do zmiany stanu ustalonego lotu pod wpływem wychylenia odpowiedniego steru;zdolność do utrzymania kontroli nad samolotem na który działają zewnętrzne obciążenia dynamiczne
2163;PL080-0486;Stateczność statyczna kierunkowa zależy głównie od:;"- wielkości usterzenia pionowego; - odległości usterzenia od środka ciężkości";"- wielkości usterzenia pionowego; - powierzchni skrzydła";"- odległości usterzenia od środka ciężkości; - ciężaru samolotu";"- powierzchni skrzydła; - ciężaru samolotu"
2164;PL080-0487;Stateczność statyczna podłużna zależy głównie od:;"- położenia środka ciężkości samolotu; - wielkości statecznika poziomego; - odległości środka aerodynamicznego usterzenia poziomego od środka ciężkości samolotu";"- położenia środka ciężkości samolotu; - wielkości statecznika poziomego; - wielkości usterzenia pionowego";"- wielkości statecznika poziomego; - wielkość usterzenia pionowego; - odległości środka aerodynamicznego usterzenia poziomego od środka ciężkości samolotu";"- wielkość usterzenia pionowego; - odległości środka aerodynamicznego usterzenia poziomego od środka ciężkości samolotu; - położenia środka ciężkości samolotu"
2165;PL080-0488;Stateczność statyczna poprzeczna zależy głównie od:;"- kąta wzniosu skrzydła; - wielkości usterzenia pionowego; - układu grzbietopłata lub dolnopłata";"- kąta wzniosu skrzydła; - wielkości usterzenia pionowego; - położenia środka ciężkości samolotu";"- wielkości usterzenia pionowego; - położenia środka ciężkości samolotu; - układu grzbietopłata lub dolnopłata";"- położenia środka ciężkości samolotu; - układu grzbietopłata lub dolnopłata; - kąta wzniosu skrzydła"
2166;PL080-0489;Stateczność statyczna to:;zdolność do zachowania stanu równowagi i przeciwdziałania jego zmianom;zdolność do zmiany stanu ustalonego lotu pod wpływem wychylenia odpowiedniego steru;zdolność do utrzymania kontroli nad samolotem na który działają zewnętrzne obciążenia dynamiczne;zdolność do samoczynnego powrotu samolotu do położenia równowagi, gdy przestaną działać zakłócenia
2167;PL080-0490;Sterowność to:;zdolność do zmiany stanu ustalonego lotu pod wpływem wychylenia odpowiedniego steru;zdolność do wykonywania obszernych ruchów drążkiem sterowym i orczykami;zdolność do samoczynnego powrotu samolotu do położenia równowagi, gdy przestaną działać zakłócenia;zdolność do zachowania stanu równowagi i przeciwdziałania jego zmianom
2168;PL080-0495;Stosunek pracy wykonanej przez śmigło do mocy pobieranej przez śmigło od silnika nazywamy:;sprawnością śmigła;posuwem śmigła;poślizgiem śmigła;skokiem śmigła
2169;PL080-0496;"Stosunek prędkości lotu ‘ν’ do prędkości obwodowej danego przekroju śmigła ""u"" nazywamy:";posuwem;poślizgiem geometrycznym;poślizgiem aerodynamicznym;skokiem śmigła
2170;PL080-0497;Śmigło samolotu, w celu uzyskania jak największej sprawności, powinno:;być zwichrzone geometrycznie tak, aby kąt natarcia poszczególnych przekrojów w czasie lotu był podobny;być zwichrzone geometrycznie tak, aby kąt natarcia poszczególnych przekrojów wzrastał w miarę oddalania się od osi obrotu;być zwichrzone geometrycznie tak, aby kąt natarcia poszczególnych przekrojów malał w miarę oddalania się od osi obrotu;być zwichrzone geometrycznie tak, aby kąt natarcia poszczególnych przekrojów był zbliżony do krytycznego kata natarcia
2171;PL080-0498;W celu wyprowadzenia samolotu z fazy autorotacji należy w kolejności:;"-wychylić ster kierunku w stronę przeciwną do kierunku przechylania; - odepchnąć drążek sterowy";"-wychylić ster kierunku w stronę przeciwną do kierunku przechylania; - pociągnąć drążek sterowy";"-wychylić lotki w stronę przeciwną do kierunku przechylania; - pociągnąć drążek sterowy";"-wychylić lotki w stronę przeciwną do kierunku przechylania; - odepchnąć drążek sterowy"
2172;PL080-0499;W celu wyprowadzenia samolotu z fazy przeciągnięcia do lotu ustalonego należy:;zwiększyć siłę nośną na skrzydle poprzez oddanie drążka sterowego;zwiększyć siłę nośną na skrzydle poprzez pociągnięcie drążka sterowego;zmniejszyć siłę nośną na skrzydle poprzez pociągnięcie drążka sterowego;zmniejszyć siłę nośną na skrzydle poprzez oddanie drążka sterowego
2173;PL080-0500;W celu wyprowadzenia samolotu z korkociągu należy w kolejności:;"-wychylić ster kierunku w stronę przeciwną do kierunku przechylania; - odepchnąć drążek sterowy; -po ustaniu obrotów rozpędzić samolot i wyprowadzić z lotu nurkowego";"-wychylić ster kierunku w stronę przeciwną do kierunku przechylania; - pociągnąć drążek sterowy; -po ustaniu obrotów rozpędzić samolot i wyprowadzić z lotu nurkowego";"-wychylić lotki w stronę przeciwną do kierunku przechylania; - pociągnąć drążek sterowy; -po ustaniu obrotów rozpędzić samolot i wyprowadzić z lotu nurkowego";"-wychylić lotki w stronę przeciwną do kierunku przechylania; - odepchnąć drążek sterowy; -po ustaniu obrotów rozpędzić samolot i wyprowadzić z lotu nurkowego"
2174;PL080-0504;W celu zmniejszenia pochylenia samolotu:;wektor przyrostu siły nośnej na usterzeniu poziomym musi mieć zwrot „w dół”;należy wychylić ster wysokości w dół;przyrost momentu pochylającego samolot musi mieć wartość dodatnią;należy wychylić drążek sterowy od siebie
2175;PL080-0505;W celu zwiększenia pochylenia samolotu:;należy wychylić drążek sterowy od siebie;przyrost momentu pochylającego samolot musi mieć wartość do ujemną;należy wychylić ster wysokości do góry;wektor przyrostu siły nośnej na usterzeniu poziomym musi mieć zwrot „w dół”
2176;PL080-0506;W celu zwiększenia pochylenia samolotu:;należy wychylić ster wysokości w dół;należy wychylić drążek sterowy na siebie;przyrost momentu pochylającego samolot musi mieć wartość do ujemną;wektor przyrostu siły nośnej na usterzeniu poziomym musi mieć zwrot „w dół”
2177;PL080-0507;W celu zwiększenia pochylenia samolotu:;wektor przyrostu siły nośnej na usterzeniu poziomym musi mieć zwrot „w górę”;należy wychylić drążek sterowy na siebie;należy wychylić ster wysokości do góry;przyrost momentu pochylającego samolot musi mieć wartość do ujemną
2178;PL080-0509;W jakim dokumencie zawarte są informacje o osiągach statku powietrznego (śmigłowca, samolotu etc)?;W instrukcji użytkowania w locie;W technicznym opisie obsługi;W biuletynach bezpieczeństwa IKCSP;W rozporządzeniach Urzędu Lotnictwa Cywilnego
2179;PL080-0510;W przypadku, gdy kąt natarcia śmigła jest równy kątowi nastawienia łopat śmigła (α=Β), prawdą jest, że:;"- posuw śmigła λ=0; -skok rzeczywisty śmigła Hrz=0";"- posuw śmigła λ=0; -skok rzeczywisty i geometryczny śmigła są sobie równe Hrz=H";"- posuw śmigła λ=0; - poślizg śmigła S=0";"- prędkość samolotu ν=0; - poślizg śmigła S=0"
2180;PL080-0511;W spokojnym powietrzu, optymalny kąt toru lotu ślizgowego z wyłączonym silnikiem ‘ϒ’, podczas wzrostu ciężaru samolotu:;pozostaje niezmieniony;wzrasta;maleje;zmienia się i można go odczytać wykreślając biegunową samolotu
2181;PL080-0512;W ustalonym locie poziomym prostoliniowym współczynnik obciążenia samolotu n wynosi:;n=1;n=0;0<n<1;n>1
2182;PL080-0513;W ustalonym zakręcie współczynnik obciążenia samolotu n wynosi:;n>1;n=1;n=0;0<n<1
2183;PL080-0514;W wyniku niewielkiego zwiększania kąta natarcia α=α optymalne :;procentowe zwiększenie Cx będzie większe od procentowego zwiększenia Cz;procentowe zwiększenie Cz będzie większe od procentowego zwiększenia Cx;procentowe zwiększenie Cx będzie takie same jak procentowe zwiększenia Cz;doskonałość profilu nieznacznie wzrośnie
2184;PL080-0515;W wyniku niewielkiego zwiększania kąta natarcia α=α optymalne :;stosunek Cz/Cx zmaleje;stosunek Cz/Cx wzrośnie;stosunek Cz/Cx nie zmieni się;doskonałość profilu nieznacznie wzrośnie
2185;PL080-0516;W wyniku niewielkiego zwiększania kąta natarcia α=α optymalne :;doskonałość profilu zmaleje;doskonałość profilu wzrośnie;doskonałość profilu nie zmieni się;stosunek Cz/Cx wzrośnie
2186;PL080-0519;Wychylenie lotek w lewo podczas lotu w fazie przeciągnięcia spowoduje:;przechylenie się samolotu w prawo i rozpoczęcie autorotacji;przechylenie się samolotu w lewo;przechylanie się samolotu w prawo do chwili powrotu drążka do neutrum;"przechylenie się samolotu w lewo; do chwili powrotu drążka do neutrum"
2187;PL080-0520;Wychyleniu klap towarzyszy zwykle:;"- wzrost Cz; - wzrost Cx; - spadek doskonałości samolotu";"- wzrost Cz; - wzrost Cx; - wzrost doskonałości samolotu";"- wzrost Cz; - wzrost Cx; - nie zmieniona doskonałość samolotu";- tylko wzrost Cz i doskonałości samolotu
2188;PL080-0522;Wykres zależności Cz = f(Cx) wykonany na podstawie pomiarów w czasie lotu nazywamy:;biegunową samolotu;biegunową prędkości samolotu;biegunową profilu;biegunową skrzydła
2189;PL080-0524;Z jaka właściwością związany jest spadek prędkości powietrza w warstwie przyściennej profilu lotniczego;lepkością powietrza;gęstością powietrza;bezwładnością powietrza;chwiejnością powietrza
2190;PL080-0526;Zaleca się, aby zmiana mocy z przelotowej na nominalną (śmigło o przestawianym skoku) odbywała się w następujący sposób:;zmniejszenie skoku śmigła, a później zwiększenie ciśnienia ładowania;zmniejszenie ciśnienia ładowania, a później zwiększenie skoku śmigła;zwiększenie skoku śmigła, a później zmniejszenie ciśnienia ładowania;zwiększenie ciśnienia ładowania, a później zmniejszenie skoku śmigła skoku śmigła
2191;PL080-0527;Zaleca się, aby zmiana mocy ze startowej na nominalną (śmigło o przestawianym skoku) odbywała się w następujący sposób:;zmniejszenie ciśnienia ładowania, a później zwiększenie skoku śmigła;zwiększenie skoku śmigła, a później zmniejszenie ciśnienia ładowania;zwiększenie ciśnienia ładowania, a później zmniejszenie skoku śmigła;zmniejszenie skoku śmigła, a później zwiększenie ciśnienia ładowania
2192;PL080-0528;Zapas stateczności statycznej podłużnej samolotu to:;odległość pomiędzy środkiem ciężkości samolotu i środkiem równowagi obojętnej;odległość pomiędzy środkiem ciężkości samolotu i środkiem aerodynamicznym płata;odległość pomiędzy środkiem równowagi obojętnej i środkiem aerodynamicznym płata;odległość pomiędzy środkiem aerodynamicznym usterzenia i środkiem aerodynamicznym płata
2193;PL080-0529;Zdolność do samoczynnego powrotu samolotu do położenia równowagi, gdy przestaną działać zakłócenia, które tę równowagę naruszyły nazywamy:;statecznością dynamiczną;statecznością statyczną;stabilnością statyczną;sterownością dynamiczna
2194;PL080-0530;Zwichrzenie aerodynamiczne płata charakteryzuje się tym, że:;na końcówkach płata stosuje się profile, na których oderwanie strug dla αkryt jest mniej intensywne;cięciwy profilów geometrycznych w kolejnych przekrojach nie leżą w jednej płaszczyźnie;końcówki płata wygięte są w dół, jeżeli prędkość napływu strug υ=0;końcówki płata wygięte są w górę podczas lotu
2195;PL080-0531;Zwichrzenie geometryczne płata charakteryzuje się tym, że:;cięciwy profili geometrycznych w kolejnych przekrojach nie leżą w jednej płaszczyźnie;końcówki płata wygięte są w dół, jeżeli prędkość napływu strug υ=0;końcówki płata wygięte są w górę podczas lotu;na końcówkach płata stosuje się profile, na których oderwanie strug dla αkryt jest mniej intensywne
2196;PL080-0532;Zwiększenie obciążenia jednostkowego powierzchni powoduje:;- wydłużenie długości startu i lądowania- wzrost prędkości minimalnej- spadek maksymalnej prędkości wznoszenia;- skrócenie długości startu i lądowania- wzrost prędkości minimalnej- spadek maksymalnej prędkości wznoszenia;- wydłużenie długości startu i lądowania- spadek prędkości minimalnej- spadek maksymalnej prędkości wznoszenia;- wydłużenie długości startu i lądowania- wzrost prędkości minimalnej- wzrost maksymalnej prędkości wznoszenia
2197;PL080-0676;Stała gazowa powietrza jest:;miarą pracy wykonanej przez 1 mol powietrza ogrzanego o 1 Kelwin i wynosi 287 [J/kg0];miarą pracy wykonanej przez 1 mol powietrza ogrzanego o 1 0C i wynosi 715 [J/kg];miarą ciśnienia i wynosi 2419 [N/m2];miarą gęstości i wynosi 0,3 [kg/m3]
2198;PL080-0677;Podczas przemiany propanu ze stanu ciekłego w gazowy, gaz;Pochłania ciepło z otoczenia;Oddaje ciepło do otoczenia;Nie zachodzi wymiana cieplna;Początkowo oddaje, a później pobiera ciepło z otoczenia
2199;PL080-0678;Wraz ze wzrostem temperatury gęstość powietrza:;Maleje;Rośnie;Nie zmienia się;Na przemian maleje i rośnie
2200;PL080-0679;Wraz ze spadkiem temperatury gęstość powietrza:;Rośnie;Maleje;Na przemian maleje i rośnie;Nie zmienia się
2201;PL080-0680;Ciśnienie propanu technicznego dla temperatury 0 0C wynosi w przybliżeniu:;0,38 MPa;1,5 MPa;7,3 MPa;20 MPa
2202;PL080-0681;Ciśnienie propanu technicznego dla temperatury 15 0C wynosi w przybliżeniu:;0,65 Mpa;14 Mpa;3,8 bar;0,2 Mpa
2203;PL080-0682;Wraz ze spadkiem ciśnienia otaczającego powietrza siła nośna balonu:;maleje;Rośnie;nie zmienia się;początkowo rośnie, a następnie maleje
2204;PL080-0683;Wraz ze wzrostem ciśnienia atmosferycznego siła nośna balonu:;rośnie;maleje;nie zmienia się;początkowo maleje, a następnie rośnie
2205;PL080-0684;Wraz ze wzrostem temperatury w powłoce i stałym ciśnieniu oraz temperaturze otaczającego powietrza, siła nośna balonu:;rośnie;maleje;nie zmienia się;rośnie do temperatury 110 0C, a następnie maleje
2206;PL080-0685;Wraz ze spadkiem temperatury w powłoce i stałym ciśnieniu oraz temperaturze otaczającego powietrza, siła nośna balonu:;maleje;Rośnie;nie zmienia się;maleje do temperatury 100 0C, a następnie maleje
2207;PL080-0686;Wraz ze wzrostem temperatury w powłoce balonu straty cieple:;rosną;Maleją;nie zmieniają się;rosną, ale tylko w zakresie temperatur 100 [K] – 135 [K]
2208;PL080-0687;Wraz ze spadkiem temperatury w powłoce balonu straty cieplne:;maleją;Rosną;nie zmieniają się;maleją, ale tylko w zakresie temperatur 115 [K] – 130 [K]
2209;PL080-0688;Przy większej pojemności powłoki i przy takiej samej temperaturze powietrza w powłoce całkowita siła nośna balonu:;jest większa;jest mniejsza;jest taka sama;między pojemnością powłoki, a całkowitą siłą nośną balonu nie zachodzi żaden związek
2210;PL080-0689;Przy mniejszej pojemności powłoki całkowita siła nośna balonu przy takiej samej temperaturze powietrza w powłoce:;jest mniejsza;jest większa;jest taka sama;między pojemnością powłoki, a całkowitą siłą nośną balonu nie zachodzi żaden związek
2211;PL080-0690;Przy spadku temperatury ciśnienie gazu w butlach paliwowych:;maleje;Rośnie;nie ulega zmianie;między temperaturą, a ciśnieniem gazu w butlach paliwowych nie zachodzi żaden związek
2212;PL080-0691;Przy wzroście temperatury ciśnienie gazu w butlach paliwowych:;rośnie;Maleje;nie ulega zmianie;między temperaturą, a ciśnieniem gazu w butlach paliwowych nie zachodzi żaden związek
2213;PL080-0692;Dla balonów na ogrzane powietrze stosowanie propanu jest bardziej pożądane niż butanu ponieważ propan:;posiada niższą temperaturę parowania;wolniej paruje;jest mniej wybuchowy;jest tańszy
2214;PL080-0693;Ciśnienie w układzie SI wyrażane jest w:;Pascalach – [Pa];Milimetrach słupa rtęci - [mmHg];Belach - [b];Amperach - [A]
2215;PL080-0694;Jeden MPa równy jest:;10 bar;1 bar;0,1 bar;100 bar
2216;PL080-0695;Mieszanina propan / butan w porównaniu do propanu technicznego daje wskazanie ciśnienia na manometrze palnika:;niższe;Wyższe;Bez zmian;Wyższe, ale pod warunkiem, że propan butan stanowi nie mniej niż 60% mieszaniny
2217;PL080-0696;15 0C to:;288 [K];75 [K];300 [K];-20 [K]
2218;PL080-0697;Skrót ISA oznacza;Międzynarodową Atmosferę Wzorcową dla której przyjmuje się temperaturę 15 stopni C i ciśnienie 1013,2 hPa;Międzynarodową Atmosferę Wzorcową dla której przyjmuje się temperaturę 0 stopni C i ciśnienie 1030,25 hPa;Międzynarodową Atmosferę Wzorcową dla której przyjmuje się temperaturę 0 stopni C i ciśnienie 1000,0 hPa;Maksymalny ciężar startowy
2219;PL080-0698;Gęstość powietrza w powłoce balonu podczas wznoszenia w porównaniu z gęstością otaczającego powietrza jest;Mniejsza;Większa;Taka sama;Nie można tego określić
2220;PL080-0699;Gęstość powietrza w powłoce balonu podczas opadania w porównaniu z gęstością otaczającego powietrza jest;Większa;Mniejsza;Taka sama;Nie można tego określić
2221;PL080-0700;Balon utrzymuje się w powietrzu na zasadzie prawa;Archimedesa;Bernouliego;Pitagorasa;Talesa
2222;PL080-0701;Całkowita siła nośna jest:;Iloczynem jednostkowej siły nośnej i pojemności powłoki;Ilorazem jednostkowej siły nośnej i pojemności powłoki;Sumą jednostkowej siły nośnej i pojemności powłoki;Średnią arytmetyczną jednostkowej siły nośnej i pojemności powłoki
2223;PL080-0702;Jednostką temperatury w układzie SI jest:;1 Kelwin [K];1 stopień Celsjusza [0C];1 stopień Farenhaita [F];1 Pascal [Pa]
2224;PL080-0703;Balon w czasie lotu podlega tylko siłom aerostatycznym gdy:;przemieszcza się z prędkością i kierunkiem masy powietrza w której się znajduje;Przemieszcza się szybciej niż masa powietrza w której się znajduje;Przemieszcza się wolniej niż masa powietrza w której się znajduje;Balon w czasie lotu poziomego nie podlega siłom aerostatycznym
2225;PL080-0704;Balon w czasie lotu podlega jednocześnie siłom aerostatycznym i aerodynamicznym gdy:;Przemieszcza się z inną prędkością lub kierunkiem niż masa w której się znajduje;przemieszcza się z prędkością i kierunkiem masy powietrza w której się znajduje;Balon w czasie lotu nie może podlegać jednocześnie siłom aerodynamicznym i aerostatycznym;Balon nigdy nie podlega siłom aerodynamicznym
2226;PL090-0001;Kolejność czynności podczas nadawania korespondencji to:;Przygotowanie treści , wciśnięcie przycisku nadawania i (po chwili) rozpoczęcie transmisji, zakończenie transmisji i ( po chwili) zwolnienie przycisku nadawania;Sprawdzenie mikrofonu i nadawanie treści natychmiast aż do zakończenia meldunku;Włączenie mikrofonu, ustawienie wzmocnienia i wyłączenie podsłuchu własnego nadawania, przekazanie treści;Weryfikacja treści komunikatu i bezzwłoczne rozpoczęcie transmisji do czasu przerwy w nadawaniu
2227;PL090-0002;Pilot zmienia ustawienie częstotliwości radiostacji gdy:;W przestrzeni kontrolowanej: gdy otrzymał polecenie organu kontroli ruchu lotniczego. W przestrzeni niekontrolowanej: gdy zamierza wejść w przestrzeń innej właściwej terytorialnie służby ruchu lotniczego lub gdy otrzymał polecenie służby, u której obecnie pozostaje na łączności;Uzna, że powinien zmienić częstotliwość odpowiednią do trasy;Występują zakłócenia na częstotliwości podstawowej;Nie ma odpowiedzi na pierwsze wywołanie
2228;PL090-0003;Gdy na pierwsze wywołanie stacji naziemnej przez pilota nie ma odpowiedzi od tej stacji to należy:;Ponowić wywołanie nie wcześniej niż po 10 sekundach i jeśli wtedy brak odpowiedzi upewnić się czy wybrano właściwą częstotliwość;Poczekać na wywołanie przez stację naziemną;Zmienić częstotliwość;Wywołać inny statek powietrzny na tej samej częstotliwości
2229;PL090-0004;Literę “O” wymawia się jako:;Oscar;Ontario;Oklahoma;Ohio
2230;PL090-0005;Literę „F” wymawia się jako:;Foxtrot;Fox;Frank;Florida
2231;PL090-0006;Literę „R” wymawia się jako:;Romeo;Radio;Roger;Rover
2232;PL090-0007;Literowanie stosujemy m.in. podczas przekazywania:;Znaku wywoławczego innego niż oznacznik linii lotniczej, niektórych skrótów i słów trudnych;Chcemy umożliwić zapisanie treści depeszy;Nie jest istotne tempo nadawania w małym natężeniu ruchu lotniczego;W korespondencji występują więcej niż dwie nazwy punktów meldunkowych
2233;PL090-0008;Łączność radiotelefoniczna w lotnictwie służy do:;Wzajemnego komunikowania się personelu latającego i naziemnego;Przekazywania pleceń pilotom przez kontrolera wieży;Przekazywania wyłącznie informacji handlingowych pilotom przez uprawnione osoby;Komunikowania się kontrolera wieży z obsługą naziemną lotniska
2234;PL090-0009;Mówiąc do mikrofonu należy:;Utrzymywać stałe natężenie głosu i właściwą odległość ust od mikrofonu;Trzymać mikrofon w polu widzenia;Mówić głośno i szybko;Mieć przed oczami tekst korespondencji
2235;PL090-0010;Procedura sprawdzenia łączności polega na:;Nawiązaniu dwustronnej łączności na określonej częstotliwości i wymianie raportów o czytelności transmisji;Wywołaniu stacji naziemnej z powietrza i uzyskaniu odpowiedzi na wywołanie;Włączeniu radiostacji i wywołaniu dowolnej stacji radiowej;Wywołaniu stacji naziemnej na wszystkich opublikowanych częstotliwościach
2236;PL090-0011;Przed rozpoczęciem każdego nadawania należy:;Upewnić się czy częstotliwość nie jest zajęta przez inną transmisje;Przeprowadzić łączność sprawdzającą;Ustawić częstotliwość zapasową;Włączyć podsłuch własnego nadawania
2237;PL090-0012;Przerwanie innej korespondencji jest dozwolone jedynie gdy:;Stacja lotnicza znajduje się w niebezpieczeństwie lub sytuacji naglącej;Nie jest dozwolone do czasu zakończenia korespondencji;Wymaga szczególnej autoryzacji ULC;Status lotu daje taki przywilej
2238;PL090-0013;System pracy sieci radiotelefonicznej w lotnictwie to:;System Simplex;System Duplex (dupleks);System Półdupleks;System konferencyjny
2239;PL090-0014;Transmisje niedozwolone to:;Transmisje zbędne, anonimowe, o charakterze prywatnym, zakłócające prowadzenie innej korespondencji;Transmisje rozwlekłe, przerywane, zawierające treści nie związane z wykonywanym zadaniem lotniczym;Transmisje nadawane zbyt szybko, bez użycia standardowej frazeologii;Transmisje pomiędzy pilotami bez powiadomienia służb naziemnych
2240;PL090-0015;Treść korespondencji od stacji naziemnej zawierająca zezwolenia, instrukcje, parametry lotu i inne ważne informacje winna być:;Potwierdzona przez pilota poprzez powtórzenie całości korespondencji i podanie swojego znaku wywoławczego;Powinna być potwierdzona sformułowaniem „Roger” lub „Zrozumiałem”;Nie wymaga potwierdzenia;Pilot decyduje o sposobie potwierdzenia odebrania korespondencji
2241;PL090-0016;Wywołanie w niebezpieczeństwie powinno zawierać co najmniej:;Trzykrotne wywołanie MAYDAY, podanie swojego znaku wywoławczego,rodzaj niebezpieczeństwa, pozycję i parametry lotu, zamiary dowódcy statku powietrznego, rodzaj oczekiwanej pomocy na częstotliwości, na której prowadzono korespondencję lub jeśli niemożliwe, na 121,500 MHz;Słowo MAYDAY, swój znak wywoławczy i rodzaj zagrożenia nadane na częstotliwości radiowej przydzielonej dla danej trasy;Słowo MADAY nadane trzykrotnie na częstotliwości 121,500 MHz;Znak wywoławczy, określenie zagrożenia, pozycję samolotu, zamiary dowódcy na dostępnej częstotliwości radiowej
2242;PL090-0017;Znak wywoławczy SP-AHN można skrócić do:;SHN;HN;AHN;SN
2243;PL090-0018;Nadawanie „ na ślepo” to:;Procedura specjalna w przypadku braku odbioru ze stacji, z którą chcemy się skomunikować polegająca na dwukrotnym przekazaniu treści depeszy na częstotliwości podstawowej i zapasowej z użyciem słów „Nadaję na ślepo”;Nadawanie komunikatów nie wymagających potwierdzenia odbioru;Nadawanie komunikatów do wszystkich zainteresowanych ( rozgłaszanie);Procedura wykonania lotu w warunkach IMC wraz z utratą łączności
2244;PL090-0019;Uzyskanie raportu czytelności transmisji ( w skali 1 – 5) o wartości 3 i mniejszej podczas łączności sprawdzającej spowoduje, że:;Pilot nie podejmie czynności lotniczych przed startem do czasu usunięcia usterki radiostacji przez służby techniczne i wykona ponowne sprawdzenie łączności;Pilot zgłosi ten fakt służbom technicznym i wykona lot wykorzystując radiostację zapasową;Pilot uzna, że warunki łączności na ziemi są gorsze od warunków w powietrzu i podejmie czynności lotnicze;Pilot będzie starał się sam naprawić radiostacje i sprawdzić jej działanie w powietrzu
2245;PL090-0022;Znak wywoławczy „Gdańsk Zbliżanie” oznacza:;Organ kontroli zbliżania Gdańsk;Kontrolę podejścia w Gdańsku;Służbę zbliżania statków powietrznych w Gdańsku;System podejścia do lądowania w Gdańsku
2246;PL090-0044;Rodzaj emisji stosowany w lotniczej łączności VHF to:;A3E;J3F;A2A;A1N
2247;PL090-0045;Jeśli stacja pokładowa utraciła łączność ze stacją naziemną właściwą dla obszaru, w którym się znajduje to:;Powinna nadawać „na ślepo” na częstotliwości pracy stacji naziemnej;Włączyć odbiornik;powinna przerwać nadawanie ze względu na możliwość zakłócania innych stacji;Powinna nadawać na innej dowolnej częstotliwości
2248;PL090-0046;Międzynarodową lotniczą częstotliwością w niebezpieczeństwie dla radiotelefonii jest:;121,500 MHz;120,100 MHz;124,500 MHz;123,450 MHz
2249;PL090-0047;W języku polskim liczbę 1 w lotniczej łączności radiotelefonicznej wymawia się jako:;JEDEN, a w warunkach słyszalności innej niż bardzo dobra - JEDYNKA;Raz;Jeden;Pierwszy
2250;PL090-0048;Sygnałem radiotelefonicznym w lotnictwie informującym o niebezpieczeństwie jest:;MAYDAY;PAN PAN;BREAK BREAK;REPORT
2251;PL090-0049;W łączności radiotelefonicznej stosowanie skróconych znaków wywoławczych przez stację pokładową jest:;Dozwolone po wywołaniu jej w ten sposób przez stację naziemną;Zabronione;Obowiązakowe;Zawsze dozwolone
2252;PL090-0050;Główna częstotliwość radiowa to:;Podstawowa częstotliwość do łączności z organem ATS;123,450 MHz;Częstotliwość w niebezpieczeństwie;118,000 MHz
2253;PL090-0051;Transmisja stacji naziemnej do statku powietrznego wykonującego operację startu lub końcowej części podejścia :;Może być kierowana tylko ze względów bezpieczeństwa;Może być kierowana zawsze;Nie może być kierowana nigdy;Nie istnieją regulacje w tym zakresie
2254;PL090-0052;Do łączności typu powietrze- powietrze przeznaczona jest częstotliwość:;123,450 MHz;243,000 MHz;136,000 MHz;118,000 MHz
2255;PL090-0053;Przyrostek znaku wywoławczego „KONTROLA” oznacza:;Kontrolę obszaru;Kontrolę zbliżania;Kontrolę lotniska;Kontrolę ruchu naziemnego
2256;PL090-0054;W polskiej przestrzeni powietrznej dopuszczalna separacja miedzy kanałami radiowymi w łączności radiotelefonicznej VHF to:;8,33/25 kHz;25/83,3 kHz;50/100 kHz;25/50 kHz
2257;PL090-0055;Skrót RMZ oznacza:;Strefę obowiązkowej łączności radiowej;Strefę ruchu lotniskowego;Strefę ograniczonego ruchu;Strefę kontroli radarowej
2258;PL090-0056;Zmiana znaku wywoławczego przez statek powietrzny:;Jest dozwolona na polecenie organu kontroli ruchu lotniczego;Jest bezwzględnie zakazana;Jest zawsze dozwolona;Jest dozwolona na prośbę pilota statku powietrznego
2259;PL090-0057;Cywilna służba ruchoma lotnicza wykorzystuje do łączności głosowej w paśmie VHF zakres częstotliwości radiowych:;118-136,975 MHz;108-117,975 MHz;108-117,975 kHz;118-136,975 kHz
2260;PL090-0058;Przykładem wiadomości rozsyłanej przez lotniczą służbę rozgłaszania jest nadawanie komunikatu:;ATIS;AIP;NOTAM;AFTN
2261;PL090-0059;Wymiana korespondencji w sytuacjach naglących może odbywać się:;Na częstotliwości, na której została rozpoczęta, na częstotliwości 121,5 MHz, a w razie potrzeby na dowolnej dostępnej częstotliwości;Tylko na częstotliwości niebezpieczeństwa;Tylko na częstotliwości, na której została rozpoczęta bez możliwości jej zmiany;Na dowolnie wybranej częstotliwości
2262;PL090-0061;Podczas kontroli stacji radiowej stosuje się skalę słyszalności:;5 stopniową;4 stopniową;3 stopniową;10 stopniową
2263;PL090-0062;Urządzenie łączności radiowej na lotnisku, które nie zapewnia służb ruchu lotniczego, stosuje znak wywoławczy zawierający przyrostek:;RADIO;WIEŻA;INFORMACJA;KONTROLA
2264;PL090-0063;Korespondencja radiotelefoniczna pomiędzy stacją naziemną a stacją pokładową odbywa się w języku:;Zwykle stosowanym przez stację naziemną lub angielskim;Tylko angielskim;Dowolnym, w zależności od preferencji stacji pokładowej;Tylko zwykle stosowanym przez stację naziemną
2265;PL090-0064;Jeśli operator radiostacji popełni błąd podczas nadawania, to będzie wypowiadać wyrażenie:;POPRAWIAM;NIEPRAWIDŁOWO;POWTARZAM;POMIŃ
2266;PL090-0065;We frazeologii lotniczej wyrażenie „TAK BĘDZIE” oznacza:;Zrozumiałem twoją depeszę i będę stosować się do niej;Tak;Skończyłem nadawanie i oczekuję odpowiedzi;Zezwala się na kontynuowanie lotu w określonych warunkach
2267;PL090-0066;Jeśli wykorzystywane są częstotliwości VHF z separacją 8,33 kHz to do identyfikacji kanału należy stosować:;6 cyfr;5 cyfr;4 cyfry;3 cyfry
2268;PL090-0067;Fale radiowe z zakresu VHF:;Rozchodzą się prawie prostoliniowo i ulegają rozpraszaniu i tłumieniu w troposferze;Ulegają dyfrakcji i tłumieniu w jonosferze;Ulegają odbiciu od jonosfery i tłumieniu przez powierzchnię ziemi;Ulegają dużej dyfrakcji i odbiciu od jonosfery
2269;PL090-0068;W lotniczej łączności radiotelefonicznej stosowane są najczęściej anteny o charakterystyce:;Dookólnej;Kierunkowej;Fazowej;Obrotowej
2270;PL090-0069;W lotniczej łączności radiotelefonicznej stosowana jest modulacja:;Amplitudy;Fazy;Impulsowo-kodowa;Częstotliwości
2271;PL090-0070;Informację o poziomie lotu FL 240 należy nadać w następujący sposób:;POZIOM LOTU DWA CZTERY ZERO;POZIOM LOTU DWADZIEŚCIA CZTERY ZERO;POZIOM LOTU DWIEŚCIE CZTERDZIEŚCI;FL DWA CZTERY ZERO
2272;PL090-0071;W lotniczej łączności radiotelefonicznej literę Q wymawia się jako:;Kebek;Kju;Kłoter;Kłejker
2273;PL090-0072;W lotniczej łączności radiotelefonicznej stosowane są anteny o polaryzacji:;Pionowej;Biegunowej;Kołowej;Poziomej
2274;PL090-0073;W lotniczej łączności radiotelefonicznej literę B wymawia się jako:;BRAVO;BETA;BARBARA;BROWN
2275;PL090-0074;Wymianę korespondencji radiotelefonicznej stacja odbiorcza zakańcza przez:;Nadanie swojego sygnału wywoławczego;nadanie sygnału wywoławczego stacji nadawczej;potwierdzenie odbioru transmisji;Nadanie sygnału ODBIÓR
2276;PL090-0075;Nadawanie wiadomości dotyczących żeglugi powietrznej, które nie są adresowane do określonej stacji to:;Rozgłaszanie;Łączność powietrze- powietrze;Łączność w kierunku powietrza;Łączność powietrze – ziemia
2277;PL090-0076;Do identyfikacji stacji lotniczej w ruchomej służbie lotniczej są używane:;Nazwa lokalizacji i nazwa właściwego organu lub służby;Wskaźnik lokalizacji;Oznacznik telefoniczny;Adres AFTN
2278;PL090-0077;Spośród poniższych depesz najniższą kategorię pierwszeństwa posiada:;Depesza meteorologiczna;Depesza dotycząca bezpieczeństwa lotów;Depesza pilna;Depesza o niebezpieczeństwie
2279;PL090-0078;Zasięg radiowy stacji lotniczej zależy przede wszystkim od:;Wysokości anteny nadawczej;Mocy nadajnika;Typu anteny;Częstotliwości radiowej
2280;PL099-0001;Badanie wypadków i incydentów lotniczych ma na celu:;Wyjaśnienie okoliczności i przyczyn oraz wypracowanie zaleceń profilaktycznych;Wyjaśnienie okoliczności i przyczyn oraz wypracowanie zaleceń profilaktycznych oraz wskazanie winnych zdarzenia;Wyjaśnienie okoliczności i przyczyn oraz wypracowanie zaleceń profilaktycznych, wskazanie winnych zdarzenia oraz rozpowszechnianie informacji dotyczącej zdarzeń;Wyjaśnienie okoliczności i przyczyn zdarzenia
2281;PL099-0002;Bezpośrednio po zajęciu miejsca w kabinie pilot statku powietrznego sprawdza:;Czy wszystkie przełączniki, dźwignie i urządzenia kontroli i sterowania znajdują się w położeniu określonym instrukcja użytkowania w locie;Czy wszystkie przełączniki, dźwignie i urządzenia kontroli i sterowania znajdują się w położeniu neutralnym;Czystość i porządek w kabinie;Czy wszystkie przełączniki, dźwignie i urządzenia kontroli i sterowania znajdują się w położeniu wyjściowym
2282;PL099-0003;Bezpośrednio przed wejściem do kabiny statku powietrznego pilot sprawdza:;Stan techniczny statku powietrznego wykonując przegląd przedlotowy;Warunki meteorologiczne do planowanego lotu;Zgodność listy pasażerów;Czy otrzymał zgodę na lot
2283;PL099-0004;Częstotliwość 121,500 jest przeznaczona do:;lotniczej łączności radiotelefonicznej w niebezpieczeństwie;łączności w niebezpieczeństwie dla telegrafii do odbioru słuchowego;łączności z lądem w akcjach poszukiwawczo - ratowniczych (SAR);łączności z tratwami ratunkowymi
2284;PL099-0005;Częstotliwość pomocnicza dla kanału 121.5 MHz to:;123.1 MHz;101,5 MHz;500 kHz;2128 kHz
2285;PL099-0006;Członek załogi statku powietrznego nie może spożywać alkoholu w okresie minimum:;24 godzin przed lotem;12 godzin przed lotem;36 godzin przed lotem;48 godzin przed lotem
2286;PL099-0007;Czy funkcjonariusz Policji może zażądać od pilota/załogi poddania się badaniu na obecność alkoholu we krwi po zaistnieniu wypadku lotniczego?;Tak;Nie;Tylko w obecności członków PKBWL;Tylko w obecności lekarza
2287;PL099-0008;Czy można wykonywać loty na statku powietrznym z napędem nad parkami narodowymi?;Tak, ale pod warunkiem wykonywania lotu na wysokości określonej przez państwowy organ zarządzania ruchem lotniczym;Tak, ale pod warunkiem wykonywania lotu na odpowiedniej wysokości;Zabrania się;Tak, po otrzymaniu zgody od właściwego organu ruchu lotniczego
2288;PL099-0009;Czy użytkownik może przystąpić do badania incydentu lotniczego?;Tak, ale po decyzji PKBWL i pod jej nadzorem;Tak;Nie;Tak, jeśli posiada do tego odpowiednie kwalifikacje
2289;PL099-0010;Czy użytkownik może przystąpić do badania wypadku lotniczego?;Nie;Tak;Tak, ale pod nadzorem PKBWL;Tak, ale po wyrażeniu zgody przez Prezesa ULC
2290;PL099-0011;Czy zderzenie statku powietrznego w locie z ptakiem jest incydentem lotniczym?;Tak, bez względu na konsekwencje;Nie, jeśli statek powietrzny nie został uszkodzony;Tak, jeśli statek powietrzny został uszkodzony;Tak, jeśli z tej przyczyny lot został przerwany
2291;PL099-0012;Do łączności między statkami morskimi a statkami powietrznymi, uczestniczącymi w akcjach poszukiwawczo - ratowniczych (SAR), przeznaczona jest częstotliwość:;156,3 MHz;121,5 MHz;128,825 MHz;123,450 MHz
2292;PL099-0013;Do prowadzenia lotniczej korespondencji radiowej niezbędne jest posiadanie:;świadectwa radiooperatora w służbie lotniczej;licencji członka personelu lotniczego;nie jest wymagane posiadanie żadnego dokumentu;obywatelstwa Rzeczypospolitej Polskiej
2293;PL099-0014;Do zestawu pierwszej pomocy powinien być dołączony:;podręcznik pierwszej pomocy i zestaw sygnałów zgodny z Aneksem 12 ICAO („ground-air visual signal code for use by survivors”);jedynie podręcznik pierwszej pomocy;podręcznik pierwszej pomocy i pełny tekst Aneksu 6 ICAO;Aneks 12 ICAO
2294;PL099-0015;Dowódca statku powietrznego powiadamia o nieprawidłowości pracy urządzeń naziemnych i nawigacyjnych:;Właściwą stację naziemną, tak szybko jak to jest możliwe;Właściwą stację naziemną, telefonicznie po lądowaniu;Właściwą stację naziemną, pisemnie po lądowaniu;Przełożonego lub najbliższy organ ruchu lotniczego
2295;PL099-0016;Dyrektywy Operacyjne, wydawane przez Prezesa ULC, zabraniające, ograniczające lub poddające działalność lotniczą określonym warunkom w interesie bezpieczeństwa lotów, są publikowane w:;Dzienniku Urzędowym Urzędu Lotnictwa Cywilnego;Dzienniku Ustaw;miesięczniku „Przegląd Lotniczy”;na stronach internetowych organizacji lotniczych
2296;PL099-0017;Gdy w czasie lotu rzeczywista ilość paliwa użytecznego w zbiornikach samolotu jest mniejsza od ostatecznej rezerwy paliwa, dowódca statku powietrznego powinien:;zgłosić sytuację awaryjną;zamówić paliwo na lotnisku lądowania;natychmiast lądować w terenie przygodnym;porozumieć się z przewoźnikiem lub dysponentem statku powietrznego
2297;PL099-0018;Lądowanie na spadochronie ratowniczym powinno odbywać się:;Z wiatrem;Pod wiatr;Bokiem do wiatru;Ustawienie ciała nie ma żadnego znaczenia
2298;PL099-0019;Spadochron ratowniczy otwierany jest za pomocą:;Uchwytu wyzwalającego;Liny otwierającej;Automatu spadochronowego;Ładunku pirotechnicznego
2299;PL099-0021;Jeżeli statek powietrzny jest wyposażony w nadajnik ratunkowy ELT, oznacza to:;że posiada lotniczy nadajnik ratowniczy SARSAT;że ma możliwość podejścia według MLS;że ma możliwość podejścia według TLS;że może korzystać z przestrzeni RVSM
2300;PL099-0022;Komu składa pisemny raport załoga statku powietrznego o fakcie niebezpiecznego zbliżenia w powietrzu?;Osobie wskazanej w instrukcji operacyjnej;PKBWL;Prezesowi ULC;Nie składa pisemnego raportu
2301;PL099-0023;Komunikat MAYDAY nadaje się w przypadku:;bezpośredniego zagrożenia życia załogi i pasażerów;konieczności zapewnienia pomocy medycznej;ogólnego niebezpieczeństwa dla ruchu lotniczego, zaobserwowania groźnych zjawisk itp;utraty łączności
2302;PL099-0024;Po lądowaniu, jeśli czasza ciągnie pilota po ziemi powinien on:;Zgasić czaszę za pomocą ściągania dolnych linek;Zgasić czaszę za pomocą ściągania górnych linek;Złapać się czegokolwiek;Nic nie robić, czasza opadnie sama
2303;PL099-0025;Kontrola ruchu lotniczego obowiązana jest prowadzić nasłuch korespondencji radiowej w niebezpieczeństwie na częstotliwości:;121,5 MHz;500 kHz;156.3 MHz;2182 kHz
2304;PL099-0026;Okres ważności ułożenia spadochronu ratowniczego wynosi;120 dni jeżeli jego instrukcja nie stanowi inaczej;30 dni;120 dni;180 dni
2305;PL099-0027;Plomba na spadochronie zawiera datę :;Ważności ułożenia spadochronu;ułożenia spadochronu;Produkcji spadochronu;wietrzenia spadochronu
2306;PL099-0028;Dopasowanie uprzęży spadochronu ratowniczego w tym dociągnięcie taśm udowych i piersiowej wykonujemy:;Najpóźniej przed startem statku powietrznego natomiast zapięcie taśm uprzęży przed zajęciem miejsca i zapięciem pasów;Bezpośrednio przed skokiem natomiast zapięcie taśm uprzęży po zajęciu miejsca w statku powietrznym i zapięciu pasów;Po zaistnieniu sytuacji w której konieczne jest wykonanie skoku ratowniczego;Po opuszczeniu statku powietrznego
2307;PL099-0029;Czy zawsze przed założeniem spadochronu ratowniczego konieczne jest przeprowadzenie kontroli?;Tak – sprawdzamy kartę spadochronu, plombę, właściwe zapięcie ściągaczy, położenie zawleczek zamykających oraz uchwytu;Nie – nie ma obowiązku kontroli jeżeli jest to kolejny lot a spadochron w statku powietrznym zostawili poprzedni piloci;Nie – nie ma obowiązku kontroli jeżeli spadochron pobrany jest bezpośrednio z magazynu lub od układacza;Tak-sprawdzamy ważność ułożenia spadochronu w metryce
2308;PL099-0030;Czy wskazane jest przed lotem zapoznanie się z właściwościami spadochronu który jest do dyspozycji?;Tak- szczególnie istotne informacje to minimalna wysokość skoku przy różnych prędkościach i różnych konfiguracjach lotu,maksymalne prędkości użycia i dopuszczalny ciężar pilota;Nie jest to konieczne - z każdym spadochronem można wyskoczyć z tej samej wysokości a na prędkość lotu nie mamy wpływu podczas sytuacji przymusowej;Nie jest to konieczne – wszystkie spadochrony zawsze otwierają się z wysokości nie mniejszej niż 100 m i mają zapewnić bezpieczeństwo dla każdego przeciętnego pilota w całym zakresie prędkości statku powietrznego;Tak – właściwości spadochronu mogą być inne przy rożnej wilgotności powietrza
2309;PL099-0031;Czy wysokość skoku ratowniczego jest zależna od prędkości lotu poziomego;Tak- spadochrony zawsze napełniają się zawsze na podobnym odcinku, niezależnie od prędkości. Przy większej prędkości poziomej napełnienie następuje w krótszym czasie - ma to bezpośredni związek z mniejszą utratą wysokości;Nie – spadochrony napełniają się zawsze na tym samym odcinku. Prędkość pozioma podczas otwarcia ma jedynie wpływ na czas otwarcia i przeciążenie;Nie –aby spadochron zaczął się poprawnie napełniać pilot i tak musi przejść do spadania pionowego;Tak – podczas większej prędkości pilot spada wolniej i spadochron zdąży otworzyć się wyżej
2310;PL099-0032;Który z wymienionych Aneksów Konwencji Chicagowskiej dotyczy badania wypadków i incydentów lotniczych;Aneks 13;Aneks 11;Aneks 12;Aneks 14
2311;PL099-0033;Lotniskowe pojazdy pożarnicze są malowane na kolor:;zielonożółty lub czerwony;pomarańczowy;biały;wyłącznie czerwony
2312;PL099-0034;Na użytkowanie samolotu poza ograniczeniami wyznaczonymi w głównym wykazie wyposażenia minimalnego (Master Minimum Equipment List - MMEL) może zezwolić:;nie można zezwolić;Prezes ULC;dowódca statku powietrznego;Minister Infrastruktury
2313;PL099-0035;O napotkanych w locie potencjalnych zagrożeniach bezpieczeństwa oraz zdarzeniach takich, jak nieprawidłowa praca urządzeń naziemnych lub nawigacyjnych, niezwykłe zjawiska pogody, dowódca statku powietrznego powinien powiadomić:;właściwą stację naziemną tak szybko, jak jest to praktycznie możliwe;organ kontroli ruchu lotniczego, po wylądowaniu;władze lokalne;Urząd Lotnictwa Cywilnego
2314;PL099-0036;O przerwaniu zadania w powietrzu decyduje:;Dowódca załogi;Załoga statku powietrznego;Służba ruchu lotniczego;Dowódca załogi w porozumieniu z załogą i kontrolerem ruchu lotniczego
2315;PL099-0037;O wyborze miejsca do lądowania awaryjnego w terenie decyduje:;Dowódca załogi;Załoga statku powietrznego;Służba ruchu lotniczego;Dowódca załogi w porozumieniu z załogą i kontrolerem ruchu lotniczego
2316;PL099-0038;Obecność materiałów promieniotwórczyc h na pokładzie cywilnego statku powietrznego jest dozwolona pod warunkiem:;że substancje te są niezbędne do działania istotnych systemów statku powietrznego;obecność substancji promieniotwórczych na pokładzie statku powietrznego jest bezwzględnie zabroniona;udzielenia stosownego zezwolenia przez Ministerstwo Ochrony Środowiska;właściwego opakowania i wyraźnego oznakowania substancji promieniotwórczej
2317;PL099-0039;Obowiązek bezpiecznej eksploatacji statku powietrznego nałożony jest na użytkowniku statku powietrznego w:;Prawie lotniczym;PL - 2;JAR-ach;PL - 6
2318;PL099-0040;Obowiązek zapewnienia, aby nikt nie ukrył osób lub ładunku na pokładzie statku powietrznego spoczywa na:;przewoźniku;dowódcy statku powietrznego;zarządcy lotniska;Straży Granicznej
2319;PL099-0041;Osoba naruszająca obowiązki w zakresie bezpiecznej eksploatacji statku powietrznego podlega karze:;grzywny;Pozbawienia wolności do lat 5;Pozbawienia wolności do 1 roku;Grzywny, karze ograniczenia wolności lub pozbawienia wolności do roku
2320;PL099-0042;Osobę zatrzymaną na pokładzie statku powietrznego podejrzaną o dokonanie przestępstwa przekazuje się:;Organom Policji lub Straży Granicznej;Służbie Więziennej;Straży Ochrony Lotniska;Funkcjonariuszom ABW
2321;PL099-0043;Ostateczna decyzja co do zezwolenia na wstęp do kabiny pilotów należy do:;dowódcy statku powietrznego;inspektora ULC, odpowiedzialnego za certyfikację, licencjonowanie lub nadzór bieżący;przedstawiciela przewoźnika;zarządcy lotniska
2322;PL099-0044;Paliwo lotnicze, przypadkowo rozlane przy tankowaniu, powinno zostać:;niezwłocznie zneutralizowane i usunięte;zostawione na podłożu do odparowania;zebrane, przefiltrowane i zużyte do celów gospodarczych;zlane do kanalizacji
2323;PL099-0045;Pierwszą czynnością załogi statku powietrznego po lądowaniu awaryjnym w terenie przygodnym i wystąpieniu pożaru jest:;Ugaszenie pożaru;Ratowanie rannych;Telefon do straży pożarnej;Oddalenie się na bezpieczną odległość
2324;PL099-0046;Pierwszą czynnością załogi statku powietrznego po lądowaniu awaryjnym w terenie przygodnym jest:;Ratowanie życia załogi i pasażerów;Ratowanie mienia i wyposażenia statku powietrznego;Powiadomienie przełożonego i/lub władzy lotniczej;Powiadomienie Policji
2325;PL099-0047;Pilot nie może przystąpić do wykonania lotu w znanych lub spodziewanych warunkach oblodzenia, jeżeli:;samolot nie będzie certyfikowany i wyposażony do zwalczenia takich warunków;nie ustanowiono procedury odladzania i przeciwdziałania oblodzeniu samolotu na ziemi;temperatura powietrza jest niższa niż 7°C;pada deszcz
2326;PL099-0048;Pilot statku powietrznego może palić tytoń w czasie lotu pod warunkiem:;palenie tytoniu nie jest dozwolone;utrzymania dobrej wentylacji kabiny;może palić tylko jedna osoba na raz;załoga jest jednoosobowa
2327;PL099-0049;Podczas lądowania na spadochronie pilot obserwuje:;Horyzont;Ziemię;Czaszę;Zamyka oczy
2328;PL099-0050;Po naruszeniu przepisów lotniczych w celu opanowania sytuacji zagrażającej bezpieczeństwu statku powietrznego dowódca statku powietrznego jest zobowiązany o tym powiadomić właściwy organ państwa, którego przepisy zostały naruszone i jeżeli przepisy tego wymagają złożyć organowi, który otrzymał zawiadomienie:;Pisemne sprawozdanie o zdarzeniu w ciągu 10 dni;Pisemne sprawozdanie o zdarzeniu w ciągu 14 dni;Ustne – telefoniczne sprawozdanie po lądowaniu w miejscu docelowym;Nie składa dodatkowych wyjaśnień
2329;PL099-0051;Po zderzeniu z ptakiem dowódca statku powietrznego składa meldunek:;pisemny;ustny;nie składa;składa meldunek ustny, jeśli statek powietrzny uległ jakiemukolwiek uszkodzeniu
2330;PL099-0052;Podatność na zatrucie tlenkiem węgla z niesprawnej instalacji grzewczej:;rośnie z wysokością lotu;maleje z wysokością lotu;rożnie z wilgotnością względną;rośnie z temperaturą punktu rosy
2331;PL099-0053;Podczas ręcznego przekręcania śmigła należy stać:;przed płaszczyzną obrotu śmigła;z boku, w płaszczyźnie obrotu śmigła;za śmigłem;obojętnie
2332;PL099-0054;Wyposażenie w spadochrony ratownicze zawsze obowiązuje przy wykonywaniu lotów:;Akrobacyjnych;Szkolnych;Przy przelotach na akwenami wodnymi;Z prędkością pow. 250 km/h
2333;PL099-0055;Podstawową międzynarodową częstotliwością do łączności telegraficznej ręcznej w niebezpieczeństwie jest:;500 kHz;121,5 MHz;2182 kHz;122,7 MHz
2334;PL099-0056;Odpięcie się od instalacji pokładowej:;jest pierwszą czynnością w celu opuszczenia pokładu;nie jest konieczne – po skoku sama się rozłączy;zawsze najpierw pasy – one nas najmocniej trzymają;następuje po zrzucie drzwi – jeżeli nie da się ich zrzucić po co ją odpinać
2335;PL099-0057;Pomiędzy przyjęciem środków psychotropowych przez pilota statku powietrznego a rozpoczęciem lotu powinno upłynąć:;pilot nie może przyjmować środków psychotropowych;6 godzin;12 godzin;24 godziny
2336;PL099-0058;Potwierdzeniem przyjęcia i zrozumienia przez pilota samolotu sygnału wizualnego, podawanego z miejsca wypadku nocą jest:;kilkakrotne włączenie i wyłączenie świateł lądowania lub nawigacyjnych;kilkakrotne przechylenie samolotu na boki;wystrzelenie zielonej rakiety;zrzucenie meldunku potwierdzającego
2337;PL099-0059;Potwierdzeniem przyjęcia i zrozumienia sygnału wizualnego, podawanego z miejsca wypadku, przez pilota samolotu jest:;kilkakrotne przechylenie samolotu na boki;wystrzelenie zielonej rakiety;włączenie smugaczy;zrzucenie meldunku potwierdzającego
2338;PL099-0060;Prędkość opadania na spadochronie wynosi;około 3-7 m/s;około 6-9 m/s;około 8 m/s;nie uzyska certyfikatu spadochron który opada z prędkością większą niż 4 m/s
2339;PL099-0061;Pożar instalacji elektrycznej statku powietrznego powinien być gaszony:;gaśnicą śniegową lub BCE;pianą gaśniczą;piaskiem;wodą
2340;PL099-0062;Przed przystąpieniem do startu dowódca statku powietrznego musi upewnić się na podstawie dostępnych mu informacji, że warunki meteorologiczne na lotnisku startu oraz stan planowanej do startu drogi startowej:;nie wpłyną ujemnie na bezpieczeństwo startu i odlotu;odpowiadają danym z AIP;są zgodne z podawanymi przez odpowiednie służby;jeśli organ kontroli ruchu lotniczego udziela zgody, dowódca statku powietrznego wykonuje start
2341;PL099-0063;Przekazanie (retranslacja) wywołania MAYDAY winna być poprzedzona zwrotem:;MAYDAY RELAY;SOS;PAN RELAY;SECURITE
2342;PL099-0064;Przepisy dotyczące sygnałów, stosowanych w akcjach poszukiwawczo - ratowniczych znajdują się w:;Aneksie 12 ICAO;Aneksie 6 ICAO;Aneksie 2 ICAO;AIP Polska, rozdz. ENR1 „Przepisy i Procedury Ogólne”
2343;PL099-0065;Przy dekompresji kabiny, połączonej z koniecznością użycia masek tlenowych, pilot lecący powinien założyć maskę tlenową w pierwszej kolejności:;sobie;pasażerom, o ile ci nie mogą sami założyć masek tlenowych;dowódcy statku powietrznego, o ile ten nie może sam założyć maski tlenowej;osobom nieprzytomnym, niepełnosprawnym i/lub dzieciom
2344;PL099-0066;Przy wykonywaniu symulowanego lotu bez widoczności pilot bezpieczeństwa powinien zajmować miejsce:;przy drugim zestawie urządzeń sterowych statku powietrznego;w miejscu zapewniającym najlepszą widoczność;w miejscu zapewniającym najlepszy nadzór nad czynnościami pilota prowadzącego statek powietrzny;w zasięgu wzroku pilota prowadzącego statek powietrzny
2345;PL099-0067;Raport o zdarzeniu w locie jest ważny jeśli:;Złoży go jeden członek załogi;Wszyscy członkowie załogi;Pilot;Zostanie zatwierdzony przez użytkownika
2346;PL099-0069;Statek powietrzny służby poszukiwania i ratownictwa lotniczego jest oznakowany następująco:;Napisem SAR;Napisem SOS;Krzyżem maltańskim;Czerwonym krzyżem na białym tle
2347;PL099-0070;Statek powietrzny, wymagający asysty statku morskiego i nie mogący nawiązać z nim łączności radiowej, powinien:;okrążyć statek morski co najmniej raz i przeciąć przedłużenie jego linii drogi na możliwie małej wysokości;przelecieć za rufą statku na małej wysokości;przelecieć wzdłuż lewej burty statku;cyklicznie zwiększać i zmniejszać wysokość lotu
2348;PL099-0071;Sygnał wizualny w kształcie litery X, podawany z miejsca wypadku lotniczego, oznacza:;żądanie pomocy medycznej;żądanie udzielenia informacji o własnej pozycji;żądanie zidentyfikowania statku powietrznego;odpowiedź negatywna
2349;PL099-0072;Symulowanie sytuacji nienormalnych lub awaryjnych, wymagających zastosowania części lub wszystkich procedur awaryjnych, są dozwolone w czasie lotów zarobkowego przewozu lotniczego pod warunkiem:;nie są dozwolone;że dowódca statku powietrznego dopilnuje bezpieczeństwa wykonywania lotu;że opracowano odpowiednie procedury postępowania i są one przestrzegane;że przeprowadzane symulacje nie naruszają Instrukcji Użytkowania statku powietrznego
2350;PL099-0073;Szczegółowe czynności dyspozytora lotniczego w przypadku zagrożenia bezpieczeństwa nadzorowanej przez dyspozytora operacji lotniczej, są opisane w:;Instrukcji Operacyjnej;AIP;ustawie „Prawo Lotnicze;rozporządzeniu Ministra Infrastruktury z dnia 3 września 2003, Dz.U. 165 poz. 1602
2351;PL099-0074;Transmisja radiowa dla radionamierzania ma priorytet wyższy niż wywołanie PAN- PAN:;nie;tak;tak, pod warunkiem że korespondencja odbywa się w języku angielskim;mają równy priorytet
2352;PL099-0075;Unieruchamianie lub wyłączanie w czasie lotu pokładowych rejestratorów rozmów w kabinie (Cockpit Voice Recorder - CVR) jest dozwolone, gdy:;dowódca statku powietrznego jest przekonany, że zapis powinien być zachowany jako materiał do dochodzenia w razie zdarzenia lub wypadku;dowódca statku powietrznego uzna to za stosowne;zapis zawiera treści naruszające dobre imię osób obecnych na pokładzie statku powietrznego;świadomość zapisu rozmów powoduje dyskomfort członków załogi
2353;PL099-0076;Uprawniony do usunięcia z pokładu statku powietrznego każdej osoby lub każdej części ładunku, która w jego opinii może stwarzać potencjalne zagrożenie dla bezpieczeństwa samolotu lub osób na nim się znajdujących jest:;dowódca statku powietrznego;przedstawiciel przewoźnika;każdy członek załogi lotniczej;zarządca lotniska
2354;PL099-0077;Usterki techniczne statku powietrznego odnotowuje się w:;pokładowym dzienniku technicznym statku powietrznego;książce obsługi;zeszycie prac obsługowych;dokumentacji technicznej statku powietrznego
2355;PL099-0078;Użycie środków odurzających na pokładzie statku powietrznego jest dozwolone pod warunkiem:;że jest niezbędne dla ratowania zdrowia lub życia;odbywa się poza kabiną załogi;odbywa się w wydzielonej części kabiny pasażerskiej;jest bezwzględnie zabronione
2356;PL099-0079;Użytkownik statku powietrznego, organ ruchu lotniczego, zarządzający lotniskiem są zobowiązani powiadomić PKBWL o zdarzeniu lotniczym w nieprzekraczalnym czasie:;72 godziny;48 godzin;24 godziny;96 godzin
2357;PL099-0080;W celu opanowania sytuacji zagrażającej bezpieczeństwu statku powietrznego:;Można naruszyć przepisy lotnicze;Nie można naruszać przepisów lotniczych;Można naruszyć przepisy lotnicze po konsultacji z członkami załogi;Wszystkie pozostałe odpowiedzi są nieprawidłowe
2358;PL099-0081;W instalacji elektrycznej samolotu za napięcie niebezpieczne dla życia uważa się:;110 V / 400 Hz;36 V / 400 Hz;27 V;każde
2359;PL099-0082;W jakich sytuacjach dowódca statku powietrznego może zobowiązać innych członków załogi do wykonywania czynności nie należących do ich normalnego zakresu obowiązków?;Kiedy należy zapewnić bezpieczeństwo lotu oraz bezpieczeństwo i porządek na pokładzie statku powietrznego;Kiedy z różnych powodów nie może wykonywać swoich obowiązków;W sytuacjach zagrażających bezpieczeństwu lotu;W sytuacjach szczególnych
2360;PL099-0083;W przypadku bezprawnej ingerencji na pokładzie statku powietrznego, pierwszym obowiązkiem członków załogi jest:;powiadomić o tym fakcie służby ruchu lotniczego;podjąć próbę siłowego odzyskania kontroli nad sytuacją;upewnić się czy instalacja tlenowa jest sprawna;wykonywać polecenia napastników
2361;PL099-0084;W przypadku konieczności opuszczenia statku powietrznego w powietrzu (np. z przyczyn technicznych), wyposażonego w radiostację pokładową pilot jest zobowiązany:;Zameldować do najbliższego organu ruchu lotniczego lub stanowiska kierowania lotami o miejscu opuszczenia;Nadać sygnał SOS i opuścić statek powietrzny;Opuścić statek powietrzny niezwłocznie;Wszystkie pozostałe odpowiedzi są nieprawidłowe
2362;PL099-0085;W przypadku obecności uzbrojonych funkcjonariuszy bezpieczeństwa na pokładzie przewożącego pasażerów statku powietrznego, o tym fakcie powinien być poinformowany:;dowódca statku powietrznego;przedstawiciel przewoźnika w porcie docelowym;Minister Obrony Narodowej;wszyscy obecni na pokładzie statku powietrznego
2363;PL099-0086;W przypadku podejrzenia bezprawnej ingerencji na pokładzie statku powietrznego służba ruchu lotniczego powiadamia o tym poprzez sieć łączności lotniczej VHF:;nie informuje o podejrzeniu za pośrednictwem łączności radiowej;powiadamia statki powietrzne znajdujące się najbliżej statku, co do którego istnieje takie podejrzenie;rządowe statki powietrzne;wszystkie statki powietrzne w sektorze odpowiedzialności danej służby ruchu lotniczego
2364;PL099-0087;W przypadku stwierdzenia przez załogę/dowódcę statku powietrznego zagrożenia bezpieczeństwa innego statku powietrznego należy:;Udzielić poszkodowanym lub znajdującym się w niebezpieczeństwie pomocy w zakresie, w jakim może to uczynić bez narażania na niebezpieczeństwo powierzonego mu statku powietrznego, pasażerów, załogi;Użyć wszelkich środków do udzielenia pomocy naruszając nawet przepisy lotnicze;Powiadomić odpowiednie służby lotnicze;Powiadomić odpowiednie służby lotnicze i działać według ich poleceń
2365;PL099-0088;W przypadku zaistnienia krytycznego niebezpieczeństwa dla życia załogi i pasażerów statku powietrznego należy w pierwszym rzędzie:;nadać wywołanie w niebezpieczeństwie wszystkimi dostępnymi środkami;poinformować pasażerów;zabezpieczyć przedmioty wartościowe;zadbać o bezpieczeństwo dowódcy statku powietrznego
2366;PL099-0089;W razie przypadkowego uruchomienia ELT należy:;niezwłocznie wyłączyć ELT i powiadomić o tym fakcie właściwe RCC lub służbę informacji lotniczej;wyłączyć ELT;zgłosić fakt mechanikowi gdy będzie to możliwe;powiadomić policję
2367;PL099-0090;W razie wypadku lotniczego użytkownik samolotu, na którym zabudowany jest rejestrator pokładowy, ma zabezpieczyć, tak dalece jak to jest możliwe, oryginalne zapisy tego rejestratora w stanie, w jakim je uzyskano, przez okres:;60 dni lub do czasu otrzymania innych poleceń od władzy prowadzącej dochodzenie;30 dni;60 dni lub do czasu otrzymania innych poleceń od władzy prowadzącej dochodzenie;120 dni
2368;PL099-0091;W trakcie wykonywania lotu pilot statku powietrznego powinien mieć zapięte pasy w czasie:;podczas startu i lądowania oraz zawsze, kiedy dowódca uzna to za konieczne;przez cały czas trwania lotu;w czasie startu i lądowania;występowania turbulencji
2369;PL099-0092;Za bezpieczeństwo lotu od startu do lądowania odpowiada:;Dowódca załogi;Załoga statku powietrznego;Kontroler Ruchu Lotniczego;Inspektor bezpieczeństwa lotów
2370;PL099-0093;Za kompletność i dostępność całego pokładowego wyposażenia awaryjnego odpowiada:;dowódca statku powietrznego;przewoźnik lub dysponent statku powietrznego;obsługa techniczna w miejscu startu;pion bezpieczeństwa lotniczego ULC
2371;PL099-0094;Za sprawdzenie przed lotem ważności dopuszczenia do użytku wysokościomierza jest odpowiedzialny:;dowódca statku powietrznego;inspektor kontroli cywilnych statków powietrznych;właściciel statku powietrznego;kierownik obsługi startowej
2372;PL099-0095;Za właściwą ilość paliwa zatankowanego do lotu odpowiada:;Dowódca załogi;Obsługa techniczna;Obsługa lotniskowa;Drugi pilot
2373;PL099-0096;Za zapewnienie, aby wszyscy członkowie załogi lotniczej mogli porozumiewać się we wspólnym języku jest odpowiedzialny:;przewoźnik lub dysponent statku powietrznego;dowódca statku powietrznego;Urząd Lotnictwa Cywilnego;Departament Kadr Ministerstwa Infrastruktury
2374;PL099-0097;Zabrudzenie skóry rąk płynem z instalacji hydraulicznej należy usunąć:;wodą z mydłem lub detergentem;benzyną lotniczą;alkoholem;benzyną ekstrakcyjną
2375;PL099-0098;Załoga statku powietrznego ma obowiązek zapinania wszystkich pasów bezpieczeństwa i uprzęży:;Do startu i lądowania oraz w sytuacjach, kiedy dowódca statku powietrznego uzna to za konieczne;Na polecenie dowódcy załogi statku powietrznego;Do startu i do lądowania;Tylko do lądowania
2376;PL099-0099;Zestawy pierwszej pomocy powinny być umieszczone:;tak, by były łatwo dostępne dla wszystkich członków załogi i pasażerów;w kabinie załogi;w części kadłuba najmniej narażonej na uszkodzenie;w zamkniętej kasetce w dyspozycji dowódcy statku powietrznego
2377;PL099-0100;Zrzut np. wiązanki kwiatów ze statku powietrznego podczas dowolnej uroczystości jest:;Zabroniony;Dozwolony, za zgodą władz lotniczych;Dozwolony;Dozwolony, jeśli zachowane są warunki bezpieczeństwa
2378;PL099-0101;Zrzut obiektów lub substancji z pokładu statku powietrznego jest dozwolony w przypadku:;podjęcia działań, zapewniających zabezpieczenie życia osób i mienia w rejonie zrzutu;tylko w niebezpieczeństwie;uzyskania pisemnej zgody władz terenowych;uzyskania zgody władz lotniczych
2379;PL100-0025;Pierwszą czynnością załogi statku powietrznego po lądowaniu awaryjnym w terenie przygodnym i wystąpieniu pożaru zagrażającemu życiu lub zdrowiu pasażerów lub członków załogi jest:;Ugaszenie pożaru;Ratowanie rannych;Telefon do straży pożarnej;Oddalenie się na bezpieczną odległość
2380;PL100-0026;Po zderzeniu z ptakiem dowódca statku powietrznego, po wylądowaniu, składa meldunek:;pisemny;ustny;nie składa;składa meldunek ustny, jeśli statek powietrzny uległ jakiemukolwiek uszkodzeniu
2381;PL100-0028;Załoga statku powietrznego ma obowiązek zapinania wszystkich pasów bezpieczeństwa i uprzęży:;Do startu i lądowania oraz w sytuacjach, kiedy dowódca statku powietrznego uzna to za konieczne;Na polecenie dowódcy załogi statku powietrznego;Do startu i do lądowania;Tylko do lądowania
2382;PL100-0029;Bezpośrednio przed wejściem do kabiny statku powietrznego pilot sprawdza:;Stan techniczny statku powietrznego wykonując przegląd przedlotowy;Warunki meteorologiczne do planowanego lotu;Zgodność listy pasażerów;Czy otrzymał zgodę na lot
2383;PL100-0030;W przypadku konieczności opuszczenia statku powietrznego w powietrzu (np. z przyczyn technicznych), wyposażonego w radiostację pokładową pilot jest zobowiązany:;Zameldować do najbliższego organu ruchu lotniczego lub stanowiska kierowania lotami o miejscu opuszczenia;Nadać sygnał SOS i opuścić statek powietrzny;Opuścić statek powietrzny niezwłocznie;Wszystkie pozostałe odpowiedzi są nieprawidłowe
2384;PL100-0031;Bezpośrednio po zajęciu miejsca w kabinie pilot statku powietrznego sprawdza:;Czy wszystkie przełączniki, dźwignie i urządzenia kontroli i sterowania znajdują się w położeniu określonym instrukcja użytkowania w locie;Czy wszystkie przełączniki, dźwignie i urządzenia kontroli i sterowania znajdują się w położeniu neutralnym;Czystość i porządek w kabinie;Czy wszystkie przełączniki, dźwignie i urządzenia kontroli i sterowania znajdują się w położeniu wyjściowym
2385;PL100-0032;W jakich sytuacjach dowódca statku powietrznego może zobowiązać innych członków załogi do wykonywania czynności nie należących do ich normalnego zakresu obowiązków?;Kiedy należy zapewnić bezpieczeństwo lotu oraz bezpieczeństwo i porządek na pokładzie statku powietrznego;Kiedy z różnych powodów nie może wykonywać swoich obowiązków;W sytuacjach zagrażających bezpieczeństwu lotu;W sytuacjach szczególnych
2386;PL100-0033;Statek powietrzny służby poszukiwania i ratownictwa lotniczego jest oznakowany następująco:;Napisem SAR;Napisem SOS;Krzyżem maltańskim;Czerwonym krzyżem na białym tle
2387;PL100-0035;Dowódca statku powietrznego powiadamia o nieprawidłowości pracy urządzeń naziemnych i nawigacyjnych:;Właściwą stację naziemną, tak szybko jak to jest możliwe;Właściwą stację naziemną, telefonicznie po lądowaniu;Właściwą stację naziemną, pisemnie po lądowaniu;Przełożonego lub najbliższy organ ruchu lotniczego
2388;PL100-0037;Członek załogi statku powietrznego nie może spożywać alkoholu w okresie minimum:;24 godzin przed lotem;12 godzin przed lotem;36 godzin przed lotem;48 godzin przed lotem
2389;PL100-0038;Raport o zdarzeniu w locie jest ważny jeśli:;Złoży go jeden członek załogi;złożą go wszyscy członkowie załogi;złoży do pilot;Zostanie zatwierdzony przez użytkownika
2390;PL100-0040;W celu opanowania sytuacji zagrażającej bezpieczeństwu statku powietrznego:;Można naruszyć przepisy lotnicze;Nie można naruszać przepisów lotniczych;Można naruszyć przepisy lotnicze po konsultacji z członkami załogi;Wszystkie podane odpowiedzi są nieprawidłowe
2391;PL100-0041;Po naruszeniu przepisów lotniczych w celu opanowania sytuacji zagrażającej bezpieczeństwu statku powietrznego dowódca statku powietrznego jest zobowiązany o tym powiadomić właściwy organ państwa, którego przepisy zostały naruszone i jeżeli przepisy tego wymagają złożyć organowi, który otrzymał zawiadomienie:;Pisemne sprawozdanie o zdarzeniu w ciągu 10 dni;Pisemne sprawozdanie o zdarzeniu w ciągu 14 dni;Ustne – telefoniczne sprawozdanie po lądowaniu w miejscu docelowym;Nie składa dodatkowych wyjaśnień
2392;PL100-0042;Osobę zatrzymaną na pokładzie statku powietrznego podejrzaną o dokonanie przestępstwa przekazuje się:;Organom Policji lub Straży Granicznej;Służbie Więziennej;Straży Ochrony Lotniska;Funkcjonariuszom ABW
2393;PL100-0043;Obowiązek bezpiecznej eksploatacji statku powietrznego nałożony jest na użytkowniku statku powietrznego w:;Prawie lotniczym;PL - 2;JAR-ach;PL - 6
2394;PL100-0044;Osoba naruszająca obowiązki w zakresie bezpiecznej eksploatacji statku powietrznego podlega karze:;grzywny;Pozbawienia wolności do lat 5;Pozbawienia wolności do 1 roku;Grzywny, karze ograniczenia wolności lub pozbawienia wolności do roku
2395;PL100-0045;Zrzut np. wiązanki kwiatów ze statku powietrznego podczas dowolnej uroczystości jest:;Zabroniony;Dozwolony, za zgodą władz lotniczych;Dozwolony;Dozwolony, jeśli zachowane są warunki bezpieczeństwa
2396;PL100-0046;W przypadku stwierdzenia przez załogę/dowódcę statku powietrznego zagrożenia bezpieczeństwa innego statku powietrznego należy:;Udzielić poszkodowanym lub znajdującym się w niebezpieczeństwie pomocy w zakresie, w jakim może to uczynić bez narażania na niebezpieczeństwo powierzonego mu statku powietrznego, pasażerów, załogi;Użyć wszelkich środków do udzielenia pomocy naruszając nawet przepisy lotnicze;Powiadomić odpowiednie służby lotnicze;Powiadomić odpowiednie służby lotnicze i działać według ich poleceń
2397;PL100-0047;Za bezpieczeństwo lotu od startu do lądowania odpowiada:;Dowódca załogi;Załoga statku powietrznego;Kontroler Ruchu Lotniczego;Inspektor bezpieczeństwa lotów
2398;PL100-0048;O wyborze miejsca do lądowania awaryjnego w terenie decyduje:;Dowódca załogi;Załoga statku powietrznego;Służba ruchu lotniczego;Dowódca załogi w porozumieniu z załogą i kontrolerem ruchu lotniczego
2399;PL100-0049;O przerwaniu zadania w powietrzu decyduje:;Dowódca załogi;Załoga statku powietrznego;Służba ruchu lotniczego;Dowódca załogi w porozumieniu z załogą i kontrolerem ruchu lotniczego
2400;PL100-0050;Komu składa pisemny raport załoga statku powietrznego o fakcie niebezpiecznego zbliżenia w powietrzu?;Osobie wskazanej w instrukcji operacyjnej;PKBWL;Prezesowi ULC;Nie składa pisemnego raportu
2401;PL100-0051;Czy funkcjonariusz Policji może zażądać od pilota/załogi poddania się badaniu na obecność alkoholu we krwi po zaistnieniu wypadku lotniczego?;Tak;Nie;Tylko w obecności członków PKBWL;Tylko w obecności lekarza
2402;PL100-0056;Do prowadzenia lotniczej korespondencji radiowej niezbędne jest posiadanie:;świadectwa radiooperatora w służbie lotniczej;licencji członka personelu lotniczego;nie jest wymagane posiadanie żadnego dokumentu;obywatelstwa Rzeczypospolitej Polskiej
2403;PL100-0057;Transmisja radiowa dla radionamierzania ma priorytet wyższy niż wywołanie PAN- PAN:;nie;tak;tak, pod warunkiem że korespondencja odbywa się w języku angielskim;mają równy priorytet
2404;PL100-0058;Podstawową międzynarodową częstotliwością do łączności telegraficznej ręcznej w niebezpieczeństwie jest:;500 kHz;121,5 MHz;2182 kHz;122,7 MHz
2405;PL100-0059;Kontrola ruchu lotniczego obowiązana jest prowadzić nasłuch korespondencji radiowej w niebezpieczeństwie na częstotliwości:;121,5 MHz;500 kHz;156.3 MHz;2182 kHz
2406;PL100-0060;Częstotliwość pomocnicza dla kanału 121.5 MHz to:;123.1 MHz;101,5 MHz;500 kHz;2128 kHz
2407;PL100-0061;Do łączności między statkami morskimi a statkami powietrznymi, uczestniczącymi w akcjach poszukiwawczo - ratowniczych (SAR), przeznaczona jest częstotliwość:;156,3 MHz;121,5 MHz;128,825 MHz;123,450 MHz
2408;PL100-0062;Częstotliwość 121,500 jest przeznaczona do:;lotniczej łączności radiotelefonicznej w niebezpieczeństwie;łączności w niebezpieczeństwie dla telegrafii do odbioru słuchowego;łączności z lądem w akcjach poszukiwawczo - ratowniczych (SAR);łączności z tratwami ratunkowymi
2409;PL100-0063;Za sprawdzenie przed lotem ważności dopuszczenia do użytku wysokościomierza jest odpowiedzialny:;dowódca statku powietrznego;inspektor kontroli cywilnych statków powietrznych;właściciel statku powietrznego;kierownik obsługi startowej
2410;PL100-0064;Sprawdzenia obecności i kompletności środków pierwszej pomocy na pokładzie statku powietrznego dokonuje:;dowódca statku powietrznego;dowolna osoba;lekarz wojewódzki;dowolny członek personelu lotniczego
2411;PL100-0065;Za kompletność i dostępność całego pokładowego wyposażenia awaryjnego odpowiada:;dowódca statku powietrznego;przewoźnik lub dysponent statku powietrznego;obsługa techniczna w miejscu startu;pion bezpieczeństwa lotniczego ULC
2412;PL100-0066;Zestawy pierwszej pomocy powinny być umieszczone:;tak, by były łatwo dostępne dla wszystkich członków załogi i pasażerów;w kabinie załogi;w części kadłuba najmniej narażonej na uszkodzenie;w zamkniętej kasetce w dyspozycji dowódcy statku powietrznego
2413;PL100-0067;Do zestawu pierwszej pomocy powinien być dołączony:;podręcznik pierwszej pomocy i zestaw sygnałów zgodny z Aneksem 12 ICAO („ground-air visual signal code for use by survivors”);jedynie podręcznik pierwszej pomocy;podręcznik pierwszej pomocy i pełny tekst Aneksu 6 ICAO;Aneks 12 ICAO
2414;PL100-0068;Przepisy dotyczące sygnałów, stosowanych w akcjach poszukiwawczo - ratowniczych znajdują się w:;Aneksie 12 ICAO;Aneksie 6 ICAO;Aneksie 2 ICAO;AIP Polska, rozdz. ENR1 „Przepisy i Procedury Ogólne”
2415;PL100-0069;Komunikat MAYDAY nadaje się w przypadku:;bezpośredniego zagrożenia życia załogi i pasażerów;konieczności zapewnienia pomocy medycznej;ogólnego niebezpieczeństwa dla ruchu lotniczego, zaobserwowania groźnych zjawisk itp;utraty łączności
2416;PL100-0070;Potwierdzeniem przyjęcia i zrozumienia sygnału wizualnego, podawanego z miejsca wypadku, przez pilota samolotu jest:;kilkakrotne przechylenie samolotu na boki;wystrzelenie zielonej rakiety;włączenie smugaczy;zrzucenie meldunku potwierdzającego
2417;PL100-0071;Potwierdzeniem przyjęcia i zrozumienia przez pilota samolotu sygnału wizualnego, podawanego z miejsca wypadku nocą jest:;kilkakrotne włączenie i wyłączenie świateł lądowania lub nawigacyjnych;kilkakrotne przechylenie samolotu na boki;wystrzelenie zielonej rakiety;zrzucenie meldunku potwierdzającego
2418;PL100-0072;Sygnał wizualny w kształcie litery X, podawany z miejsca wypadku lotniczego, oznacza:;żądanie pomocy medycznej;żądanie udzielenia informacji o własnej pozycji;żądanie zidentyfikowania statku powietrznego;odpowiedź negatywna
2419;PL100-0074;Za zapewnienie, aby wszyscy członkowie załogi lotniczej mogli porozumiewać się we wspólnym języku jest odpowiedzialny:;przewoźnik lub dysponent statku powietrznego;dowódca statku powietrznego;Urząd Lotnictwa Cywilnego;Departament Kadr Ministerstwa Infrastruktury
2420;PL100-0075;O napotkanych w locie potencjalnych zagrożeniach bezpieczeństwa oraz zdarzeniach takich, jak nieprawidłowa praca urządzeń naziemnych lub nawigacyjnych, niezwykłe zjawiska pogody, dowódca statku powietrznego powinien powiadomić:;właściwą stację naziemną tak szybko, jak jest to praktycznie możliwe;organ kontroli ruchu lotniczego, po wylądowaniu;władze lokalne;Urząd Lotnictwa Cywilnego
2421;PL100-0094;Przed lądowaniem przy silnym wietrze pilot powinien poinstruować pasażerów w następujący sposób:;przykucnąć, naprężyć mięśnie, silnie przytrzymać się uchwytów wewnątrz kosza i pozostać w koszu dopóki pilot nie pozwoli go opuścić;klęknąć na podłodze kosza tyłem do kierunku lotu;przykucnąć na podłodze kosza i wyskoczyć z niego niezwłocznie po pierwszym kontakcie balonu z ziemią;przykucnąć na podłodze kosza i wyskoczyć z niego tuż przed zetknięciem balonu z ziemią, nie wyżej jednak niż z wysokości 1 metra
2422;PL100-0095;Jakie środki ostrożności należy podjąć w przypadku konieczności lądowania w termice?;ląduj na środku możliwie największego wolnego pola;ląduj blisko brzegu pierwszego możliwego do osiągnięcia jeziora;ląduj w lesie, gałęzie zamortyzują zwiększone opadanie;nie ma potrzeby zachowywania dodatkowych środków ostrożności
2423;PL100-0096;W jaki sposób powinien być sprawdzany układ paliwowy pod względem przecieków przed startem?;sprawdzić czy nie słychać wycieku gazu oraz czy nie czuć jego woni;sprawdzić wszystkie połączenia otwartym ogniem;nanieść na wszystkie połączenia wodę z dodatkiem mydła;przed startem nie dokonuje się kontroli układu paliwowego pod względem przecieków
2424;PL100-0097;Postępowanie pilota w przypadku przekroczenia dopuszczalnej temperatury powietrza w powłoce:;obniżyć wysokość lotu, a jeżeli temperatura w powłoce nadal jest za wysoka, lądować tak szybko jak to możliwe;Utrzymywać wysokość lotu, ale odciążyć balon przez wyrzucenie za burtę części wyposażenia;Kontynuować lot, ale przy użyciu jedynie palników cichych;Zwiększyć wysokość lotu, ponieważ wyżej jest niższa temperatura powietrza i zmniejszy to temperaturę w powłoce
2425;PL100-0098;Postępowanie pilota w przypadku niespodziewanego napotkania zmiany pogody, gdy nagła zmiana kierunku wiatru wskazuje na oddziaływanie chmur burzowych:;natychmiast lądować;obniżyć wysokość lotu tak bardzo jak to możliwe;wznieść się na wysokość gwarantującą ominięcie przeszkód we wszystkich kierunkach;kontynuować lot na czele frontu burzy
2426;PL100-0099;Dlaczego butli paliwowych nie wolno tankować w zamkniętych przyczepach lub samochodach?;propan jest 1,5 razy cięższy od powietrza i będzie zalegał na podłodze przyczepy lub samochodu;pary propanu są bezwonne i mogą spowodować niespodziewane zatrucie obsługi;propan jest bardzo zimny i może spowodować uszkodzenia przyczepy lub samochodu;pary propanu są żrące i mogą spowodować uszkodzenia przyczepy lub samochodu
2427;PL100-0100;Gdy w czasie lotu na połączeniu zaworu głównego butli i przewodu paliwowego tworzy się szron lub lód wskazuje to na:;przeciek gazu na tym złączu;dużą zawartość wody w propanie;zbyt duże ciśnienie gazu w butli;zbyt dużą wysokość lotu
2428;PL100-0102;Postępowanie pilota w przypadku zablokowania zaworu palnika w pozycji otwartej:;reguluje wielkość płomienia przy pomocy zaworu butli paliwowej, ląduje tak szybko jak to możliwe;natychmiast zamyka dopływ paliwa i wykonuje twarde lądowanie;otwiera klapę spadochronową tak, aby skompensować nadmierne podgrzewanie;demontuje zawór palnika
2429;PL100-0103;W przypadku, gdy kolizja z linią wysokiego napięcia jest nieunikniona, należy:;Zamknąć zawory butli, opróżnić przewody paliwowe. Obniżyć wysokość lotu tak, aby zetknięcie z przewodami nastąpiło powłoką, a nie koszem;Włączyć palnik na pracę ciągłą i wyskoczyć z kosza przed zetknięciem z przewodami;Zmienić wysokość lotu tak, aby zetknięcie z przewodami nastąpiło koszem, a nie powłoką;Odepchnąć balon rękami od przewodów
2430;PL100-0104;Przygotowanie do twardego lądowania (duża prędkość opadania) obejmuje:;Przyjęcie niskiej pozycji z ugiętymi kolanami, napiętymi rękami i mocnym chwytem za uchwyty lub kołnierze butli wewnątrz kosza;Stanięcie w pozycji wyprostowanej z prostymi kolanami i chwytem za zewnętrzne elementy kosza;Wyskoczenie z kosza przed przyziemieniem;Wyskoczenie z kosza zaraz po pierwszym zetknięciu się kosza z ziemią
2431;PL100-0105;Postępowanie pilota w przypadku awarii płomieni pilotowych;Zamknąć dopływ paliwa zaworem butli, otworzyć jeden z zaworów palnika (główny albo pilotowy), częściowo otworzyć zawór butli, zapalić gaz wydobywający się z dyszy (dysz). Regulować wysokość lotu częściowo zamykając i otwierając zawór butli;Nie podejmować innych czynności poza przygotowaniem do twardego lądowania z dużą prędkością poziomą;Zamknąć wszystkie zawory palnika i butli, wysokość lotu balonu kontrolować poprzez wyrzucanie z kosza zbędnego wyposażenia;Wykorzystać płomień cichego palnika z częściowo tylko otwartym zaworem jako płomień pilotowy i kontynuować zaplanowany lot
2432;PL100-0106;Postępowanie pilota w przypadku pożaru w powietrzu;Zamknąć zawory butli i palnika, ugasić pożar przy pomocy gaśnicy, określić przyczynę pożaru i zdecydować czy możliwe jest ponowne zapalenie palnika. Jeśli nie to wykonać twarde lądowanie;Otworzyć klapę spadochronową, aby skompensować nadmierne podgrzewanie powietrza;Ugasić płomień przy pomocy gaśnicy i zlokalizować uszkodzenie obserwując wyciekający gaz;Zamknąć zawory butli i poczekać, aż pożar sam się ugasi, następnie ponownie zapalić palnik
2433;PL100-0107;Postępowanie pilota w przypadku uszkodzenia powłoki w czasie lotu;Częściej używaj palnika, aby uzupełnić utraconą siłę nośną i utrzymać stałą prędkość opadania, jeżeli to konieczne wyrzuć za burtę balast w postaci zbędnego wyposażenia;Otworzyć klapę spadochronową, aby zmniejszyć wypływ gorącego powietrza w uszkodzonym miejscu;Do utrzymania lotu poziomego używaj cichego palnika, gdyż tylko on jest on wystarczająco wydajny w takiej sytuacji;Nie podejmuje się żadnej szczególnej procedury w takiej sytuacji
2434;PL100-0108;Podczas napełniania balonu, przed uruchomieniem palnika, powłokę powinno napełnić się zimnym powietrzem w granicach:;50% – 75 %;10 - 15%;95 - 100%;10 - 25%
2435;PL100-0110;Kontrole balonu przed napełnianiem obejmują:;Poprawność montażu balonu, ilość paliwa szczelność złącz, sprawdzenie warunków atmosferycznych, włączenie i ustawienie przyrządów pokładowych, mocowanie liny i szybkiego wyczepu, ubiór i instruktaż załogi naziemnej;sprawdzenie warunków atmosferycznych, włączenie i ustawienie przyrządów pokładowych, mocowanie liny i szybkiego wyczepu, ubiór i instruktaż załogi naziemniej;Tylko poprawność montażu balonu,;Przed napełnianiem balonu nie przeprowadza się żadnych kontroli
2436;PL100-0111;Lot balonem w śladzie aerodynamicznym samolotu:;Może powodować zakłócenia w locie balonu, a nawet jego uszkodzenie;Nie może powodować żadnych zakłóceń lotu balonu;Może spowodować błędy wskazań przyrządów pokładowych;Może spowodować jedynie chorobę lokomocyjną załogi balonu
2437;PL100-0112;Do chmur, które powodują bardzo groźne konsekwencje dla lotu balonem zaliczamy:;Cumulonimbus;Stratusy;Nimbostratus;Cirrus
2438;PL100-0114;Lot balonem w opadzie deszczu powoduje:;Zwiększenie zużycia gazu;Zmniejszenie zużycia gazu;Nie powoduje zmiany zużycia ilości gazu;Zmniejszenia zużycia gazu ale dopiero po co najmniej 45 minutach lotu w opadzie deszczu
2439;PL100-0115;Zrzut skoczków lub lotni w czasie lotu spowoduje:;Wznoszenie balonu lub zmniejszenie prędkości opadania;Opadanie balonu przy wzroście temperatury w powłoce;Nie spowoduje żadnych zmian w torze lotu balonu;Zwiększenie prędkości postępowej balonu
2440;PL100-0116;Gwałtowne odciążenie balonu w czasie lotu (np. przy zrzucie skoczków lub lotni) prowadzące do przekroczenia maksymalnej prędkości wznoszenia grozi:;Wgnieceniem klapy spadochronowej do powłoki, a w skrajnych przypadkach zerwaniem linek centralizujących klapę;Niekontrolowanym wzrostem prędkości postępowej balonu i zmianą kierunku lotu;Nie grozi żadnymi konsekwencjami poza zwiększeniem wysokości lotu;Spadkiem ciśnienia gazu w instalacji paliwowej
2441;PL100-0117;Procedury kontroli przed startem balonu obejmują sprawdzenie:;Powłoki – w tym kontrola klapy spadochronowej i dołączenie liny klapy, zespołu kosza, palnika – w tym płomieni pilotowych, paliwa, wyposażenia – w tym mapy, dodatkowe źródło ognia, przyrządy pokładowe, załadowanie balonu (temperatura w powłoce);Działania klapy spadochronowej i palnika;Nie stosuje się żadnej procedury kontroli przed startem balonu;Działania klapy spadochronowej i palnika oraz sprawdzenia szczelności połączeń instalacji paliwowej za pomocą specjalnej piany lub wody z mydlinami
2442;PL100-0118;Podejście do lądowania powinno odbywać się;w terenie wolnym od przeszkód, szczególnie w linii lotu;W kierunku na przeszkodę (np. linię elektryczną), ułatwi ona zatrzymanie balonu;Nie stosuje się żadnych reguł w doborze miejsc do lądowania;Po nawietrznej stronie jezior, lądowanie w wodzie najlepiej amortyzuje wstrząs przy lądowaniu
2443;PL100-0119;Wentyli obrotowych używa się głównie w celu;Ustawienia kosza przy lądowaniu dłuższym bokiem prostopadle do kierunku lotu;Ustawienia kosza przy lądowaniu krótszym bokiem prostopadle do kierunku lotu;Ustawienia kosza przy lądowaniu skośnie do kierunku lotu;Tylko w celu lepszej ekspozycji napisów reklamowych
2444;PL100-0120;Przed wykonaniem manewru do lądowania pilot balonu powinien:;Upewnić się, że teren nadaje się do lądowania, na torze lotu nie znajdują się przeszkody, posiada odpowiednią ilość paliwa w używanej butli na przerwanie lądowania, awaryjne wznoszenie i ponowne podejście do lądowania w innym miejscu;Pobrać komunikat meteorologiczny, sprawdzić obliczenie ciężaru startowego i szczelność połączeń instalacji paliwowej;Uzyskać od służb ruchu lotniczego zezwolenie na lądowanie w terenie nie będącym lotniskiem ani lądowiskiem;Nastawić wysokościomierz wg ciśnienia standard, pobrać komunikat meteorologiczny, obliczyć ciężar startowy i uzyskać od służb ruchu lotniczego zezwolenie na lądowanie poza lotniskiem lub lądowiskiem
2445;PL100-0121;Turbulencji występującej w śladzie aerodynamicznym za samolotem należy się spodziewać:;Z wiatrem, poniżej toru lotu tego samolotu;Pod wiatr, powyżej toru lotu tego samolotu;Z wiatrem powyżej toru lotu tego samolotu;Pod wiatr poniżej toru lotu tego samolotu
2446;PL100-0122;Jeżeli do zwiększenia ciśnienia gazu w butlach paliwowych użyto azotu, to należy go wypuścić z butli:;Niezwłocznie po lądowaniu;Jeśli temperatura wzrośnie o 10 0C w porównaniu z temperaturą w której tankowaliśmy butle;Jeśli temperatura spadnie o 10 0C w porównaniu z temperaturą w której tankowaliśmy butle;Nie ma potrzeby wypuszczania azotu z butli
2447;PL100-0123;Jeśli do zasilania płomieni pilotowych używany jest gaz w postaci lotnej (gazowej), to po położeniu kosza (przed postawieniem balonu) reduktory ciśnienia na butlach paliwowych muszą znajdować się z pozycji:;Górnej – tak, aby znajdowały się powyżej poziomu ciekłego gazu w butli;Dolnej – tak, aby znajdowały się poniżej poziomu ciekłego gazu w butli;Bocznej lub dolnej – ale tak, aby znajdowały się poniżej poziomu ciekłego gazu w butli;Położenie reduktorów ciśnienia na butlach względem poziomu gazu nie ma znaczenia
2448;PL100-0126;Załoga statku powietrznego ma obowiązek zapinania wszystkich pasów bezpieczeństwa i uprzęży:;Do startu i lądowania oraz w sytuacjach kiedy dowódca statku powietrznego uzna to za konieczne;Tylko na polecenie dowódcy załogi statku powietrznego;Do startu i do lądowania;Tylko do lądowania
2449;PL100-0127;Bezpośrednio przed wejściem do kabiny statku powietrznego pilot sprawdza:;Stan techniczny statku powietrznego wykonując przegląd przedstartowy;Warunki meteorologiczne do planowanego lotu;Zgodność listy pasażerów;Czy otrzymał zgodę na lot
2450;PL100-0128;W przypadku konieczności opuszczenia statku powietrznego w powietrzu (np. z przyczyn technicznych), wyposażonego w radiostację pokładową pilot jest zobowiązany:;Jeżeli czas pozwala zameldować do najbliższego organu ruchu lotniczego lub stanowiska kierowania lotami o miejscu opuszczenia;Nadać sygnał SOS i opuścić statek powietrzny;Opuścić statek powietrzny niezwłocznie;Wszystkie pozostałe odpowiedzi są nieprawidłowe
2451;PL100-0130;W jakich sytuacjach dowódca statku powietrznego może zobowiązać innych członków załogi do wykonywania czynności nie należących do ich normalnego zakresu obowiązków?;Kiedy należy zapewnić bezpieczeństwo lotu oraz bezpieczeństwo i porządek na pokładzie statku powietrznego;Kiedy z różnych powodów nie może wykonywać swoich obowiązków;W sytuacjach zagrażających bezpieczeństwu lotu;W sytuacjach szczególnych
2452;PL100-0131;Statek powietrzny służby poszukiwania i ratownictwa lotniczego jest oznakowany następująco:;Napisem SAR;Napisem SOS;Krzyżem maltańskim;Czerwonym krzyżem na białym tle
2453;PL100-0132;Czy można wykonywać loty na statku powietrznym z napędem nad parkami narodowymi?;Tak, ale pod warunkiem wykonywania lotu na wysokości określonej przez państwowy organ zarządzania ruchem lotniczym;Tak, ale pod warunkiem wykonywania lotu na małej wysokości;Zabrania się;Tak, po otrzymaniu zgody od właściwego organu ruchu lotniczego
2454;PL100-0133;Dowódca statku powietrznego powiadamia o nieprawidłowości pracy urządzeń naziemnych i nawigacyjnych:;Właściwą stację naziemną, tak szybko jak to jest możliwe;Właściwą stację naziemną, telefonicznie po lądowaniu;Właściwą stację naziemną, pisemnie po lądowaniu;Przełożonego lub najbliższy organ ruchu lotniczego
2455;PL100-0134;Członek załogi statku powietrznego nie może spożywać alkoholu w okresie minimum:;24 godzin przed lotem;12 godzin przed lotem;36 godzin przed lotem;48 godzin przed lotem
2456;PL100-0137;Po naruszeniu przepisów lotniczych w celu opanowania sytuacji zagrażającej bezpieczeństwu statku powietrznego dowódca statku powietrznego jest zobowiązany o tym powiadomić właściwy organ państwa, którego przepisy zostały naruszone i jeżeli przepisy tego wymagają dodatkowo złożyć organowi, który otrzymał zawiadomienie:;Pisemne sprawozdanie o zdarzeniu w ciągu 10 dni;Pisemne sprawozdanie o zdarzeniu w ciągu 14 dni;Ustne – telefoniczne sprawozdanie po lądowaniu w miejscu docelowym;Nie składa dodatkowych wyjaśnień
2457;PL100-0143;Za bezpieczeństwo lotu od startu do lądowania odpowiada:;Dowódca statku powietrznego;Załoga statku powietrznego;Kontroler Ruchu Lotniczego;Inspektor bezpieczeństwa lotów
2458;PL100-0144;O wyborze miejsca do lądowania awaryjnego w terenie decyduje:;Dowódca statku powietrznego;Załoga statku powietrznego;Służba ruchu lotniczego;Dowódca załogi w porozumieniu z załogą i kontrolerem ruchu lotniczego
2459;PL100-0145;O przerwaniu zadania w powietrzu decyduje:;Dowódca statku powietrznego;Załoga statku powietrznego;Służba ruchu lotniczego;Dowódca załogi w porozumieniu z załogą i kontrolerem ruchu lotniczego
2460;PL100-0150;Kontrola ruchu lotniczego oraz samoloty komunikacyjne obowiązane są do prowadzenia nasłuchu korespondencji radiowej w niebezpieczeństwie na częstotliwości:;121,5 MHz;500 kHz;156.3 MHz;2182 kHz
2461;PL100-0152;Częstotliwość 121,500 jest przeznaczona do:;lotniczej łączności radiotelefonicznej w niebezpieczeństwie;łączności w niebezpieczeństwie dla telegrafii do odbioru słuchowego;łączności z lądem w akcjach poszukiwawczo - ratowniczych (SAR);łączności z tratwami ratunkowymi
2462;PL100-0154;Za kompletność i dostępność całego pokładowego wyposażenia awaryjnego odpowiada:;dowódca statku powietrznego;przewoźnik lub dysponent statku powietrznego;obsługa techniczna w miejscu startu;pion bezpieczeństwa lotniczego ULC
2463;PL100-0155;Komunikat MAYDAY nadaje się w przypadku:;bezpośredniego zagrożenia życia załogi i pasażerów;konieczności zapewnienia pomocy medycznej;ogólnego niebezpieczeństwa dla ruchu lotniczego, zaobserwowania groźnych zjawisk itp;utraty łączności
2464;PL102-0017;Załoga statku powietrznego ma obowiązek zapinania wszystkich pasów bezpieczeństwa i uprzęży:;Do startu i lądowania oraz w sytuacjach, kiedy dowódca statku powietrznego uzna to za konieczne;Na polecenie dowódcy załogi statku powietrznego;Do startu i do lądowania;Tylko do lądowania
2465;PL102-0020;Bezpośrednio po zajęciu miejsca w kabinie pilot statku powietrznego sprawdza:;Czy wszystkie przełączniki, dźwignie i urządzenia kontroli i sterowania znajdują się w położeniu określonym instrukcją użytkowania w locie;Czy wszystkie przełączniki, dźwignie i urządzenia kontroli i sterowania znajdują się w położeniu neutralnym;Czystość i porządek w kabinie;Czy wszystkie przełączniki, dźwignie i urządzenia kontroli i sterowania znajdują się w położeniu wyjściowym
2466;PL102-0021;W jakich sytuacjach dowódca statku powietrznego może zobowiązać innych członków załogi do wykonywania czynności nie należących do ich normalnego zakresu obowiązków?;Kiedy należy zapewnić bezpieczeństwo lotu oraz bezpieczeństwo i porządek na pokładzie statku powietrznego;Kiedy z różnych powodów nie może wykonywać swoich obowiązków;W sytuacjach zagrażających bezpieczeństwu lotu;W sytuacjach szczególnych
2467;PL102-0024;Dowódca statku powietrznego powiadamia o nieprawidłowości pracy urządzeń naziemnych i nawigacyjnych:;Właściwą stację naziemną, tak szybko jak to jest możliwe;Właściwą stację naziemną, telefonicznie po lądowaniu;Właściwą stację naziemną, pisemnie po lądowaniu;Przełożonego lub najbliższy organ ruchu lotniczego
2468;PL102-0031;Osobę zatrzymaną na pokładzie statku powietrznego podejrzaną o dokonanie przestępstwa przekazuje się:;Organom Policji lub Straży Granicznej;Służbie Więziennej;Straży Ochrony Lotniska;Funkcjonariuszom ABW
2469;PL102-0034;Zrzut np. wiązanki kwiatów ze statku powietrznego podczas dowolnej uroczystości jest:;Zabroniony;Dozwolony, za zgodą władz lotniczych;Dozwolony;Dozwolony, jeśli zachowane są warunki bezpieczeństwa
2470;PL102-0035;W przypadku stwierdzenia przez załogę/dowódcę statku powietrznego zagrożenia bezpieczeństwa innego statku powietrznego należy:;Udzielić poszkodowanym lub znajdującym się w niebezpieczeństwie pomocy w zakresie, w jakim może to uczynić bez narażania na niebezpieczeństwo powierzonego mu statku powietrznego, pasażerów, załogi;Użyć wszelkich środków do udzielenia pomocy naruszając nawet przepisy lotnicze;Powiadomić odpowiednie służby lotnicze;Powiadomić odpowiednie służby lotnicze i działać według ich poleceń
2471;PL102-0039;Komu składa pisemny raport załoga statku powietrznego o fakcie niebezpiecznego zbliżenia w powietrzu?;Osobie wskazanej w instrukcji operacyjnej;PKBWL;Prezesowi ULC;Nie składa pisemnego raportu
2472;PL102-0045;Do prowadzenia lotniczej korespondencji radiowej niezbędne jest posiadanie:;świadectwa radiooperatora w służbie lotniczej;licencji członka personelu lotniczego;nie jest wymagane posiadanie żadnego dokumentu;obywatelstwa Rzeczypospolitej Polskiej
2473;PL102-0046;Transmisja radiowa dla radionamierzania ma priorytet wyższy niż wywołanie PAN- PAN:;nie;tak;tak, pod warunkiem że korespondencja odbywa się w języku angielskim;mają równy priorytet
2474;PL102-0047;Podstawową międzynarodową częstotliwością do łączności telegraficznej ręcznej w niebezpieczeństwie jest:;500 kHz;121,5 MHz;2182 kHz;122,7 MHz
2475;PL102-0048;Kontrola ruchu lotniczego obowiązana jest prowadzić nasłuch korespondencji radiowej w niebezpieczeństwie na częstotliwości:;121,5 MHz;500 kHz;156.3 MHz;2182 kHz
2476;PL102-0049;Częstotliwość pomocnicza dla kanału 121.5 MHz to:;123.1 MHz;101,5 MHz;500 kHz;2128 kHz
2477;PL102-0050;Do łączności między statkami morskimi a statkami powietrznymi, uczestniczącymi w akcjach poszukiwawczo - ratowniczych (SAR), przeznaczona jest częstotliwość:;156,3 MHz;121,5 MHz;128,825 MHz;123,450 MHz
2478;PL102-0051;Częstotliwość 121,500 jest przeznaczona do:;lotniczej łączności radiotelefonicznej w niebezpieczeństwie;łączności w niebezpieczeństwie dla telegrafii do odbioru słuchowego;łączności z lądem w akcjach poszukiwawczo - ratowniczych (SAR);łączności z tratwami ratunkowymi
2479;PL102-0052;Za sprawdzenie przed lotem ważności dopuszczenia do użytku wysokościomierza jest odpowiedzialny:;dowódca statku powietrznego;inspektor kontroli cywilnych statków powietrznych;właściciel statku powietrznego;kierownik obsługi startowej
2480;PL102-0053;Sprawdzenia obecności i kompletności środków pierwszej pomocy na pokładzie statku powietrznego dokonuje:;dowódca statku powietrznego;dowolna osoba;lekarz wojewódzki;dowolny członek personelu lotniczego
2481;PL102-0054;Za kompletność i dostępność całego pokładowego wyposażenia awaryjnego odpowiada:;dowódca statku powietrznego;przewoźnik lub dysponent statku powietrznego;obsługa techniczna w miejscu startu;pion bezpieczeństwa lotniczego ULC
2482;PL102-0055;Zestawy pierwszej pomocy powinny być umieszczone:;tak, by były łatwo dostępne dla wszystkich członków załogi i pasażerów;w kabinie załogi;w części kadłuba najmniej narażonej na uszkodzenie;w zamkniętej kasetce w dyspozycji dowódcy statku powietrznego
2483;PL102-0056;Do zestawu pierwszej pomocy powinien być dołączony:;podręcznik pierwszej pomocy i zestaw sygnałów zgodny z Aneksem 12 ICAO („ground-air visual signal code for use by survivors”);jedynie podręcznik pierwszej pomocy;podręcznik pierwszej pomocy i pełny tekst Aneksu 6 ICAO;Aneks 12 ICAO
2484;PL102-0057;Przepisy dotyczące sygnałów, stosowanych w akcjach poszukiwawczo - ratowniczych znajdują się w:;Aneksie 12 ICAO;Aneksie 6 ICAO;Aneksie 2 ICAO;AIP Polska, rozdz. ENR1 „Przepisy i Procedury Ogólne”
2485;PL102-0061;Sygnał wizualny w kształcie litery X, podawany z miejsca wypadku lotniczego, oznacza:;żądanie pomocy medycznej;żądanie udzielenia informacji o własnej pozycji;żądanie zidentyfikowania statku powietrznego;odpowiedź negatywna
2486;PL102-0063;Za zapewnienie, aby wszyscy członkowie załogi lotniczej mogli porozumiewać się we wspólnym języku jest odpowiedzialny:;przewoźnik lub dysponent statku powietrznego;dowódca statku powietrznego;Urząd Lotnictwa Cywilnego;Departament Kadr Ministerstwa Infrastruktury
2487;PL102-0064;O napotkanych w locie potencjalnych zagrożeniach bezpieczeństwa oraz zdarzeniach takich, jak nieprawidłowa praca urządzeń naziemnych lub nawigacyjnych, niezwykłe zjawiska pogody, dowódca statku powietrznego powinien powiadomić:;właściwą stację naziemną tak szybko, jak jest to praktycznie możliwe;organ kontroli ruchu lotniczego, po wylądowaniu;władze lokalne;Urząd Lotnictwa Cywilnego
